timestamp,source,symbol,alert_type,price,buy_zone_low,buy_zone_high,sell_zone_low,sell_zone_high,stoploss,position_qty,position_avg_price,decision_mode,market_regime,reason,message
2026-05-17 17:57:55,V19.2 POSITION,EIB,THOÁT VỊ THẾ,21.85,,,,,22.018,1100.0,23.09,UNKNOWN,UNKNOWN,CHẠM STOP THÔNG MINH; stop chính: MA20 Stop; ưu tiên bảo vệ vốn,🔴 <b>[V19.2 POSITION]</b> <b>EIB</b>  <b>KẾT LUẬN:</b> <b>THOÁT VỊ THẾ</b>  <b>DỄ HIỂU:</b> Bán thoát vị thế nếu đã đủ T+2.5 <b>LÝ DO:</b> CHẠM STOP THÔNG MINH; stop chính: MA20 Stop; ưu tiên bảo vệ vốn  <b>Vị thế:</b> Giá vốn: <b>23.09</b> Giá hiện tại: <b>21.85</b> Lãi/lỗ: <b>-5.37%</b> Tỷ trọng: <b>0.0%</b>  <b>Stop thông minh:</b> Stop đề xuất: <b>22.018</b> Loại stop: <b>MA20 Stop</b> Trend: <b>DƯỚI MA20</b>  <b>T+2.5:</b> Bán được chưa: <b>CÓ</b> Ngày dự kiến bán được: <b>2026-05-14</b> Ghi chú: Đã đủ điều kiện bán theo T+2.5  <b>Upstream Risk:</b> Final: <b>UNKNOWN</b> | Mode: <b>UNKNOWN</b> Meta Allocation: <b>0.0%</b> | Meta Exposure: <b>0.0</b>  Time: 2026-05-17 17:57:55
2026-05-18 07:43:52,V19.2 POSITION,EIB,THOÁT VỊ THẾ,21.85,,,,,22.018,1100.0,23.09,UNKNOWN,UNKNOWN,CHẠM STOP THÔNG MINH; stop chính: MA20 Stop; ưu tiên bảo vệ vốn,🔴 <b>[V19.2 POSITION]</b> <b>EIB</b>  <b>KẾT LUẬN:</b> <b>THOÁT VỊ THẾ</b>  <b>DỄ HIỂU:</b> Bán thoát vị thế nếu đã đủ T+2.5 <b>LÝ DO:</b> CHẠM STOP THÔNG MINH; stop chính: MA20 Stop; ưu tiên bảo vệ vốn  <b>Vị thế:</b> Giá vốn: <b>23.09</b> Giá hiện tại: <b>21.85</b> Lãi/lỗ: <b>-5.37%</b> Tỷ trọng: <b>0.0%</b>  <b>Stop thông minh:</b> Stop đề xuất: <b>22.018</b> Loại stop: <b>MA20 Stop</b> Trend: <b>DƯỚI MA20</b>  <b>T+2.5:</b> Bán được chưa: <b>CÓ</b> Ngày dự kiến bán được: <b>2026-05-14</b> Ghi chú: Đã đủ điều kiện bán theo T+2.5  <b>Upstream Risk:</b> Final: <b>UNKNOWN</b> | Mode: <b>UNKNOWN</b> Meta Allocation: <b>0.0%</b> | Meta Exposure: <b>0.0</b>  Time: 2026-05-18 07:43:52
2026-05-18 09:33:42,V19.2 POSITION,EIB,THOÁT VỊ THẾ,21.85,,,,,22.018,1100.0,23.09,UNKNOWN,UNKNOWN,CHẠM STOP THÔNG MINH; stop chính: MA20 Stop; ưu tiên bảo vệ vốn,🔴 <b>[V19.2 POSITION]</b> <b>EIB</b>  <b>KẾT LUẬN:</b> <b>THOÁT VỊ THẾ</b>  <b>DỄ HIỂU:</b> Bán thoát vị thế nếu đã đủ T+2.5 <b>LÝ DO:</b> CHẠM STOP THÔNG MINH; stop chính: MA20 Stop; ưu tiên bảo vệ vốn  <b>Vị thế:</b> Giá vốn: <b>23.09</b> Giá hiện tại: <b>21.85</b> Lãi/lỗ: <b>-5.37%</b> Tỷ trọng: <b>0.0%</b>  <b>Stop thông minh:</b> Stop đề xuất: <b>22.018</b> Loại stop: <b>MA20 Stop</b> Trend: <b>DƯỚI MA20</b>  <b>T+2.5:</b> Bán được chưa: <b>CÓ</b> Ngày dự kiến bán được: <b>2026-05-14</b> Ghi chú: Đã đủ điều kiện bán theo T+2.5  <b>Upstream Risk:</b> Final: <b>UNKNOWN</b> | Mode: <b>UNKNOWN</b> Meta Allocation: <b>0.0%</b> | Meta Exposure: <b>0.0</b>  Time: 2026-05-18 09:33:41
2026-05-18 09:33:45,V19.2 POSITION,BFC,THOÁT VỊ THẾ,62.7,,,,,63.929,500.0,66.44,UNKNOWN,UNKNOWN,CHẠM STOP THÔNG MINH; stop chính: MA20 Stop; ưu tiên bảo vệ vốn,🔴 <b>[V19.2 POSITION]</b> <b>BFC</b>  <b>KẾT LUẬN:</b> <b>THOÁT VỊ THẾ</b>  <b>DỄ HIỂU:</b> Bán thoát vị thế nếu đã đủ T+2.5 <b>LÝ DO:</b> CHẠM STOP THÔNG MINH; stop chính: MA20 Stop; ưu tiên bảo vệ vốn  <b>Vị thế:</b> Giá vốn: <b>66.44</b> Giá hiện tại: <b>62.7</b> Lãi/lỗ: <b>-5.629%</b> Tỷ trọng: <b>0.0%</b>  <b>Stop thông minh:</b> Stop đề xuất: <b>63.929</b> Loại stop: <b>MA20 Stop</b> Trend: <b>DƯỚI MA20</b>  <b>T+2.5:</b> Bán được chưa: <b>CÓ</b> Ngày dự kiến bán được: <b>2026-05-14</b> Ghi chú: Đã đủ điều kiện bán theo T+2.5  <b>Upstream Risk:</b> Final: <b>UNKNOWN</b> | Mode: <b>UNKNOWN</b> Meta Allocation: <b>0.0%</b> | Meta Exposure: <b>0.0</b>  Time: 2026-05-18 09:33:45
2026-05-18 10:06:39,V19.2 POSITION,EIB,THOÁT VỊ THẾ,21.85,,,,,22.018,1100.0,23.09,UNKNOWN,UNKNOWN,CHẠM STOP THÔNG MINH; stop chính: MA20 Stop; ưu tiên bảo vệ vốn,🔴 <b>[V19.2 POSITION]</b> <b>EIB</b>  <b>KẾT LUẬN:</b> <b>THOÁT VỊ THẾ</b>  <b>DỄ HIỂU:</b> Bán thoát vị thế nếu đã đủ T+2.5 <b>LÝ DO:</b> CHẠM STOP THÔNG MINH; stop chính: MA20 Stop; ưu tiên bảo vệ vốn  <b>Vị thế:</b> Giá vốn: <b>23.09</b> Giá hiện tại: <b>21.85</b> Lãi/lỗ: <b>-5.37%</b> Tỷ trọng: <b>0.0%</b>  <b>Stop thông minh:</b> Stop đề xuất: <b>22.018</b> Loại stop: <b>MA20 Stop</b> Trend: <b>DƯỚI MA20</b>  <b>T+2.5:</b> Bán được chưa: <b>CÓ</b> Ngày dự kiến bán được: <b>2026-05-14</b> Ghi chú: Đã đủ điều kiện bán theo T+2.5  <b>Upstream Risk:</b> Final: <b>UNKNOWN</b> | Mode: <b>UNKNOWN</b> Meta Allocation: <b>0.0%</b> | Meta Exposure: <b>0.0</b>  Time: 2026-05-18 10:06:39
2026-05-18 10:06:43,V19.2 POSITION,BFC,THOÁT VỊ THẾ,62.7,,,,,63.929,500.0,66.44,UNKNOWN,UNKNOWN,CHẠM STOP THÔNG MINH; stop chính: MA20 Stop; ưu tiên bảo vệ vốn,🔴 <b>[V19.2 POSITION]</b> <b>BFC</b>  <b>KẾT LUẬN:</b> <b>THOÁT VỊ THẾ</b>  <b>DỄ HIỂU:</b> Bán thoát vị thế nếu đã đủ T+2.5 <b>LÝ DO:</b> CHẠM STOP THÔNG MINH; stop chính: MA20 Stop; ưu tiên bảo vệ vốn  <b>Vị thế:</b> Giá vốn: <b>66.44</b> Giá hiện tại: <b>62.7</b> Lãi/lỗ: <b>-5.629%</b> Tỷ trọng: <b>0.0%</b>  <b>Stop thông minh:</b> Stop đề xuất: <b>63.929</b> Loại stop: <b>MA20 Stop</b> Trend: <b>DƯỚI MA20</b>  <b>T+2.5:</b> Bán được chưa: <b>CÓ</b> Ngày dự kiến bán được: <b>2026-05-14</b> Ghi chú: Đã đủ điều kiện bán theo T+2.5  <b>Upstream Risk:</b> Final: <b>UNKNOWN</b> | Mode: <b>UNKNOWN</b> Meta Allocation: <b>0.0%</b> | Meta Exposure: <b>0.0</b>  Time: 2026-05-18 10:06:43
2026-05-18 10:39:38,V19.2 POSITION,EIB,THOÁT VỊ THẾ,21.85,,,,,22.018,1100.0,23.09,UNKNOWN,UNKNOWN,CHẠM STOP THÔNG MINH; stop chính: MA20 Stop; ưu tiên bảo vệ vốn,🔴 <b>[V19.2 POSITION]</b> <b>EIB</b>  <b>KẾT LUẬN:</b> <b>THOÁT VỊ THẾ</b>  <b>DỄ HIỂU:</b> Bán thoát vị thế nếu đã đủ T+2.5 <b>LÝ DO:</b> CHẠM STOP THÔNG MINH; stop chính: MA20 Stop; ưu tiên bảo vệ vốn  <b>Vị thế:</b> Giá vốn: <b>23.09</b> Giá hiện tại: <b>21.85</b> Lãi/lỗ: <b>-5.37%</b> Tỷ trọng: <b>0.0%</b>  <b>Stop thông minh:</b> Stop đề xuất: <b>22.018</b> Loại stop: <b>MA20 Stop</b> Trend: <b>DƯỚI MA20</b>  <b>T+2.5:</b> Bán được chưa: <b>CÓ</b> Ngày dự kiến bán được: <b>2026-05-14</b> Ghi chú: Đã đủ điều kiện bán theo T+2.5  <b>Upstream Risk:</b> Final: <b>UNKNOWN</b> | Mode: <b>UNKNOWN</b> Meta Allocation: <b>0.0%</b> | Meta Exposure: <b>0.0</b>  Time: 2026-05-18 10:39:37
2026-05-18 10:46:19,V18.2 ENTRY,HNG,🟢 PULLBACK VÙNG MUA,7.7,7.49,7.71,,,7.37,,,LEGACY WATCH MODE,UNKNOWN,❌ Volume yếu | ✅ Giá không quá xa VWAP | ✅ Giá nằm trong vùng mua,⚪ <b>HNG</b> — <b>🟢 PULLBACK VÙNG MUA</b>  <b>KẾT LUẬN:</b> <b>WATCH</b>  <b>ĐỘ TIN CẬY:</b> <b>LOW</b> <b>SIZE GỢI Ý:</b> <b>0% - chỉ quan sát</b>  <b>3 LÝ DO CHÍNH:</b> ❌ Volume yếu ✅ Giá không quá xa VWAP ✅ Giá nằm trong vùng mua  <b>Risk Gate:</b> Final: <b>WATCHLIST</b> | Mode: <b>LEGACY WATCH MODE</b> Meta Allocation: <b>1.00%</b> | Meta Exposure: <b>0.0000</b>  <b>Execution:</b> Quality: <b>TRUNG TÍNH</b> | Score: <b>45</b> Giá: <b>7.70</b> VWAP: <b>7.69</b> Volume ratio: <b>0.04</b> Biến động intraday: <b>1.32%</b> Buy zone: 7.49 - 7.71 Stoploss: 7.37 Cooldown: <b>30 phút</b>  <b>V20.2 Context Filter:</b> Action: <b>KEEP</b> Penalty: <b>10</b> Lý do: Volume yếu 0.04x Time: 2026-05-18 10:46:18
2026-05-18 10:52:33,V18.2 ENTRY,PVT,⚠️ VƯỢT BUY ZONE QUÁ XA + VWAP OK,25.35,23.69,24.41,,,23.33,,,LEGACY WATCH MODE,UNKNOWN,✅ Volume mạnh | ✅ Giá không quá xa VWAP | ⚠ Tăng quá nóng intraday,⚪ <b>PVT</b> — <b>⚠️ VƯỢT BUY ZONE QUÁ XA + VWAP OK</b>  <b>KẾT LUẬN:</b> <b>WATCH</b>  <b>ĐỘ TIN CẬY:</b> <b>LOW</b> <b>SIZE GỢI Ý:</b> <b>0% - chỉ quan sát</b>  <b>3 LÝ DO CHÍNH:</b> ✅ Volume mạnh ✅ Giá không quá xa VWAP ⚠ Tăng quá nóng intraday  <b>Risk Gate:</b> Final: <b>WATCHLIST</b> | Mode: <b>LEGACY WATCH MODE</b> Meta Allocation: <b>1.00%</b> | Meta Exposure: <b>0.0000</b>  <b>Execution:</b> Quality: <b>TRUNG TÍNH</b> | Score: <b>45</b> Giá: <b>25.35</b> VWAP: <b>25.30</b> Volume ratio: <b>2.39</b> Biến động intraday: <b>5.41%</b> Buy zone: 23.69 - 24.41 Stoploss: 23.33 Cooldown: <b>30 phút</b>  <b>V20.2 Context Filter:</b> Action: <b>KEEP</b> Penalty: <b>0</b> Lý do:  Time: 2026-05-18 10:52:32
2026-05-18 10:55:42,V18.2 ENTRY,GVR,🟢 PULLBACK VÙNG MUA,38.0,37.18,38.32,,,36.62,,,LEGACY WATCH MODE,UNKNOWN,✅ Volume chấp nhận được | ✅ Giá không quá xa VWAP,⚪ <b>GVR</b> — <b>🟢 PULLBACK VÙNG MUA</b>  <b>KẾT LUẬN:</b> <b>WATCH</b>  <b>ĐỘ TIN CẬY:</b> <b>MEDIUM</b> <b>SIZE GỢI Ý:</b> <b>0% - chỉ quan sát</b>  <b>3 LÝ DO CHÍNH:</b> ✅ Volume chấp nhận được ✅ Giá không quá xa VWAP  <b>Risk Gate:</b> Final: <b>WATCHLIST</b> | Mode: <b>LEGACY WATCH MODE</b> Meta Allocation: <b>1.00%</b> | Meta Exposure: <b>0.0000</b>  <b>Execution:</b> Quality: <b>KHÁ</b> | Score: <b>65</b> Giá: <b>38.00</b> VWAP: <b>37.87</b> Volume ratio: <b>1.79</b> Biến động intraday: <b>0.66%</b> Buy zone: 37.18 - 38.32 Stoploss: 36.62 Cooldown: <b>30 phút</b>  <b>V20.2 Context Filter:</b> Action: <b>KEEP</b> Penalty: <b>0</b> Lý do:  Time: 2026-05-18 10:55:42
2026-05-18 10:58:51,V18.2 ENTRY,MWG,⚠️ INTRADAY WEAKNESS + VWAP OK,79.8,80.77,83.23,,,79.54,,,LEGACY WATCH MODE,UNKNOWN,❌ Volume yếu | ❌ Yếu hơn giá tham chiếu | ✅ Giá không quá xa VWAP,🔴 <b>MWG</b> — <b>⚠️ INTRADAY WEAKNESS + VWAP OK</b>  <b>KẾT LUẬN:</b> <b>KHÔNG VÀO</b>  <b>ĐỘ TIN CẬY:</b> <b>HIGH</b> <b>SIZE GỢI Ý:</b> <b>0%</b>  <b>3 LÝ DO CHÍNH:</b> ❌ Volume yếu ❌ Yếu hơn giá tham chiếu ✅ Giá không quá xa VWAP  <b>Risk Gate:</b> Final: <b>WATCHLIST</b> | Mode: <b>LEGACY WATCH MODE</b> Meta Allocation: <b>1.00%</b> | Meta Exposure: <b>0.0000</b>  <b>Execution:</b> Quality: <b>YẾU</b> | Score: <b>20</b> Giá: <b>79.80</b> VWAP: <b>79.77</b> Volume ratio: <b>0.38</b> Biến động intraday: <b>-2.68%</b> Buy zone: 80.77 - 83.23 Stoploss: 79.54 Cooldown: <b>45 phút</b>  <b>V20.2 Context Filter:</b> Action: <b>KEEP</b> Penalty: <b>10</b> Lý do: Volume yếu 0.38x Time: 2026-05-18 10:58:50
2026-05-18 11:05:05,V18.2 ENTRY,GAS,🟡 INTRADAY MOMENTUM + VWAP OK,92.2,88.06,90.74,,,86.72,,,LEGACY WATCH MODE,UNKNOWN,✅ Volume mạnh | ✅ Giá không quá xa VWAP | ⚠ Tăng quá nóng intraday | ⚠ V20.2 hạ từ WATCH xuống KHÔNG VÀO: Volume spike 5.56x,🔴 <b>GAS</b> — <b>🟡 INTRADAY MOMENTUM + VWAP OK</b>  <b>KẾT LUẬN:</b> <b>KHÔNG VÀO</b>  <b>ĐỘ TIN CẬY:</b> <b>LOW</b> <b>SIZE GỢI Ý:</b> <b>0% - chỉ quan sát</b>  <b>3 LÝ DO CHÍNH:</b> ✅ Volume mạnh ✅ Giá không quá xa VWAP ⚠ Tăng quá nóng intraday ⚠ V20.2 hạ từ WATCH xuống KHÔNG VÀO: Volume spike 5.56x  <b>Risk Gate:</b> Final: <b>WATCHLIST</b> | Mode: <b>LEGACY WATCH MODE</b> Meta Allocation: <b>1.00%</b> | Meta Exposure: <b>0.0000</b>  <b>Execution:</b> Quality: <b>TRUNG TÍNH</b> | Score: <b>45</b> Giá: <b>92.20</b> VWAP: <b>91.97</b> Volume ratio: <b>5.56</b> Biến động intraday: <b>3.13%</b> Buy zone: 88.06 - 90.74 Stoploss: 86.72 Cooldown: <b>30 phút</b>  <b>V20.2 Context Filter:</b> Action: <b>DOWNGRADE_ONE</b> Penalty: <b>25</b> Lý do: Volume spike 5.56x Time: 2026-05-18 11:05:04
2026-05-18 10:39:42,V19.2 POSITION,BFC,THOÁT VỊ THẾ,62.7,,,,,63.929,500.0,66.44,UNKNOWN,UNKNOWN,CHẠM STOP THÔNG MINH; stop chính: MA20 Stop; ưu tiên bảo vệ vốn,🔴 <b>[V19.2 POSITION]</b> <b>BFC</b>  <b>KẾT LUẬN:</b> <b>THOÁT VỊ THẾ</b>  <b>DỄ HIỂU:</b> Bán thoát vị thế nếu đã đủ T+2.5 <b>LÝ DO:</b> CHẠM STOP THÔNG MINH; stop chính: MA20 Stop; ưu tiên bảo vệ vốn  <b>Vị thế:</b> Giá vốn: <b>66.44</b> Giá hiện tại: <b>62.7</b> Lãi/lỗ: <b>-5.629%</b> Tỷ trọng: <b>0.0%</b>  <b>Stop thông minh:</b> Stop đề xuất: <b>63.929</b> Loại stop: <b>MA20 Stop</b> Trend: <b>DƯỚI MA20</b>  <b>T+2.5:</b> Bán được chưa: <b>CÓ</b> Ngày dự kiến bán được: <b>2026-05-14</b> Ghi chú: Đã đủ điều kiện bán theo T+2.5  <b>Upstream Risk:</b> Final: <b>UNKNOWN</b> | Mode: <b>UNKNOWN</b> Meta Allocation: <b>0.0%</b> | Meta Exposure: <b>0.0</b>  Time: 2026-05-18 10:39:41
2026-05-18 11:12:39,V19.2 POSITION,EIB,THOÁT VỊ THẾ,21.85,,,,,22.018,1100.0,23.09,UNKNOWN,UNKNOWN,CHẠM STOP THÔNG MINH; stop chính: MA20 Stop; ưu tiên bảo vệ vốn,🔴 <b>[V19.2 POSITION]</b> <b>EIB</b>  <b>KẾT LUẬN:</b> <b>THOÁT VỊ THẾ</b>  <b>DỄ HIỂU:</b> Bán thoát vị thế nếu đã đủ T+2.5 <b>LÝ DO:</b> CHẠM STOP THÔNG MINH; stop chính: MA20 Stop; ưu tiên bảo vệ vốn  <b>Vị thế:</b> Giá vốn: <b>23.09</b> Giá hiện tại: <b>21.85</b> Lãi/lỗ: <b>-5.37%</b> Tỷ trọng: <b>0.0%</b>  <b>Stop thông minh:</b> Stop đề xuất: <b>22.018</b> Loại stop: <b>MA20 Stop</b> Trend: <b>DƯỚI MA20</b>  <b>T+2.5:</b> Bán được chưa: <b>CÓ</b> Ngày dự kiến bán được: <b>2026-05-14</b> Ghi chú: Đã đủ điều kiện bán theo T+2.5  <b>Upstream Risk:</b> Final: <b>UNKNOWN</b> | Mode: <b>UNKNOWN</b> Meta Allocation: <b>0.0%</b> | Meta Exposure: <b>0.0</b>  Time: 2026-05-18 11:12:38
2026-05-18 11:14:25,V18.2 ENTRY,MWG,🔴 THỦNG STOPLOSS,79.5,80.77,83.23,,,79.54,,,LEGACY WATCH MODE,UNKNOWN,❌ Yếu hơn giá tham chiếu | ❌ Thủng stoploss tham khảo | ✅ Volume mạnh,🔴 <b>MWG</b> — <b>🔴 THỦNG STOPLOSS</b>  <b>KẾT LUẬN:</b> <b>KHÔNG VÀO</b>  <b>ĐỘ TIN CẬY:</b> <b>HIGH</b> <b>SIZE GỢI Ý:</b> <b>0%</b>  <b>3 LÝ DO CHÍNH:</b> ❌ Yếu hơn giá tham chiếu ❌ Thủng stoploss tham khảo ✅ Volume mạnh  <b>Risk Gate:</b> Final: <b>WATCHLIST</b> | Mode: <b>LEGACY WATCH MODE</b> Meta Allocation: <b>1.00%</b> | Meta Exposure: <b>0.0000</b>  <b>Execution:</b> Quality: <b>YẾU</b> | Score: <b>20</b> Giá: <b>79.50</b> VWAP: <b>79.51</b> Volume ratio: <b>7.10</b> Biến động intraday: <b>-3.05%</b> Buy zone: 80.77 - 83.23 Stoploss: 79.54 Cooldown: <b>45 phút</b>  <b>V20.2 Context Filter:</b> Action: <b>DOWNGRADE_ONE</b> Penalty: <b>25</b> Lý do: Volume spike 7.10x Time: 2026-05-18 11:14:24
2026-05-18 11:17:34,V18.2 ENTRY,HNG,🟢 PULLBACK VÙNG MUA,7.6,7.49,7.71,,,7.37,,,LEGACY WATCH MODE,UNKNOWN,❌ Giá dưới VWAP | ✅ Volume mạnh | ✅ Giá nằm trong vùng mua | ⚠ V20.2 hạ từ WATCH xuống KHÔNG VÀO: Volume spike 5.55x,🔴 <b>HNG</b> — <b>🟢 PULLBACK VÙNG MUA</b>  <b>KẾT LUẬN:</b> <b>KHÔNG VÀO</b>  <b>ĐỘ TIN CẬY:</b> <b>LOW</b> <b>SIZE GỢI Ý:</b> <b>0% - chỉ quan sát</b>  <b>3 LÝ DO CHÍNH:</b> ❌ Giá dưới VWAP ✅ Volume mạnh ✅ Giá nằm trong vùng mua ⚠ V20.2 hạ từ WATCH xuống KHÔNG VÀO: Volume spike 5.55x  <b>Risk Gate:</b> Final: <b>WATCHLIST</b> | Mode: <b>LEGACY WATCH MODE</b> Meta Allocation: <b>1.00%</b> | Meta Exposure: <b>0.0000</b>  <b>Execution:</b> Quality: <b>TRUNG TÍNH</b> | Score: <b>55</b> Giá: <b>7.60</b> VWAP: <b>7.64</b> Volume ratio: <b>5.55</b> Biến động intraday: <b>0.00%</b> Buy zone: 7.49 - 7.71 Stoploss: 7.37 Cooldown: <b>30 phút</b>  <b>V20.2 Context Filter:</b> Action: <b>DOWNGRADE_ONE</b> Penalty: <b>25</b> Lý do: Volume spike 5.55x Time: 2026-05-18 11:17:34
2026-05-18 13:00:13,V18.2 ENTRY,HNG,🟢 PULLBACK VÙNG MUA,7.6,7.49,7.71,,,7.37,,,LEGACY WATCH MODE,UNKNOWN,❌ Volume yếu | ✅ Giá không quá xa VWAP | ✅ Giá nằm trong vùng mua,⚪ <b>HNG</b> — <b>🟢 PULLBACK VÙNG MUA</b>  <b>KẾT LUẬN:</b> <b>WATCH</b>  <b>ĐỘ TIN CẬY:</b> <b>LOW</b> <b>SIZE GỢI Ý:</b> <b>0% - chỉ quan sát</b>  <b>3 LÝ DO CHÍNH:</b> ❌ Volume yếu ✅ Giá không quá xa VWAP ✅ Giá nằm trong vùng mua  <b>Risk Gate:</b> Final: <b>WATCHLIST</b> | Mode: <b>LEGACY WATCH MODE</b> Meta Allocation: <b>1.00%</b> | Meta Exposure: <b>0.0000</b>  <b>Execution:</b> Quality: <b>TRUNG TÍNH</b> | Score: <b>45</b> Giá: <b>7.60</b> VWAP: <b>7.60</b> Volume ratio: <b>0.18</b> Biến động intraday: <b>0.00%</b> Buy zone: 7.49 - 7.71 Stoploss: 7.37 Cooldown: <b>30 phút</b>  <b>V20.2 Context Filter:</b> Action: <b>KEEP</b> Penalty: <b>10</b> Lý do: Volume yếu 0.18x Time: 2026-05-18 13:00:12
2026-05-18 11:12:43,V19.2 POSITION,BFC,THOÁT VỊ THẾ,62.7,,,,,63.929,500.0,66.44,UNKNOWN,UNKNOWN,CHẠM STOP THÔNG MINH; stop chính: MA20 Stop; ưu tiên bảo vệ vốn,🔴 <b>[V19.2 POSITION]</b> <b>BFC</b>  <b>KẾT LUẬN:</b> <b>THOÁT VỊ THẾ</b>  <b>DỄ HIỂU:</b> Bán thoát vị thế nếu đã đủ T+2.5 <b>LÝ DO:</b> CHẠM STOP THÔNG MINH; stop chính: MA20 Stop; ưu tiên bảo vệ vốn  <b>Vị thế:</b> Giá vốn: <b>66.44</b> Giá hiện tại: <b>62.7</b> Lãi/lỗ: <b>-5.629%</b> Tỷ trọng: <b>0.0%</b>  <b>Stop thông minh:</b> Stop đề xuất: <b>63.929</b> Loại stop: <b>MA20 Stop</b> Trend: <b>DƯỚI MA20</b>  <b>T+2.5:</b> Bán được chưa: <b>CÓ</b> Ngày dự kiến bán được: <b>2026-05-14</b> Ghi chú: Đã đủ điều kiện bán theo T+2.5  <b>Upstream Risk:</b> Final: <b>UNKNOWN</b> | Mode: <b>UNKNOWN</b> Meta Allocation: <b>0.0%</b> | Meta Exposure: <b>0.0</b>  Time: 2026-05-18 11:12:42
2026-05-18 13:01:17,V19.2 POSITION,EIB,THOÁT VỊ THẾ,21.85,,,,,22.018,1100.0,23.09,UNKNOWN,UNKNOWN,CHẠM STOP THÔNG MINH; stop chính: MA20 Stop; ưu tiên bảo vệ vốn,🔴 <b>[V19.2 POSITION]</b> <b>EIB</b>  <b>KẾT LUẬN:</b> <b>THOÁT VỊ THẾ</b>  <b>DỄ HIỂU:</b> Bán thoát vị thế nếu đã đủ T+2.5 <b>LÝ DO:</b> CHẠM STOP THÔNG MINH; stop chính: MA20 Stop; ưu tiên bảo vệ vốn  <b>Vị thế:</b> Giá vốn: <b>23.09</b> Giá hiện tại: <b>21.85</b> Lãi/lỗ: <b>-5.37%</b> Tỷ trọng: <b>0.0%</b>  <b>Stop thông minh:</b> Stop đề xuất: <b>22.018</b> Loại stop: <b>MA20 Stop</b> Trend: <b>DƯỚI MA20</b>  <b>T+2.5:</b> Bán được chưa: <b>CÓ</b> Ngày dự kiến bán được: <b>2026-05-14</b> Ghi chú: Đã đủ điều kiện bán theo T+2.5  <b>Upstream Risk:</b> Final: <b>UNKNOWN</b> | Mode: <b>UNKNOWN</b> Meta Allocation: <b>0.0%</b> | Meta Exposure: <b>0.0</b>  Time: 2026-05-18 13:01:16
2026-05-18 13:12:44,V18.2 ENTRY,MWG,🔴 THỦNG STOPLOSS,79.4,80.77,83.23,,,79.54,,,LEGACY WATCH MODE,UNKNOWN,❌ Volume yếu | ❌ Yếu hơn giá tham chiếu | ✅ Giá không quá xa VWAP,🔴 <b>MWG</b> — <b>🔴 THỦNG STOPLOSS</b>  <b>KẾT LUẬN:</b> <b>KHÔNG VÀO</b>  <b>ĐỘ TIN CẬY:</b> <b>HIGH</b> <b>SIZE GỢI Ý:</b> <b>0%</b>  <b>3 LÝ DO CHÍNH:</b> ❌ Volume yếu ❌ Yếu hơn giá tham chiếu ✅ Giá không quá xa VWAP  <b>Risk Gate:</b> Final: <b>WATCHLIST</b> | Mode: <b>LEGACY WATCH MODE</b> Meta Allocation: <b>1.00%</b> | Meta Exposure: <b>0.0000</b>  <b>Execution:</b> Quality: <b>YẾU</b> | Score: <b>20</b> Giá: <b>79.40</b> VWAP: <b>79.48</b> Volume ratio: <b>0.53</b> Biến động intraday: <b>-3.17%</b> Buy zone: 80.77 - 83.23 Stoploss: 79.54 Cooldown: <b>45 phút</b>  <b>V20.2 Context Filter:</b> Action: <b>KEEP</b> Penalty: <b>10</b> Lý do: Volume yếu 0.53x Time: 2026-05-18 13:12:44
2026-05-18 13:31:19,V18.2 ENTRY,HNG,🟢 PULLBACK VÙNG MUA,7.6,7.49,7.71,,,7.37,,,LEGACY WATCH MODE,UNKNOWN,❌ Volume yếu | ✅ Giá không quá xa VWAP | ✅ Giá nằm trong vùng mua,⚪ <b>HNG</b> — <b>🟢 PULLBACK VÙNG MUA</b>  <b>KẾT LUẬN:</b> <b>WATCH</b>  <b>ĐỘ TIN CẬY:</b> <b>LOW</b> <b>SIZE GỢI Ý:</b> <b>0% - chỉ quan sát</b>  <b>3 LÝ DO CHÍNH:</b> ❌ Volume yếu ✅ Giá không quá xa VWAP ✅ Giá nằm trong vùng mua  <b>Risk Gate:</b> Final: <b>WATCHLIST</b> | Mode: <b>LEGACY WATCH MODE</b> Meta Allocation: <b>1.00%</b> | Meta Exposure: <b>0.0000</b>  <b>Execution:</b> Quality: <b>TRUNG TÍNH</b> | Score: <b>45</b> Giá: <b>7.60</b> VWAP: <b>7.59</b> Volume ratio: <b>0.16</b> Biến động intraday: <b>0.00%</b> Buy zone: 7.49 - 7.71 Stoploss: 7.37 Cooldown: <b>30 phút</b>  <b>V20.2 Context Filter:</b> Action: <b>KEEP</b> Penalty: <b>10</b> Lý do: Volume yếu 0.16x Time: 2026-05-18 13:31:19
2026-05-18 13:01:21,V19.2 POSITION,BFC,THOÁT VỊ THẾ,62.7,,,,,63.929,500.0,66.44,UNKNOWN,UNKNOWN,CHẠM STOP THÔNG MINH; stop chính: MA20 Stop; ưu tiên bảo vệ vốn,🔴 <b>[V19.2 POSITION]</b> <b>BFC</b>  <b>KẾT LUẬN:</b> <b>THOÁT VỊ THẾ</b>  <b>DỄ HIỂU:</b> Bán thoát vị thế nếu đã đủ T+2.5 <b>LÝ DO:</b> CHẠM STOP THÔNG MINH; stop chính: MA20 Stop; ưu tiên bảo vệ vốn  <b>Vị thế:</b> Giá vốn: <b>66.44</b> Giá hiện tại: <b>62.7</b> Lãi/lỗ: <b>-5.629%</b> Tỷ trọng: <b>0.0%</b>  <b>Stop thông minh:</b> Stop đề xuất: <b>63.929</b> Loại stop: <b>MA20 Stop</b> Trend: <b>DƯỚI MA20</b>  <b>T+2.5:</b> Bán được chưa: <b>CÓ</b> Ngày dự kiến bán được: <b>2026-05-14</b> Ghi chú: Đã đủ điều kiện bán theo T+2.5  <b>Upstream Risk:</b> Final: <b>UNKNOWN</b> | Mode: <b>UNKNOWN</b> Meta Allocation: <b>0.0%</b> | Meta Exposure: <b>0.0</b>  Time: 2026-05-18 13:01:20
2026-05-18 13:34:17,V19.2 POSITION,EIB,THOÁT VỊ THẾ,21.85,,,,,22.018,1100.0,23.09,UNKNOWN,UNKNOWN,CHẠM STOP THÔNG MINH; stop chính: MA20 Stop; ưu tiên bảo vệ vốn,🔴 <b>[V19.2 POSITION]</b> <b>EIB</b>  <b>KẾT LUẬN:</b> <b>THOÁT VỊ THẾ</b>  <b>DỄ HIỂU:</b> Bán thoát vị thế nếu đã đủ T+2.5 <b>LÝ DO:</b> CHẠM STOP THÔNG MINH; stop chính: MA20 Stop; ưu tiên bảo vệ vốn  <b>Vị thế:</b> Giá vốn: <b>23.09</b> Giá hiện tại: <b>21.85</b> Lãi/lỗ: <b>-5.37%</b> Tỷ trọng: <b>0.0%</b>  <b>Stop thông minh:</b> Stop đề xuất: <b>22.018</b> Loại stop: <b>MA20 Stop</b> Trend: <b>DƯỚI MA20</b>  <b>T+2.5:</b> Bán được chưa: <b>CÓ</b> Ngày dự kiến bán được: <b>2026-05-14</b> Ghi chú: Đã đủ điều kiện bán theo T+2.5  <b>Upstream Risk:</b> Final: <b>UNKNOWN</b> | Mode: <b>UNKNOWN</b> Meta Allocation: <b>0.0%</b> | Meta Exposure: <b>0.0</b>  Time: 2026-05-18 13:34:16
