rule_name,conditions,n,failrate_pct,winrate_pct,avg_ret_t2_pct,avg_ret_t5_pct,avg_drawdown_t5_pct,action,confidence,reason
V202_RULE_003,market_context fomo/hưng phấn + label:score_bucket_60-69,31,74.19,22.58,-2.319,-2.684,-6.602,BLOCK_OR_WATCH,MEDIUM_SAMPLE,Sinh từ V20.2 drilldown; chỉ dùng để hạ recommendation trong V18.2
V202_RULE_067,stock_dist_ma20 < -3% + market_ret5 > 4% + market_context fomo/hưng phấn,30,73.33,20.0,-2.216,-2.949,-7.15,BLOCK_OR_WATCH,MEDIUM_SAMPLE,Sinh từ V20.2 drilldown; chỉ dùng để hạ recommendation trong V18.2
V202_RULE_068,stock_dist_ma20 < -3% + market_ret5 > 4% + label:market_context_MARKET_HƯNG_PHẤN___DỄ_FOMO,30,73.33,20.0,-2.216,-2.949,-7.15,BLOCK_OR_WATCH,MEDIUM_SAMPLE,Sinh từ V20.2 drilldown; chỉ dùng để hạ recommendation trong V18.2
V202_RULE_069,market_ret5 > 4% + market_context fomo/hưng phấn + label:entry_context_ENTRY_DƯỚI_MA20___YẾU,30,73.33,20.0,-2.216,-2.949,-7.15,BLOCK_OR_WATCH,MEDIUM_SAMPLE,Sinh từ V20.2 drilldown; chỉ dùng để hạ recommendation trong V18.2
V202_RULE_004,market_context fomo/hưng phấn + label:market_regime_BÌNH_THƯỜNG,40,72.5,22.5,-1.708,-1.893,-5.025,BLOCK_OR_WATCH,MEDIUM_SAMPLE,Sinh từ V20.2 drilldown; chỉ dùng để hạ recommendation trong V18.2
V202_RULE_070,stock_dist_ma20 < -3% + market_ret5 > 4% + label:structure_context_KHÔNG_RÕ_NỀN,32,71.88,25.0,-2.562,-3.138,-7.377,BLOCK_OR_WATCH,MEDIUM_SAMPLE,Sinh từ V20.2 drilldown; chỉ dùng để hạ recommendation trong V18.2
V202_RULE_071,market_context fomo/hưng phấn + drawdown20 -10% to 0% + label:market_regime_BÌNH_THƯỜNG,32,71.88,21.88,-1.716,-1.913,-4.665,BLOCK_OR_WATCH,MEDIUM_SAMPLE,Sinh từ V20.2 drilldown; chỉ dùng để hạ recommendation trong V18.2
V202_RULE_005,stock_dist_ma20 > 8% + label:market_regime_RẤT_YẾU,42,71.43,23.81,0.293,-2.646,-8.299,BLOCK_OR_WATCH,MEDIUM_SAMPLE,Sinh từ V20.2 drilldown; chỉ dùng để hạ recommendation trong V18.2
V202_RULE_072,stock_dist_ma20 > 8% + market_context risk-off + label:market_regime_RẤT_YẾU,42,71.43,23.81,0.293,-2.646,-8.299,BLOCK_OR_WATCH,MEDIUM_SAMPLE,Sinh từ V20.2 drilldown; chỉ dùng để hạ recommendation trong V18.2
V202_RULE_073,volume_ratio < 1x + volatility_contraction20 < 0.8 + market_context fomo/hưng phấn,41,70.73,21.95,-1.765,-2.361,-5.544,BLOCK_OR_WATCH,MEDIUM_SAMPLE,Sinh từ V20.2 drilldown; chỉ dùng để hạ recommendation trong V18.2
V202_RULE_074,volume_ratio < 1x + volatility_contraction20 < 0.8 + label:market_context_MARKET_HƯNG_PHẤN___DỄ_FOMO,41,70.73,21.95,-1.765,-2.361,-5.544,BLOCK_OR_WATCH,MEDIUM_SAMPLE,Sinh từ V20.2 drilldown; chỉ dùng để hạ recommendation trong V18.2
V202_RULE_075,volume_ratio < 1x + market_context fomo/hưng phấn + label:volatility_context_VOLATILITY_CO_HẸP,41,70.73,21.95,-1.765,-2.361,-5.544,BLOCK_OR_WATCH,MEDIUM_SAMPLE,Sinh từ V20.2 drilldown; chỉ dùng để hạ recommendation trong V18.2
V202_RULE_076,volatility_contraction20 < 0.8 + market_context fomo/hưng phấn + label:score_bucket_80+,41,70.73,26.83,-1.29,-2.292,-5.765,BLOCK_OR_WATCH,MEDIUM_SAMPLE,Sinh từ V20.2 drilldown; chỉ dùng để hạ recommendation trong V18.2
V202_RULE_006,stock_dist_ma20 < -3% + market_ret5 > 4%,34,70.59,23.53,-2.56,-3.037,-7.283,BLOCK_OR_WATCH,MEDIUM_SAMPLE,Sinh từ V20.2 drilldown; chỉ dùng để hạ recommendation trong V18.2
V202_RULE_007,market_ret5 > 4% + label:entry_context_ENTRY_DƯỚI_MA20___YẾU,34,70.59,23.53,-2.56,-3.037,-7.283,BLOCK_OR_WATCH,MEDIUM_SAMPLE,Sinh từ V20.2 drilldown; chỉ dùng để hạ recommendation trong V18.2
V202_RULE_077,stock_dist_ma20 < -3% + market_ret5 > 4% + label:entry_context_ENTRY_DƯỚI_MA20___YẾU,34,70.59,23.53,-2.56,-3.037,-7.283,BLOCK_OR_WATCH,MEDIUM_SAMPLE,Sinh từ V20.2 drilldown; chỉ dùng để hạ recommendation trong V18.2
V202_RULE_078,stock_dist_ma20 < -3% + volatility_contraction20 < 0.8 + label:score_bucket_70-79,61,70.49,18.03,-2.709,-3.78,-6.767,BLOCK_OR_WATCH,MEDIUM_SAMPLE,Sinh từ V20.2 drilldown; chỉ dùng để hạ recommendation trong V18.2
V202_RULE_079,volatility_contraction20 < 0.8 + market_context fomo/hưng phấn + drawdown20 -10% to 0%,48,68.75,25.0,-1.552,-2.032,-5.441,BLOCK_OR_WATCH,MEDIUM_SAMPLE,Sinh từ V20.2 drilldown; chỉ dùng để hạ recommendation trong V18.2
V202_RULE_080,volatility_contraction20 < 0.8 + market_context fomo/hưng phấn + label:risk_context_PULLBACK_LÀNH_MẠNH,48,68.75,25.0,-1.552,-2.032,-5.441,BLOCK_OR_WATCH,MEDIUM_SAMPLE,Sinh từ V20.2 drilldown; chỉ dùng để hạ recommendation trong V18.2
V202_RULE_081,volatility_contraction20 < 0.8 + drawdown20 -10% to 0% + label:market_context_MARKET_HƯNG_PHẤN___DỄ_FOMO,48,68.75,25.0,-1.552,-2.032,-5.441,BLOCK_OR_WATCH,MEDIUM_SAMPLE,Sinh từ V20.2 drilldown; chỉ dùng để hạ recommendation trong V18.2
V202_RULE_082,market_context fomo/hưng phấn + drawdown20 -10% to 0% + label:volatility_context_VOLATILITY_CO_HẸP,48,68.75,25.0,-1.552,-2.032,-5.441,BLOCK_OR_WATCH,MEDIUM_SAMPLE,Sinh từ V20.2 drilldown; chỉ dùng để hạ recommendation trong V18.2
V202_RULE_083,stock_dist_ma20 < -3% + market_context fomo/hưng phấn + label:structure_context_KHÔNG_RÕ_NỀN,32,68.75,28.12,-2.222,-2.32,-7.287,BLOCK_OR_WATCH,MEDIUM_SAMPLE,Sinh từ V20.2 drilldown; chỉ dùng để hạ recommendation trong V18.2
V202_RULE_084,volatility_contraction20 < 0.8 + market_context fomo/hưng phấn + label:entry_context_ENTRY_GẦN_MA20,38,68.42,26.32,-1.02,-1.861,-4.676,BLOCK_OR_WATCH,MEDIUM_SAMPLE,Sinh từ V20.2 drilldown; chỉ dùng để hạ recommendation trong V18.2
V202_RULE_008,stock_ret20 > 15% + label:market_regime_RẤT_YẾU,41,68.29,29.27,-0.032,-3.811,-9.581,BLOCK_OR_WATCH,MEDIUM_SAMPLE,Sinh từ V20.2 drilldown; chỉ dùng để hạ recommendation trong V18.2
V202_RULE_085,stock_ret20 > 15% + market_context risk-off + label:market_regime_RẤT_YẾU,41,68.29,29.27,-0.032,-3.811,-9.581,BLOCK_OR_WATCH,MEDIUM_SAMPLE,Sinh từ V20.2 drilldown; chỉ dùng để hạ recommendation trong V18.2
V202_RULE_009,market_ret5 > 4% + label:score_bucket_60-69,50,68.0,24.0,-2.157,-1.765,-6.51,BLOCK_OR_WATCH,MEDIUM_SAMPLE,Sinh từ V20.2 drilldown; chỉ dùng để hạ recommendation trong V18.2
V202_RULE_010,stock_dist_ma20 < -3% + market_context fomo/hưng phấn,34,67.65,26.47,-2.24,-2.267,-7.199,BLOCK_OR_WATCH,MEDIUM_SAMPLE,Sinh từ V20.2 drilldown; chỉ dùng để hạ recommendation trong V18.2
V202_RULE_011,stock_dist_ma20 < -3% + label:market_context_MARKET_HƯNG_PHẤN___DỄ_FOMO,34,67.65,26.47,-2.24,-2.267,-7.199,BLOCK_OR_WATCH,MEDIUM_SAMPLE,Sinh từ V20.2 drilldown; chỉ dùng để hạ recommendation trong V18.2
V202_RULE_012,market_context fomo/hưng phấn + label:entry_context_ENTRY_DƯỚI_MA20___YẾU,34,67.65,26.47,-2.24,-2.267,-7.199,BLOCK_OR_WATCH,MEDIUM_SAMPLE,Sinh từ V20.2 drilldown; chỉ dùng để hạ recommendation trong V18.2
V202_RULE_086,stock_dist_ma20 > 8% + volatility_contraction20 > 1.3 + label:market_regime_RẤT_YẾU,34,67.65,29.41,0.946,-2.376,-8.333,BLOCK_OR_WATCH,MEDIUM_SAMPLE,Sinh từ V20.2 drilldown; chỉ dùng để hạ recommendation trong V18.2
V202_RULE_087,stock_dist_ma20 < -3% + market_context fomo/hưng phấn + label:entry_context_ENTRY_DƯỚI_MA20___YẾU,34,67.65,26.47,-2.24,-2.267,-7.199,BLOCK_OR_WATCH,MEDIUM_SAMPLE,Sinh từ V20.2 drilldown; chỉ dùng để hạ recommendation trong V18.2
V202_RULE_088,stock_dist_ma20 < -3% + market_context fomo/hưng phấn + label:market_context_MARKET_HƯNG_PHẤN___DỄ_FOMO,34,67.65,26.47,-2.24,-2.267,-7.199,BLOCK_OR_WATCH,MEDIUM_SAMPLE,Sinh từ V20.2 drilldown; chỉ dùng để hạ recommendation trong V18.2
V202_RULE_089,volatility_contraction20 < 0.8 + market_ret5 > 4% + label:entry_context_ENTRY_GẦN_MA20,40,67.5,22.5,-1.45,-1.92,-5.396,BLOCK_OR_WATCH,MEDIUM_SAMPLE,Sinh từ V20.2 drilldown; chỉ dùng để hạ recommendation trong V18.2
V202_RULE_090,stock_dist_ma20 < -3% + volatility_contraction20 < 0.8 + drawdown20 < -15%,55,67.27,14.55,-2.158,-2.812,-5.801,BLOCK_OR_WATCH,MEDIUM_SAMPLE,Sinh từ V20.2 drilldown; chỉ dùng để hạ recommendation trong V18.2
V202_RULE_091,stock_dist_ma20 < -3% + volatility_contraction20 < 0.8 + label:risk_context_DRAWDOWN_SÂU,55,67.27,14.55,-2.158,-2.812,-5.801,BLOCK_OR_WATCH,MEDIUM_SAMPLE,Sinh từ V20.2 drilldown; chỉ dùng để hạ recommendation trong V18.2
V202_RULE_092,stock_dist_ma20 < -3% + drawdown20 < -15% + label:volatility_context_VOLATILITY_CO_HẸP,55,67.27,14.55,-2.158,-2.812,-5.801,BLOCK_OR_WATCH,MEDIUM_SAMPLE,Sinh từ V20.2 drilldown; chỉ dùng để hạ recommendation trong V18.2
V202_RULE_093,volatility_contraction20 < 0.8 + drawdown20 < -15% + label:entry_context_ENTRY_DƯỚI_MA20___YẾU,55,67.27,14.55,-2.158,-2.812,-5.801,BLOCK_OR_WATCH,MEDIUM_SAMPLE,Sinh từ V20.2 drilldown; chỉ dùng để hạ recommendation trong V18.2
V202_RULE_013,volatility_contraction20 < 0.8 + market_context fomo/hưng phấn,66,66.67,28.79,-1.722,-2.028,-5.799,BLOCK_OR_WATCH,MEDIUM_SAMPLE,Sinh từ V20.2 drilldown; chỉ dùng để hạ recommendation trong V18.2
V202_RULE_014,volatility_contraction20 < 0.8 + label:market_context_MARKET_HƯNG_PHẤN___DỄ_FOMO,66,66.67,28.79,-1.722,-2.028,-5.799,BLOCK_OR_WATCH,MEDIUM_SAMPLE,Sinh từ V20.2 drilldown; chỉ dùng để hạ recommendation trong V18.2
V202_RULE_015,market_context fomo/hưng phấn + label:volatility_context_VOLATILITY_CO_HẸP,66,66.67,28.79,-1.722,-2.028,-5.799,BLOCK_OR_WATCH,MEDIUM_SAMPLE,Sinh từ V20.2 drilldown; chỉ dùng để hạ recommendation trong V18.2
V202_RULE_094,volatility_contraction20 < 0.8 + market_context fomo/hưng phấn + label:volatility_context_VOLATILITY_CO_HẸP,66,66.67,28.79,-1.722,-2.028,-5.799,BLOCK_OR_WATCH,MEDIUM_SAMPLE,Sinh từ V20.2 drilldown; chỉ dùng để hạ recommendation trong V18.2
V202_RULE_095,volatility_contraction20 < 0.8 + market_context fomo/hưng phấn + label:market_context_MARKET_HƯNG_PHẤN___DỄ_FOMO,66,66.67,28.79,-1.722,-2.028,-5.799,BLOCK_OR_WATCH,MEDIUM_SAMPLE,Sinh từ V20.2 drilldown; chỉ dùng để hạ recommendation trong V18.2
V202_RULE_096,stock_dist_ma20 < -3% + drawdown20 < -15% + label:market_regime_TĂNG_MẠNH,45,66.67,17.78,-2.708,-3.132,-7.371,BLOCK_OR_WATCH,MEDIUM_SAMPLE,Sinh từ V20.2 drilldown; chỉ dùng để hạ recommendation trong V18.2
V202_RULE_097,volatility_contraction20 < 0.8 + market_context fomo/hưng phấn + label:structure_context_KHÔNG_RÕ_NỀN,45,66.67,31.11,-2.251,-1.935,-6.619,BLOCK_OR_WATCH,MEDIUM_SAMPLE,Sinh từ V20.2 drilldown; chỉ dùng để hạ recommendation trong V18.2
V202_RULE_098,stock_ret20 > 15% + drawdown20 -10% to 0% + label:market_regime_RẤT_YẾU,30,66.67,30.0,0.414,-3.066,-8.527,BLOCK_OR_WATCH,MEDIUM_SAMPLE,Sinh từ V20.2 drilldown; chỉ dùng để hạ recommendation trong V18.2
V202_RULE_099,volatility_contraction20 < 0.8 + market_context fomo/hưng phấn + label:extension_context_KHÔNG_QUÁ_NÓNG,56,66.07,28.57,-1.321,-1.745,-5.218,BLOCK_OR_WATCH,MEDIUM_SAMPLE,Sinh từ V20.2 drilldown; chỉ dùng để hạ recommendation trong V18.2
V202_RULE_100,volume_ratio < 1x + volatility_contraction20 < 0.8 + market_ret5 > 4%,41,65.85,19.51,-2.104,-2.229,-5.744,BLOCK_OR_WATCH,MEDIUM_SAMPLE,Sinh từ V20.2 drilldown; chỉ dùng để hạ recommendation trong V18.2
V202_RULE_101,volume_ratio < 1x + market_ret5 > 4% + label:volatility_context_VOLATILITY_CO_HẸP,41,65.85,19.51,-2.104,-2.229,-5.744,BLOCK_OR_WATCH,MEDIUM_SAMPLE,Sinh từ V20.2 drilldown; chỉ dùng để hạ recommendation trong V18.2
V202_RULE_102,stock_dist_ma20 < -3% + volume_ratio < 1x + label:market_regime_TĂNG_MẠNH,152,65.79,19.74,-1.685,-2.577,-6.02,BLOCK_OR_WATCH,HIGH_SAMPLE,Sinh từ V20.2 drilldown; chỉ dùng để hạ recommendation trong V18.2
V202_RULE_103,volatility_contraction20 < 0.8 + market_context fomo/hưng phấn + label:volume_context_VOLUME_TRUNG_TÍNH,32,65.62,34.38,-1.75,-1.913,-6.557,BLOCK_OR_WATCH,MEDIUM_SAMPLE,Sinh từ V20.2 drilldown; chỉ dùng để hạ recommendation trong V18.2
V202_RULE_016,stock_dist_ma20 < -3% + label:market_regime_TĂNG_MẠNH,165,65.45,20.0,-1.759,-2.512,-6.064,BLOCK_OR_WATCH,HIGH_SAMPLE,Sinh từ V20.2 drilldown; chỉ dùng để hạ recommendation trong V18.2
V202_RULE_104,stock_dist_ma20 3-8% + volatility_contraction20 < 0.8 + label:volume_context_VOLUME_TĂNG_VỪA,46,65.22,21.74,-1.418,-2.1,-5.361,BLOCK_OR_WATCH,MEDIUM_SAMPLE,Sinh từ V20.2 drilldown; chỉ dùng để hạ recommendation trong V18.2
V202_RULE_017,volume_ratio 1.2-2.0x + label:market_regime_BÌNH_THƯỜNG,40,65.0,20.0,-0.881,-3.167,-5.956,BLOCK_OR_WATCH,MEDIUM_SAMPLE,Sinh từ V20.2 drilldown; chỉ dùng để hạ recommendation trong V18.2
V202_RULE_018,volatility_contraction20 < 0.8 + market_dist_ma20 > 5%,40,65.0,30.0,-1.571,-1.608,-5.485,BLOCK_OR_WATCH,MEDIUM_SAMPLE,Sinh từ V20.2 drilldown; chỉ dùng để hạ recommendation trong V18.2
V202_RULE_019,market_dist_ma20 > 5% + label:volatility_context_VOLATILITY_CO_HẸP,40,65.0,30.0,-1.571,-1.608,-5.485,BLOCK_OR_WATCH,MEDIUM_SAMPLE,Sinh từ V20.2 drilldown; chỉ dùng để hạ recommendation trong V18.2
V202_RULE_105,volatility_contraction20 < 0.8 + market_dist_ma20 > 5% + label:volatility_context_VOLATILITY_CO_HẸP,40,65.0,30.0,-1.571,-1.608,-5.485,BLOCK_OR_WATCH,MEDIUM_SAMPLE,Sinh từ V20.2 drilldown; chỉ dùng để hạ recommendation trong V18.2
V202_RULE_106,volume_ratio < 1x + market_ret5 > 4% + label:score_bucket_60-69,39,64.1,25.64,-1.77,-1.517,-5.858,BLOCK_OR_WATCH,MEDIUM_SAMPLE,Sinh từ V20.2 drilldown; chỉ dùng để hạ recommendation trong V18.2
V202_RULE_107,stock_ret5 > 8% + stock_dist_ma20 3-8% + label:market_regime_TĂNG_MẠNH,36,63.89,16.67,-1.967,-2.134,-6.845,BLOCK_OR_WATCH,MEDIUM_SAMPLE,Sinh từ V20.2 drilldown; chỉ dùng để hạ recommendation trong V18.2
V202_RULE_108,stock_ret20 > 15% + volatility_contraction20 > 1.3 + label:market_regime_RẤT_YẾU,30,63.33,33.33,0.629,-4.155,-10.166,BLOCK_OR_WATCH,MEDIUM_SAMPLE,Sinh từ V20.2 drilldown; chỉ dùng để hạ recommendation trong V18.2
V202_RULE_109,stock_dist_ma20 3-8% + volume_ratio > 3x + label:volume_context_VOLUME_TĂNG_VỪA,30,63.33,20.0,-0.497,-2.427,-5.645,BLOCK_OR_WATCH,MEDIUM_SAMPLE,Sinh từ V20.2 drilldown; chỉ dùng để hạ recommendation trong V18.2
V202_RULE_110,volatility_contraction20 < 0.8 + market_ret5 > 4% + label:volume_context_VOLUME_TRUNG_TÍNH,30,63.33,30.0,-1.943,-1.988,-6.65,BLOCK_OR_WATCH,MEDIUM_SAMPLE,Sinh từ V20.2 drilldown; chỉ dùng để hạ recommendation trong V18.2
V202_RULE_111,volume_ratio < 1x + market_context fomo/hưng phấn + label:entry_context_ENTRY_GẦN_MA20,49,63.27,18.37,-1.106,-1.878,-4.775,BLOCK_OR_WATCH,MEDIUM_SAMPLE,Sinh từ V20.2 drilldown; chỉ dùng để hạ recommendation trong V18.2
V202_RULE_112,volatility_contraction20 < 0.8 + market_ret5 > 4% + label:structure_context_KHÔNG_RÕ_NỀN,49,63.27,26.53,-2.118,-1.709,-6.287,BLOCK_OR_WATCH,MEDIUM_SAMPLE,Sinh từ V20.2 drilldown; chỉ dùng để hạ recommendation trong V18.2
V202_RULE_113,volatility_contraction20 < 0.8 + market_ret5 > 4% + market_context fomo/hưng phấn,46,63.04,30.43,-1.318,-1.818,-5.545,BLOCK_OR_WATCH,MEDIUM_SAMPLE,Sinh từ V20.2 drilldown; chỉ dùng để hạ recommendation trong V18.2
V202_RULE_114,volatility_contraction20 < 0.8 + market_ret5 > 4% + label:market_context_MARKET_HƯNG_PHẤN___DỄ_FOMO,46,63.04,30.43,-1.318,-1.818,-5.545,BLOCK_OR_WATCH,MEDIUM_SAMPLE,Sinh từ V20.2 drilldown; chỉ dùng để hạ recommendation trong V18.2
V202_RULE_115,market_ret5 > 4% + market_context fomo/hưng phấn + label:volatility_context_VOLATILITY_CO_HẸP,46,63.04,30.43,-1.318,-1.818,-5.545,BLOCK_OR_WATCH,MEDIUM_SAMPLE,Sinh từ V20.2 drilldown; chỉ dùng để hạ recommendation trong V18.2
V202_RULE_020,drawdown20 < -15% + label:market_regime_TĂNG_MẠNH,54,62.96,20.37,-2.549,-2.955,-7.287,BLOCK_OR_WATCH,MEDIUM_SAMPLE,Sinh từ V20.2 drilldown; chỉ dùng để hạ recommendation trong V18.2
V202_RULE_116,stock_dist_ma20 < -3% + volatility_contraction20 < 0.8 + label:market_regime_YẾU,51,62.75,21.57,-3.426,-3.878,-7.328,BLOCK_OR_WATCH,MEDIUM_SAMPLE,Sinh từ V20.2 drilldown; chỉ dùng để hạ recommendation trong V18.2
V202_RULE_021,volatility_contraction20 < 0.8 + market_ret5 > 4%,64,62.5,26.56,-1.785,-1.881,-5.867,BLOCK_OR_WATCH,MEDIUM_SAMPLE,Sinh từ V20.2 drilldown; chỉ dùng để hạ recommendation trong V18.2
V202_RULE_022,market_ret5 > 4% + label:volatility_context_VOLATILITY_CO_HẸP,64,62.5,26.56,-1.785,-1.881,-5.867,BLOCK_OR_WATCH,MEDIUM_SAMPLE,Sinh từ V20.2 drilldown; chỉ dùng để hạ recommendation trong V18.2
V202_RULE_117,volatility_contraction20 < 0.8 + market_ret5 > 4% + label:volatility_context_VOLATILITY_CO_HẸP,64,62.5,26.56,-1.785,-1.881,-5.867,BLOCK_OR_WATCH,MEDIUM_SAMPLE,Sinh từ V20.2 drilldown; chỉ dùng để hạ recommendation trong V18.2
V202_RULE_118,stock_dist_ma20 3-8% + volatility_contraction20 < 0.8 + label:market_regime_TĂNG_MẠNH,56,62.5,19.64,-1.229,-1.711,-5.765,BLOCK_OR_WATCH,MEDIUM_SAMPLE,Sinh từ V20.2 drilldown; chỉ dùng để hạ recommendation trong V18.2
V202_RULE_119,stock_ret5 > 8% + stock_dist_ma20 3-8% + label:volume_context_VOLUME_TĂNG_VỪA,48,62.5,27.08,-0.885,-1.062,-6.406,BLOCK_OR_WATCH,MEDIUM_SAMPLE,Sinh từ V20.2 drilldown; chỉ dùng để hạ recommendation trong V18.2
V202_RULE_023,market_dist_ma20 > 5% + label:volume_context_VOLUME_CẠN,32,62.5,21.88,-1.178,-1.726,-5.22,BLOCK_OR_WATCH,MEDIUM_SAMPLE,Sinh từ V20.2 drilldown; chỉ dùng để hạ recommendation trong V18.2
V202_RULE_024,volume_ratio < 1x + market_context fomo/hưng phấn,101,62.38,24.75,-1.335,-1.925,-5.814,BLOCK_OR_WATCH,HIGH_SAMPLE,Sinh từ V20.2 drilldown; chỉ dùng để hạ recommendation trong V18.2
V202_RULE_025,volume_ratio < 1x + label:market_context_MARKET_HƯNG_PHẤN___DỄ_FOMO,101,62.38,24.75,-1.335,-1.925,-5.814,BLOCK_OR_WATCH,HIGH_SAMPLE,Sinh từ V20.2 drilldown; chỉ dùng để hạ recommendation trong V18.2
V202_RULE_120,volume_ratio < 1x + market_context fomo/hưng phấn + label:market_context_MARKET_HƯNG_PHẤN___DỄ_FOMO,101,62.38,24.75,-1.335,-1.925,-5.814,BLOCK_OR_WATCH,HIGH_SAMPLE,Sinh từ V20.2 drilldown; chỉ dùng để hạ recommendation trong V18.2
V202_RULE_121,volume_ratio < 1x + market_context fomo/hưng phấn + label:extension_context_KHÔNG_QUÁ_NÓNG,77,62.34,23.38,-1.178,-1.661,-5.366,BLOCK_OR_WATCH,MEDIUM_SAMPLE,Sinh từ V20.2 drilldown; chỉ dùng để hạ recommendation trong V18.2
V202_RULE_122,stock_dist_ma20 < -3% + drawdown20 < -15% + label:volume_context_VOLUME_TRUNG_TÍNH,69,62.32,26.09,-2.493,-2.554,-6.465,BLOCK_OR_WATCH,MEDIUM_SAMPLE,Sinh từ V20.2 drilldown; chỉ dùng để hạ recommendation trong V18.2
V202_RULE_123,stock_dist_ma20 3-8% + volume_ratio < 1x + label:market_regime_BÌNH_THƯỜNG,37,62.16,29.73,-0.596,-2.094,-6.047,BLOCK_OR_WATCH,MEDIUM_SAMPLE,Sinh từ V20.2 drilldown; chỉ dùng để hạ recommendation trong V18.2
V202_RULE_124,volume_ratio < 1x + market_context fomo/hưng phấn + label:volume_context_VOLUME_CẠN,37,62.16,16.22,-1.142,-1.789,-4.994,BLOCK_OR_WATCH,MEDIUM_SAMPLE,Sinh từ V20.2 drilldown; chỉ dùng để hạ recommendation trong V18.2
V202_RULE_125,volume_ratio < 1x + market_context fomo/hưng phấn + label:volume_context_VOLUME_TRUNG_TÍNH,58,62.07,31.03,-1.536,-1.847,-6.315,BLOCK_OR_WATCH,MEDIUM_SAMPLE,Sinh từ V20.2 drilldown; chỉ dùng để hạ recommendation trong V18.2
V202_RULE_126,volume_ratio < 1x + market_ret5 > 4% + market_context fomo/hưng phấn,63,61.9,20.63,-1.112,-2.02,-5.775,DOWNGRADE_TO_WATCH,MEDIUM_SAMPLE,Sinh từ V20.2 drilldown; chỉ dùng để hạ recommendation trong V18.2
V202_RULE_127,volume_ratio < 1x + market_ret5 > 4% + label:market_context_MARKET_HƯNG_PHẤN___DỄ_FOMO,63,61.9,20.63,-1.112,-2.02,-5.775,DOWNGRADE_TO_WATCH,MEDIUM_SAMPLE,Sinh từ V20.2 drilldown; chỉ dùng để hạ recommendation trong V18.2
V202_RULE_026,volume_ratio < 1x + market_dist_ma20 > 5%,57,61.4,29.82,-1.421,-1.72,-5.671,DOWNGRADE_TO_WATCH,MEDIUM_SAMPLE,Sinh từ V20.2 drilldown; chỉ dùng để hạ recommendation trong V18.2
V202_RULE_128,volume_ratio < 1x + market_context fomo/hưng phấn + drawdown20 -10% to 0%,75,61.33,24.0,-0.989,-1.645,-5.218,DOWNGRADE_TO_WATCH,MEDIUM_SAMPLE,Sinh từ V20.2 drilldown; chỉ dùng để hạ recommendation trong V18.2
V202_RULE_129,volume_ratio < 1x + market_context fomo/hưng phấn + label:risk_context_PULLBACK_LÀNH_MẠNH,75,61.33,24.0,-0.989,-1.645,-5.218,DOWNGRADE_TO_WATCH,MEDIUM_SAMPLE,Sinh từ V20.2 drilldown; chỉ dùng để hạ recommendation trong V18.2
V202_RULE_130,volume_ratio < 1x + drawdown20 -10% to 0% + label:market_context_MARKET_HƯNG_PHẤN___DỄ_FOMO,75,61.33,24.0,-0.989,-1.645,-5.218,DOWNGRADE_TO_WATCH,MEDIUM_SAMPLE,Sinh từ V20.2 drilldown; chỉ dùng để hạ recommendation trong V18.2
V202_RULE_131,volume_ratio < 1x + market_ret5 > 4% + label:volatility_context_VOLATILITY_TRUNG_TÍNH,31,61.29,16.13,-1.229,-3.149,-6.438,DOWNGRADE_TO_WATCH,MEDIUM_SAMPLE,Sinh từ V20.2 drilldown; chỉ dùng để hạ recommendation trong V18.2
V202_RULE_132,volatility_contraction20 < 0.8 + market_ret5 > 4% + label:extension_context_KHÔNG_QUÁ_NÓNG,54,61.11,25.93,-1.476,-1.453,-5.541,DOWNGRADE_TO_WATCH,MEDIUM_SAMPLE,Sinh từ V20.2 drilldown; chỉ dùng để hạ recommendation trong V18.2
V202_RULE_133,volatility_contraction20 < 0.8 + market_context fomo/hưng phấn + label:market_regime_TĂNG_MẠNH,41,60.98,34.15,-1.525,-1.492,-5.943,DOWNGRADE_TO_WATCH,MEDIUM_SAMPLE,Sinh từ V20.2 drilldown; chỉ dùng để hạ recommendation trong V18.2
V202_RULE_134,stock_dist_ma20 < -3% + volatility_contraction20 < 0.8 + label:extension_context_SUY_YẾU_TRƯỚC_SIGNAL,64,60.94,20.31,-2.863,-2.905,-6.233,DOWNGRADE_TO_WATCH,MEDIUM_SAMPLE,Sinh từ V20.2 drilldown; chỉ dùng để hạ recommendation trong V18.2
V202_RULE_135,stock_dist_ma20 < -3% + drawdown20 < -15% + label:market_context_MARKET_ỦNG_HỘ,64,60.94,21.88,-2.126,-2.151,-6.034,DOWNGRADE_TO_WATCH,MEDIUM_SAMPLE,Sinh từ V20.2 drilldown; chỉ dùng để hạ recommendation trong V18.2
V202_RULE_027,market_context fomo/hưng phấn + label:volatility_context_VOLATILITY_TRUNG_TÍNH,92,60.87,25.0,-0.827,-2.002,-6.152,DOWNGRADE_TO_WATCH,MEDIUM_SAMPLE,Sinh từ V20.2 drilldown; chỉ dùng để hạ recommendation trong V18.2
V202_RULE_136,stock_dist_ma20 3-8% + sideway_score20 >= 2 + label:market_regime_TĂNG_MẠNH,51,60.78,21.57,-0.711,-1.155,-4.426,DOWNGRADE_TO_WATCH,MEDIUM_SAMPLE,Sinh từ V20.2 drilldown; chỉ dùng để hạ recommendation trong V18.2
V202_RULE_137,sideway_score20 >= 2 + market_context fomo/hưng phấn + label:score_bucket_80+,43,60.47,30.23,0.101,-1.258,-4.552,DOWNGRADE_TO_WATCH,MEDIUM_SAMPLE,Sinh từ V20.2 drilldown; chỉ dùng để hạ recommendation trong V18.2
V202_RULE_138,volume_ratio 1.2-2.0x + volatility_contraction20 < 0.8 + label:market_context_MARKET_ỦNG_HỘ,48,60.42,25.0,-0.737,-1.479,-5.029,DOWNGRADE_TO_WATCH,MEDIUM_SAMPLE,Sinh từ V20.2 drilldown; chỉ dùng để hạ recommendation trong V18.2
V202_RULE_139,volume_ratio < 1x + market_ret5 > 4% + label:volume_context_VOLUME_TRUNG_TÍNH,48,60.42,29.17,-1.424,-1.74,-6.219,DOWNGRADE_TO_WATCH,MEDIUM_SAMPLE,Sinh từ V20.2 drilldown; chỉ dùng để hạ recommendation trong V18.2
V202_RULE_140,stock_dist_ma20 3-8% + sideway_score20 >= 2 + label:score_bucket_80+,98,60.2,24.49,-0.705,-1.553,-4.39,DOWNGRADE_TO_WATCH,MEDIUM_SAMPLE,Sinh từ V20.2 drilldown; chỉ dùng để hạ recommendation trong V18.2
V202_RULE_141,stock_dist_ma20 3-8% + sideway_score20 >= 2 + label:market_context_MARKET_ỦNG_HỘ,60,60.0,21.67,-0.607,-1.403,-4.08,DOWNGRADE_TO_WATCH,MEDIUM_SAMPLE,Sinh từ V20.2 drilldown; chỉ dùng để hạ recommendation trong V18.2
V202_RULE_142,sideway_score20 >= 2 + market_context fomo/hưng phấn + label:entry_context_ENTRY_GẦN_MA20,50,60.0,22.0,-0.48,-2.001,-4.636,DOWNGRADE_TO_WATCH,MEDIUM_SAMPLE,Sinh từ V20.2 drilldown; chỉ dùng để hạ recommendation trong V18.2
V202_RULE_143,volume_ratio < 1x + market_dist_ma20 > 5% + label:structure_context_KHÔNG_RÕ_NỀN,45,60.0,31.11,-1.756,-1.889,-6.337,DOWNGRADE_TO_WATCH,MEDIUM_SAMPLE,Sinh từ V20.2 drilldown; chỉ dùng để hạ recommendation trong V18.2
V202_RULE_144,volume_ratio < 1x + market_dist_ma20 > 5% + label:score_bucket_80+,45,60.0,31.11,-1.118,-1.582,-5.184,DOWNGRADE_TO_WATCH,MEDIUM_SAMPLE,Sinh từ V20.2 drilldown; chỉ dùng để hạ recommendation trong V18.2
V202_RULE_145,stock_dist_ma20 < -3% + drawdown20 < -15% + label:market_regime_TÍCH_CỰC,35,60.0,22.86,-1.663,-1.958,-5.292,DOWNGRADE_TO_WATCH,MEDIUM_SAMPLE,Sinh từ V20.2 drilldown; chỉ dùng để hạ recommendation trong V18.2
V202_RULE_146,stock_dist_ma20 < -3% + volume_ratio < 1x + label:market_context_MARKET_ỦNG_HỘ,227,59.91,23.79,-1.318,-1.995,-5.201,DOWNGRADE_TO_WATCH,HIGH_SAMPLE,Sinh từ V20.2 drilldown; chỉ dùng để hạ recommendation trong V18.2
V202_RULE_147,volume_ratio < 1x + market_context fomo/hưng phấn + label:structure_context_KHÔNG_RÕ_NỀN,77,59.74,28.57,-1.425,-1.864,-6.351,DOWNGRADE_TO_WATCH,MEDIUM_SAMPLE,Sinh từ V20.2 drilldown; chỉ dùng để hạ recommendation trong V18.2
V202_RULE_148,volume_ratio < 1x + drawdown20 < -15% + label:market_regime_TĂNG_MẠNH,47,59.57,23.4,-2.344,-2.754,-7.274,DOWNGRADE_TO_WATCH,MEDIUM_SAMPLE,Sinh từ V20.2 drilldown; chỉ dùng để hạ recommendation trong V18.2
V202_RULE_149,market_context fomo/hưng phấn + drawdown20 -10% to 0% + label:volume_context_VOLUME_TĂNG_VỪA,47,59.57,27.66,-1.665,-2.507,-6.812,DOWNGRADE_TO_WATCH,MEDIUM_SAMPLE,Sinh từ V20.2 drilldown; chỉ dùng để hạ recommendation trong V18.2
V202_RULE_150,volume_ratio < 1x + drawdown20 < -15% + label:market_regime_TÍCH_CỰC,32,59.38,21.88,-1.802,-1.861,-5.329,DOWNGRADE_TO_WATCH,MEDIUM_SAMPLE,Sinh từ V20.2 drilldown; chỉ dùng để hạ recommendation trong V18.2
V202_RULE_151,volatility_contraction20 < 0.8 + market_dist_ma20 > 5% + label:extension_context_KHÔNG_QUÁ_NÓNG,32,59.38,34.38,-0.429,-0.697,-4.222,DOWNGRADE_TO_WATCH,MEDIUM_SAMPLE,Sinh từ V20.2 drilldown; chỉ dùng để hạ recommendation trong V18.2
V202_RULE_028,stock_dist_ma20 < -3% + label:market_context_MARKET_ỦNG_HỘ,243,59.26,23.87,-1.364,-1.995,-5.228,DOWNGRADE_TO_WATCH,HIGH_SAMPLE,Sinh từ V20.2 drilldown; chỉ dùng để hạ recommendation trong V18.2
V202_RULE_029,market_ret5 > 4% + label:volatility_context_VOLATILITY_TRUNG_TÍNH,66,59.09,24.24,-0.646,-2.041,-5.963,DOWNGRADE_TO_WATCH,MEDIUM_SAMPLE,Sinh từ V20.2 drilldown; chỉ dùng để hạ recommendation trong V18.2
V202_RULE_152,market_ret5 > 4% + market_context fomo/hưng phấn + label:volatility_context_VOLATILITY_TRUNG_TÍNH,61,59.02,24.59,-0.452,-2.091,-5.841,DOWNGRADE_TO_WATCH,MEDIUM_SAMPLE,Sinh từ V20.2 drilldown; chỉ dùng để hạ recommendation trong V18.2
V202_RULE_153,stock_dist_ma20 < -3% + drawdown20 < -15% + label:score_bucket_70-79,39,58.97,28.21,-1.523,-1.561,-5.913,DOWNGRADE_TO_WATCH,MEDIUM_SAMPLE,Sinh từ V20.2 drilldown; chỉ dùng để hạ recommendation trong V18.2
V202_RULE_154,stock_ret5 > 8% + stock_dist_ma20 3-8% + label:market_context_MARKET_ỦNG_HỘ,34,58.82,17.65,-1.865,-1.606,-5.972,DOWNGRADE_TO_WATCH,MEDIUM_SAMPLE,Sinh từ V20.2 drilldown; chỉ dùng để hạ recommendation trong V18.2
V202_RULE_155,volume_ratio < 1x + market_context fomo/hưng phấn + label:score_bucket_80+,63,58.73,30.16,-0.896,-1.582,-5.513,DOWNGRADE_TO_WATCH,MEDIUM_SAMPLE,Sinh từ V20.2 drilldown; chỉ dùng để hạ recommendation trong V18.2
V202_RULE_030,market_context fomo/hưng phấn + label:volume_context_VOLUME_TĂNG_VỪA,75,58.67,30.67,-1.417,-1.891,-6.764,DOWNGRADE_TO_WATCH,MEDIUM_SAMPLE,Sinh từ V20.2 drilldown; chỉ dùng để hạ recommendation trong V18.2
V202_RULE_156,volume_ratio < 1x + market_context fomo/hưng phấn + label:market_regime_TĂNG_MẠNH,75,58.67,26.67,-1.205,-1.807,-5.871,DOWNGRADE_TO_WATCH,MEDIUM_SAMPLE,Sinh từ V20.2 drilldown; chỉ dùng để hạ recommendation trong V18.2
V202_RULE_157,volume_ratio < 1x + market_context fomo/hưng phấn + label:volatility_context_VOLATILITY_TRUNG_TÍNH,41,58.54,21.95,-1.237,-2.615,-6.346,DOWNGRADE_TO_WATCH,MEDIUM_SAMPLE,Sinh từ V20.2 drilldown; chỉ dùng để hạ recommendation trong V18.2
V202_RULE_158,market_context fomo/hưng phấn + drawdown20 -10% to 0% + label:volume_context_VOLUME_CẠN,41,58.54,21.95,-0.893,-1.491,-5.128,DOWNGRADE_TO_WATCH,MEDIUM_SAMPLE,Sinh từ V20.2 drilldown; chỉ dùng để hạ recommendation trong V18.2
V202_RULE_159,stock_dist_ma20 3-8% + sideway_score20 >= 2 + label:volume_context_VOLUME_TĂNG_VỪA,53,58.49,26.42,-0.475,-0.939,-4.294,DOWNGRADE_TO_WATCH,MEDIUM_SAMPLE,Sinh từ V20.2 drilldown; chỉ dùng để hạ recommendation trong V18.2
V202_RULE_160,stock_dist_ma20 < -3% + volatility_contraction20 < 0.8 + label:structure_context_KHÔNG_RÕ_NỀN,202,58.42,23.27,-1.825,-2.511,-6.004,DOWNGRADE_TO_WATCH,HIGH_SAMPLE,Sinh từ V20.2 drilldown; chỉ dùng để hạ recommendation trong V18.2
V202_RULE_031,stock_ret20 > 15% + market_dist_ma20 > 5%,36,58.33,33.33,-0.928,-1.462,-7.314,DOWNGRADE_TO_WATCH,MEDIUM_SAMPLE,Sinh từ V20.2 drilldown; chỉ dùng để hạ recommendation trong V18.2
V202_RULE_032,volume_ratio > 3x + label:volatility_context_VOLATILITY_TRUNG_TÍNH,36,58.33,19.44,-1.053,-1.901,-5.584,DOWNGRADE_TO_WATCH,MEDIUM_SAMPLE,Sinh từ V20.2 drilldown; chỉ dùng để hạ recommendation trong V18.2
V202_RULE_033,market_dist_ma20 > 5% + label:extension_context_TĂNG_NÓNG_TRƯỚC_SIGNAL,36,58.33,33.33,-0.928,-1.462,-7.314,DOWNGRADE_TO_WATCH,MEDIUM_SAMPLE,Sinh từ V20.2 drilldown; chỉ dùng để hạ recommendation trong V18.2
V202_RULE_161,stock_ret20 > 15% + market_dist_ma20 > 5% + market_context fomo/hưng phấn,36,58.33,33.33,-0.928,-1.462,-7.314,DOWNGRADE_TO_WATCH,MEDIUM_SAMPLE,Sinh từ V20.2 drilldown; chỉ dùng để hạ recommendation trong V18.2
V202_RULE_162,stock_ret20 > 15% + market_dist_ma20 > 5% + label:extension_context_TĂNG_NÓNG_TRƯỚC_SIGNAL,36,58.33,33.33,-0.928,-1.462,-7.314,DOWNGRADE_TO_WATCH,MEDIUM_SAMPLE,Sinh từ V20.2 drilldown; chỉ dùng để hạ recommendation trong V18.2
V202_RULE_163,stock_ret20 > 15% + market_dist_ma20 > 5% + label:structure_context_KHÔNG_RÕ_NỀN,36,58.33,33.33,-0.928,-1.462,-7.314,DOWNGRADE_TO_WATCH,MEDIUM_SAMPLE,Sinh từ V20.2 drilldown; chỉ dùng để hạ recommendation trong V18.2
V202_RULE_164,stock_ret20 > 15% + market_dist_ma20 > 5% + label:market_context_MARKET_HƯNG_PHẤN___DỄ_FOMO,36,58.33,33.33,-0.928,-1.462,-7.314,DOWNGRADE_TO_WATCH,MEDIUM_SAMPLE,Sinh từ V20.2 drilldown; chỉ dùng để hạ recommendation trong V18.2
V202_RULE_165,stock_ret20 > 15% + market_dist_ma20 > 5% + label:score_bucket_80+,36,58.33,33.33,-0.928,-1.462,-7.314,DOWNGRADE_TO_WATCH,MEDIUM_SAMPLE,Sinh từ V20.2 drilldown; chỉ dùng để hạ recommendation trong V18.2
V202_RULE_166,market_dist_ma20 > 5% + market_context fomo/hưng phấn + label:extension_context_TĂNG_NÓNG_TRƯỚC_SIGNAL,36,58.33,33.33,-0.928,-1.462,-7.314,DOWNGRADE_TO_WATCH,MEDIUM_SAMPLE,Sinh từ V20.2 drilldown; chỉ dùng để hạ recommendation trong V18.2
V202_RULE_034,volatility_contraction20 < 0.8 + label:market_regime_BÌNH_THƯỜNG,175,58.29,21.14,-1.31,-2.601,-5.417,DOWNGRADE_TO_WATCH,HIGH_SAMPLE,Sinh từ V20.2 drilldown; chỉ dùng để hạ recommendation trong V18.2
V202_RULE_167,volume_ratio < 1x + drawdown20 < -15% + label:market_context_MARKET_ỦNG_HỘ,67,58.21,23.88,-2.221,-1.91,-6.074,DOWNGRADE_TO_WATCH,MEDIUM_SAMPLE,Sinh từ V20.2 drilldown; chỉ dùng để hạ recommendation trong V18.2
V202_RULE_168,market_context fomo/hưng phấn + drawdown20 -10% to 0% + label:volatility_context_VOLATILITY_TRUNG_TÍNH,67,58.21,26.87,-0.643,-1.761,-5.781,DOWNGRADE_TO_WATCH,MEDIUM_SAMPLE,Sinh từ V20.2 drilldown; chỉ dùng để hạ recommendation trong V18.2
V202_RULE_169,sideway_score20 >= 2 + market_context fomo/hưng phấn + drawdown20 -10% to 0%,55,58.18,21.82,-0.496,-1.761,-4.563,DOWNGRADE_TO_WATCH,MEDIUM_SAMPLE,Sinh từ V20.2 drilldown; chỉ dùng để hạ recommendation trong V18.2
V202_RULE_170,sideway_score20 >= 2 + market_context fomo/hưng phấn + label:risk_context_PULLBACK_LÀNH_MẠNH,55,58.18,21.82,-0.496,-1.761,-4.563,DOWNGRADE_TO_WATCH,MEDIUM_SAMPLE,Sinh từ V20.2 drilldown; chỉ dùng để hạ recommendation trong V18.2
V202_RULE_171,sideway_score20 >= 2 + drawdown20 -10% to 0% + label:market_context_MARKET_HƯNG_PHẤN___DỄ_FOMO,55,58.18,21.82,-0.496,-1.761,-4.563,DOWNGRADE_TO_WATCH,MEDIUM_SAMPLE,Sinh từ V20.2 drilldown; chỉ dùng để hạ recommendation trong V18.2
V202_RULE_172,market_context fomo/hưng phấn + drawdown20 -10% to 0% + label:structure_context_CÓ_NỀN___SIDEWAY,55,58.18,21.82,-0.496,-1.761,-4.563,DOWNGRADE_TO_WATCH,MEDIUM_SAMPLE,Sinh từ V20.2 drilldown; chỉ dùng để hạ recommendation trong V18.2
V202_RULE_035,stock_ret20 > 15% + label:entry_context_ENTRY_GẦN_MA20,31,58.06,29.03,-1.585,-1.157,-6.897,DOWNGRADE_TO_WATCH,MEDIUM_SAMPLE,Sinh từ V20.2 drilldown; chỉ dùng để hạ recommendation trong V18.2
V202_RULE_173,stock_ret20 > 15% + market_dist_ma20 > 5% + label:market_regime_TĂNG_MẠNH,31,58.06,32.26,-1.021,-1.686,-7.529,DOWNGRADE_TO_WATCH,MEDIUM_SAMPLE,Sinh từ V20.2 drilldown; chỉ dùng để hạ recommendation trong V18.2
V202_RULE_174,stock_dist_ma20 > 8% + volume_ratio 1.2-2.0x + label:extension_context_KHÔNG_QUÁ_NÓNG,31,58.06,22.58,-0.819,-2.514,-6.947,DOWNGRADE_TO_WATCH,MEDIUM_SAMPLE,Sinh từ V20.2 drilldown; chỉ dùng để hạ recommendation trong V18.2
V202_RULE_175,stock_dist_ma20 < -3% + volatility_contraction20 < 0.8 + label:risk_context_RISK_TRUNG_TÍNH,119,57.98,25.21,-2.051,-2.712,-6.422,DOWNGRADE_TO_WATCH,HIGH_SAMPLE,Sinh từ V20.2 drilldown; chỉ dùng để hạ recommendation trong V18.2
V202_RULE_036,volume_ratio < 1x + market_ret5 > 4%,88,57.95,23.86,-1.155,-1.474,-5.704,DOWNGRADE_TO_WATCH,MEDIUM_SAMPLE,Sinh từ V20.2 drilldown; chỉ dùng để hạ recommendation trong V18.2
V202_RULE_176,stock_dist_ma20 < -3% + volume_ratio < 1x + label:volatility_context_VOLATILITY_TRUNG_TÍNH,233,57.94,28.76,-1.098,-1.531,-5.431,DOWNGRADE_TO_WATCH,HIGH_SAMPLE,Sinh từ V20.2 drilldown; chỉ dùng để hạ recommendation trong V18.2
V202_RULE_037,drawdown20 < -15% + label:market_context_MARKET_ỦNG_HỘ,76,57.89,23.68,-2.277,-2.057,-6.133,DOWNGRADE_TO_WATCH,MEDIUM_SAMPLE,Sinh từ V20.2 drilldown; chỉ dùng để hạ recommendation trong V18.2
V202_RULE_177,stock_ret5 > 8% + volatility_contraction20 > 1.3 + label:market_regime_RẤT_YẾU,38,57.89,39.47,1.19,0.526,-6.86,DOWNGRADE_TO_WATCH,MEDIUM_SAMPLE,Sinh từ V20.2 drilldown; chỉ dùng để hạ recommendation trong V18.2
V202_RULE_178,stock_dist_ma20 3-8% + sideway_score20 >= 2 + label:risk_context_RISK_TRUNG_TÍNH,38,57.89,28.95,-0.5,-0.729,-3.914,DOWNGRADE_TO_WATCH,MEDIUM_SAMPLE,Sinh từ V20.2 drilldown; chỉ dùng để hạ recommendation trong V18.2
V202_RULE_179,stock_dist_ma20 3-8% + drawdown20 -10% to 0% + label:volume_context_VOLUME_TĂNG_VỪA,180,57.78,30.56,-0.437,-0.84,-5.359,DOWNGRADE_TO_WATCH,HIGH_SAMPLE,Sinh từ V20.2 drilldown; chỉ dùng để hạ recommendation trong V18.2
V202_RULE_038,market_context fomo/hưng phấn + label:volume_context_VOLUME_CẠN,45,57.78,22.22,-0.888,-1.248,-4.952,DOWNGRADE_TO_WATCH,MEDIUM_SAMPLE,Sinh từ V20.2 drilldown; chỉ dùng để hạ recommendation trong V18.2
V202_RULE_180,volume_ratio < 1x + market_dist_ma20 > 5% + drawdown20 -10% to 0%,45,57.78,31.11,-1.133,-1.444,-5.045,DOWNGRADE_TO_WATCH,MEDIUM_SAMPLE,Sinh từ V20.2 drilldown; chỉ dùng để hạ recommendation trong V18.2
V202_RULE_181,volume_ratio < 1x + market_dist_ma20 > 5% + label:risk_context_PULLBACK_LÀNH_MẠNH,45,57.78,31.11,-1.133,-1.444,-5.045,DOWNGRADE_TO_WATCH,MEDIUM_SAMPLE,Sinh từ V20.2 drilldown; chỉ dùng để hạ recommendation trong V18.2
V202_RULE_182,stock_dist_ma20 3-8% + market_ret20 < -5% + label:market_regime_RẤT_YẾU,52,57.69,32.69,-0.024,0.091,-5.551,DOWNGRADE_TO_WATCH,MEDIUM_SAMPLE,Sinh từ V20.2 drilldown; chỉ dùng để hạ recommendation trong V18.2
V202_RULE_183,market_ret5 > 4% + market_context fomo/hưng phấn + label:volume_context_VOLUME_TĂNG_VỪA,52,57.69,32.69,-0.936,-1.569,-6.464,DOWNGRADE_TO_WATCH,MEDIUM_SAMPLE,Sinh từ V20.2 drilldown; chỉ dùng để hạ recommendation trong V18.2
V202_RULE_039,sideway_score20 >= 2 + market_context fomo/hưng phấn,59,57.63,23.73,-0.373,-1.449,-4.558,DOWNGRADE_TO_WATCH,MEDIUM_SAMPLE,Sinh từ V20.2 drilldown; chỉ dùng để hạ recommendation trong V18.2
V202_RULE_040,sideway_score20 >= 2 + label:market_context_MARKET_HƯNG_PHẤN___DỄ_FOMO,59,57.63,23.73,-0.373,-1.449,-4.558,DOWNGRADE_TO_WATCH,MEDIUM_SAMPLE,Sinh từ V20.2 drilldown; chỉ dùng để hạ recommendation trong V18.2
V202_RULE_041,market_context fomo/hưng phấn + label:structure_context_CÓ_NỀN___SIDEWAY,59,57.63,23.73,-0.373,-1.449,-4.558,DOWNGRADE_TO_WATCH,MEDIUM_SAMPLE,Sinh từ V20.2 drilldown; chỉ dùng để hạ recommendation trong V18.2
V202_RULE_184,sideway_score20 >= 2 + market_context fomo/hưng phấn + label:extension_context_KHÔNG_QUÁ_NÓNG,59,57.63,23.73,-0.373,-1.449,-4.558,DOWNGRADE_TO_WATCH,MEDIUM_SAMPLE,Sinh từ V20.2 drilldown; chỉ dùng để hạ recommendation trong V18.2
V202_RULE_185,sideway_score20 >= 2 + market_context fomo/hưng phấn + label:structure_context_CÓ_NỀN___SIDEWAY,59,57.63,23.73,-0.373,-1.449,-4.558,DOWNGRADE_TO_WATCH,MEDIUM_SAMPLE,Sinh từ V20.2 drilldown; chỉ dùng để hạ recommendation trong V18.2
V202_RULE_186,sideway_score20 >= 2 + market_context fomo/hưng phấn + label:market_context_MARKET_HƯNG_PHẤN___DỄ_FOMO,59,57.63,23.73,-0.373,-1.449,-4.558,DOWNGRADE_TO_WATCH,MEDIUM_SAMPLE,Sinh từ V20.2 drilldown; chỉ dùng để hạ recommendation trong V18.2
V202_RULE_187,volatility_contraction20 < 0.8 + market_dist_ma20 > 5% + market_context fomo/hưng phấn,33,57.58,36.36,-1.209,-0.882,-5.114,DOWNGRADE_TO_WATCH,MEDIUM_SAMPLE,Sinh từ V20.2 drilldown; chỉ dùng để hạ recommendation trong V18.2
V202_RULE_188,volatility_contraction20 < 0.8 + market_dist_ma20 > 5% + label:market_context_MARKET_HƯNG_PHẤN___DỄ_FOMO,33,57.58,36.36,-1.209,-0.882,-5.114,DOWNGRADE_TO_WATCH,MEDIUM_SAMPLE,Sinh từ V20.2 drilldown; chỉ dùng để hạ recommendation trong V18.2
V202_RULE_189,market_ret5 > 4% + drawdown20 -10% to 0% + label:volume_context_VOLUME_TĂNG_VỪA,33,57.58,27.27,-0.895,-2.106,-6.67,DOWNGRADE_TO_WATCH,MEDIUM_SAMPLE,Sinh từ V20.2 drilldown; chỉ dùng để hạ recommendation trong V18.2
V202_RULE_190,market_dist_ma20 > 5% + market_context fomo/hưng phấn + label:volatility_context_VOLATILITY_CO_HẸP,33,57.58,36.36,-1.209,-0.882,-5.114,DOWNGRADE_TO_WATCH,MEDIUM_SAMPLE,Sinh từ V20.2 drilldown; chỉ dùng để hạ recommendation trong V18.2
V202_RULE_191,stock_dist_ma20 < -3% + volume_ratio < 1x + label:extension_context_SUY_YẾU_TRƯỚC_SIGNAL,139,57.55,28.06,-1.895,-1.968,-5.97,DOWNGRADE_TO_WATCH,HIGH_SAMPLE,Sinh từ V20.2 drilldown; chỉ dùng để hạ recommendation trong V18.2
V202_RULE_042,drawdown20 < -15% + label:market_regime_TÍCH_CỰC,40,57.5,25.0,-1.707,-1.862,-5.388,DOWNGRADE_TO_WATCH,MEDIUM_SAMPLE,Sinh từ V20.2 drilldown; chỉ dùng để hạ recommendation trong V18.2
V202_RULE_192,sideway_score20 >= 2 + market_ret5 > 4% + label:entry_context_ENTRY_GẦN_MA20,40,57.5,22.5,-0.318,-1.962,-4.823,DOWNGRADE_TO_WATCH,MEDIUM_SAMPLE,Sinh từ V20.2 drilldown; chỉ dùng để hạ recommendation trong V18.2
V202_RULE_193,volatility_contraction20 < 0.8 + drawdown20 -10% to 0% + label:market_regime_BÌNH_THƯỜNG,127,57.48,25.2,-1.127,-2.35,-5.168,DOWNGRADE_TO_WATCH,HIGH_SAMPLE,Sinh từ V20.2 drilldown; chỉ dùng để hạ recommendation trong V18.2
V202_RULE_194,stock_dist_ma20 < -3% + volatility_contraction20 < 0.8 + label:score_bucket_80+,47,57.45,21.28,-1.18,-2.247,-5.552,DOWNGRADE_TO_WATCH,MEDIUM_SAMPLE,Sinh từ V20.2 drilldown; chỉ dùng để hạ recommendation trong V18.2
V202_RULE_195,stock_dist_ma20 3-8% + drawdown20 -10% to 0% + label:market_regime_BÌNH_THƯỜNG,61,57.38,31.15,-0.385,-2.04,-5.517,DOWNGRADE_TO_WATCH,MEDIUM_SAMPLE,Sinh từ V20.2 drilldown; chỉ dùng để hạ recommendation trong V18.2
V202_RULE_043,market_context fomo/hưng phấn + label:entry_context_ENTRY_GẦN_MA20,89,57.3,25.84,-0.476,-1.148,-4.804,DOWNGRADE_TO_WATCH,MEDIUM_SAMPLE,Sinh từ V20.2 drilldown; chỉ dùng để hạ recommendation trong V18.2
V202_RULE_196,stock_dist_ma20 < -3% + volatility_contraction20 < 0.8 + label:market_context_MARKET_ỦNG_HỘ,103,57.28,23.3,-1.304,-1.647,-4.79,DOWNGRADE_TO_WATCH,HIGH_SAMPLE,Sinh từ V20.2 drilldown; chỉ dùng để hạ recommendation trong V18.2
V202_RULE_197,volume_ratio < 1x + volatility_contraction20 < 0.8 + label:market_regime_BÌNH_THƯỜNG,154,57.14,20.78,-1.25,-2.453,-5.333,DOWNGRADE_TO_WATCH,HIGH_SAMPLE,Sinh từ V20.2 drilldown; chỉ dùng để hạ recommendation trong V18.2
V202_RULE_198,market_context fomo/hưng phấn + drawdown20 -10% to 0% + label:score_bucket_80+,147,57.14,32.65,-0.456,-0.916,-5.912,DOWNGRADE_TO_WATCH,HIGH_SAMPLE,Sinh từ V20.2 drilldown; chỉ dùng để hạ recommendation trong V18.2
V202_RULE_199,stock_dist_ma20 < -3% + volatility_contraction20 < 0.8 + label:volume_context_VOLUME_CẠN,91,57.14,18.68,-1.035,-1.996,-5.102,DOWNGRADE_TO_WATCH,MEDIUM_SAMPLE,Sinh từ V20.2 drilldown; chỉ dùng để hạ recommendation trong V18.2
V202_RULE_200,market_context fomo/hưng phấn + drawdown20 -10% to 0% + label:entry_context_ENTRY_GẦN_MA20,84,57.14,25.0,-0.62,-1.274,-4.822,DOWNGRADE_TO_WATCH,MEDIUM_SAMPLE,Sinh từ V20.2 drilldown; chỉ dùng để hạ recommendation trong V18.2
V202_RULE_201,volume_ratio < 1x + market_ret5 > 4% + label:extension_context_KHÔNG_QUÁ_NÓNG,70,57.14,22.86,-0.991,-1.14,-5.31,DOWNGRADE_TO_WATCH,MEDIUM_SAMPLE,Sinh từ V20.2 drilldown; chỉ dùng để hạ recommendation trong V18.2
V202_RULE_202,stock_ret5 > 8% + stock_dist_ma20 > 8% + label:extension_context_KHÔNG_QUÁ_NÓNG,56,57.14,28.57,-0.534,-0.855,-6.52,DOWNGRADE_TO_WATCH,MEDIUM_SAMPLE,Sinh từ V20.2 drilldown; chỉ dùng để hạ recommendation trong V18.2
V202_RULE_203,stock_dist_ma20 3-8% + range20 <= 10% + label:volume_context_VOLUME_TĂNG_VỪA,49,57.14,22.45,-0.529,-1.469,-4.097,DOWNGRADE_TO_WATCH,MEDIUM_SAMPLE,Sinh từ V20.2 drilldown; chỉ dùng để hạ recommendation trong V18.2
V202_RULE_204,stock_dist_ma20 < -3% + drawdown20 < -15% + label:extension_context_KHÔNG_QUÁ_NÓNG,49,57.14,28.57,0.394,-0.512,-4.657,DOWNGRADE_TO_WATCH,MEDIUM_SAMPLE,Sinh từ V20.2 drilldown; chỉ dùng để hạ recommendation trong V18.2
V202_RULE_205,volume_ratio < 1x + market_ret5 > 4% + label:entry_context_ENTRY_GẦN_MA20,49,57.14,20.41,-0.699,-1.275,-4.81,DOWNGRADE_TO_WATCH,MEDIUM_SAMPLE,Sinh từ V20.2 drilldown; chỉ dùng để hạ recommendation trong V18.2
V202_RULE_206,sideway_score20 >= 2 + market_context fomo/hưng phấn + label:market_regime_TĂNG_MẠNH,49,57.14,22.45,-0.261,-1.467,-4.904,DOWNGRADE_TO_WATCH,MEDIUM_SAMPLE,Sinh từ V20.2 drilldown; chỉ dùng để hạ recommendation trong V18.2
V202_RULE_207,volume_ratio < 1x + market_dist_ma20 > 5% + label:extension_context_KHÔNG_QUÁ_NÓNG,42,57.14,30.95,-1.018,-1.0,-4.829,DOWNGRADE_TO_WATCH,MEDIUM_SAMPLE,Sinh từ V20.2 drilldown; chỉ dùng để hạ recommendation trong V18.2
V202_RULE_208,volatility_contraction20 < 0.8 + drawdown20 < -15% + label:volume_context_VOLUME_TRUNG_TÍNH,35,57.14,34.29,-2.565,-1.43,-5.274,DOWNGRADE_TO_WATCH,MEDIUM_SAMPLE,Sinh từ V20.2 drilldown; chỉ dùng để hạ recommendation trong V18.2
V202_RULE_044,market_ret5 > 4% + label:volume_context_VOLUME_TĂNG_VỪA,58,56.9,31.03,-0.83,-1.217,-6.522,DOWNGRADE_TO_WATCH,MEDIUM_SAMPLE,Sinh từ V20.2 drilldown; chỉ dùng để hạ recommendation trong V18.2
V202_RULE_209,volume_ratio < 1x + market_ret5 > 4% + label:market_regime_TĂNG_MẠNH,51,56.86,25.49,-0.912,-1.654,-5.68,DOWNGRADE_TO_WATCH,MEDIUM_SAMPLE,Sinh từ V20.2 drilldown; chỉ dùng để hạ recommendation trong V18.2
V202_RULE_210,volume_ratio < 1x + market_dist_ma20 > 5% + market_context fomo/hưng phấn,51,56.86,33.33,-1.455,-1.553,-5.671,DOWNGRADE_TO_WATCH,MEDIUM_SAMPLE,Sinh từ V20.2 drilldown; chỉ dùng để hạ recommendation trong V18.2
V202_RULE_211,volume_ratio < 1x + market_dist_ma20 > 5% + label:market_context_MARKET_HƯNG_PHẤN___DỄ_FOMO,51,56.86,33.33,-1.455,-1.553,-5.671,DOWNGRADE_TO_WATCH,MEDIUM_SAMPLE,Sinh từ V20.2 drilldown; chỉ dùng để hạ recommendation trong V18.2
V202_RULE_212,stock_dist_ma20 < -3% + drawdown20 -10% to 0% + label:market_regime_TĂNG_MẠNH,44,56.82,27.27,-1.027,-1.693,-4.794,DOWNGRADE_TO_WATCH,MEDIUM_SAMPLE,Sinh từ V20.2 drilldown; chỉ dùng để hạ recommendation trong V18.2
V202_RULE_213,sideway_score20 >= 2 + market_ret5 > 4% + drawdown20 -10% to 0%,44,56.82,22.73,-0.389,-1.691,-4.786,DOWNGRADE_TO_WATCH,MEDIUM_SAMPLE,Sinh từ V20.2 drilldown; chỉ dùng để hạ recommendation trong V18.2
V202_RULE_214,sideway_score20 >= 2 + market_ret5 > 4% + label:risk_context_PULLBACK_LÀNH_MẠNH,44,56.82,22.73,-0.389,-1.691,-4.786,DOWNGRADE_TO_WATCH,MEDIUM_SAMPLE,Sinh từ V20.2 drilldown; chỉ dùng để hạ recommendation trong V18.2
V202_RULE_215,market_ret5 > 4% + drawdown20 -10% to 0% + label:structure_context_CÓ_NỀN___SIDEWAY,44,56.82,22.73,-0.389,-1.691,-4.786,DOWNGRADE_TO_WATCH,MEDIUM_SAMPLE,Sinh từ V20.2 drilldown; chỉ dùng để hạ recommendation trong V18.2
V202_RULE_216,stock_dist_ma20 3-8% + range20 <= 10% + drawdown20 -10% to 0%,37,56.76,18.92,-0.026,-1.527,-3.878,DOWNGRADE_TO_WATCH,MEDIUM_SAMPLE,Sinh từ V20.2 drilldown; chỉ dùng để hạ recommendation trong V18.2
V202_RULE_217,stock_dist_ma20 3-8% + range20 <= 10% + label:risk_context_PULLBACK_LÀNH_MẠNH,37,56.76,18.92,-0.026,-1.527,-3.878,DOWNGRADE_TO_WATCH,MEDIUM_SAMPLE,Sinh từ V20.2 drilldown; chỉ dùng để hạ recommendation trong V18.2
V202_RULE_218,range20 <= 10% + drawdown20 -10% to 0% + label:entry_context_ENTRY_LƯNG_CHỪNG_TRÊN_MA20,37,56.76,18.92,-0.026,-1.527,-3.878,DOWNGRADE_TO_WATCH,MEDIUM_SAMPLE,Sinh từ V20.2 drilldown; chỉ dùng để hạ recommendation trong V18.2
V202_RULE_219,stock_dist_ma20 < -3% + drawdown20 -10% to 0% + label:volatility_context_VOLATILITY_TRUNG_TÍNH,97,56.7,25.77,-1.907,-1.522,-5.548,DOWNGRADE_TO_WATCH,MEDIUM_SAMPLE,Sinh từ V20.2 drilldown; chỉ dùng để hạ recommendation trong V18.2
V202_RULE_220,range20 <= 10% + market_context fomo/hưng phấn + label:entry_context_ENTRY_GẦN_MA20,30,56.67,26.67,-0.084,-1.163,-3.558,DOWNGRADE_TO_WATCH,MEDIUM_SAMPLE,Sinh từ V20.2 drilldown; chỉ dùng để hạ recommendation trong V18.2
V202_RULE_045,market_context fomo/hưng phấn + drawdown20 -10% to 0%,175,56.57,29.71,-0.625,-1.068,-5.807,DOWNGRADE_TO_WATCH,HIGH_SAMPLE,Sinh từ V20.2 drilldown; chỉ dùng để hạ recommendation trong V18.2
V202_RULE_046,market_context fomo/hưng phấn + label:risk_context_PULLBACK_LÀNH_MẠNH,175,56.57,29.71,-0.625,-1.068,-5.807,DOWNGRADE_TO_WATCH,HIGH_SAMPLE,Sinh từ V20.2 drilldown; chỉ dùng để hạ recommendation trong V18.2
V202_RULE_047,drawdown20 -10% to 0% + label:market_context_MARKET_HƯNG_PHẤN___DỄ_FOMO,175,56.57,29.71,-0.625,-1.068,-5.807,DOWNGRADE_TO_WATCH,HIGH_SAMPLE,Sinh từ V20.2 drilldown; chỉ dùng để hạ recommendation trong V18.2
V202_RULE_221,market_context fomo/hưng phấn + drawdown20 -10% to 0% + label:risk_context_PULLBACK_LÀNH_MẠNH,175,56.57,29.71,-0.625,-1.068,-5.807,DOWNGRADE_TO_WATCH,HIGH_SAMPLE,Sinh từ V20.2 drilldown; chỉ dùng để hạ recommendation trong V18.2
V202_RULE_222,market_context fomo/hưng phấn + drawdown20 -10% to 0% + label:market_context_MARKET_HƯNG_PHẤN___DỄ_FOMO,175,56.57,29.71,-0.625,-1.068,-5.807,DOWNGRADE_TO_WATCH,HIGH_SAMPLE,Sinh từ V20.2 drilldown; chỉ dùng để hạ recommendation trong V18.2
V202_RULE_223,stock_ret5 > 8% + stock_dist_ma20 3-8% + volatility_contraction20 > 1.3,46,56.52,34.78,0.064,-0.38,-5.484,DOWNGRADE_TO_WATCH,MEDIUM_SAMPLE,Sinh từ V20.2 drilldown; chỉ dùng để hạ recommendation trong V18.2
V202_RULE_224,stock_ret5 > 8% + stock_dist_ma20 3-8% + label:volatility_context_VOLATILITY_MỞ_RỘNG,46,56.52,34.78,0.064,-0.38,-5.484,DOWNGRADE_TO_WATCH,MEDIUM_SAMPLE,Sinh từ V20.2 drilldown; chỉ dùng để hạ recommendation trong V18.2
V202_RULE_225,stock_ret5 > 8% + volatility_contraction20 > 1.3 + label:entry_context_ENTRY_LƯNG_CHỪNG_TRÊN_MA20,46,56.52,34.78,0.064,-0.38,-5.484,DOWNGRADE_TO_WATCH,MEDIUM_SAMPLE,Sinh từ V20.2 drilldown; chỉ dùng để hạ recommendation trong V18.2
V202_RULE_226,stock_dist_ma20 < -3% + volatility_contraction20 < 0.8 + label:market_regime_TÍCH_CỰC,85,56.47,23.53,-1.802,-1.91,-5.119,DOWNGRADE_TO_WATCH,MEDIUM_SAMPLE,Sinh từ V20.2 drilldown; chỉ dùng để hạ recommendation trong V18.2
V202_RULE_227,volume_ratio 1.2-2.0x + volatility_contraction20 < 0.8 + label:extension_context_KHÔNG_QUÁ_NÓNG,85,56.47,27.06,-0.717,-1.215,-4.808,DOWNGRADE_TO_WATCH,MEDIUM_SAMPLE,Sinh từ V20.2 drilldown; chỉ dùng để hạ recommendation trong V18.2
V202_RULE_048,stock_dist_ma20 3-8% + label:market_regime_RẤT_YẾU,124,56.45,34.68,-0.624,-1.063,-6.039,DOWNGRADE_TO_WATCH,HIGH_SAMPLE,Sinh từ V20.2 drilldown; chỉ dùng để hạ recommendation trong V18.2
V202_RULE_228,stock_dist_ma20 3-8% + market_context risk-off + label:market_regime_RẤT_YẾU,124,56.45,34.68,-0.624,-1.063,-6.039,DOWNGRADE_TO_WATCH,HIGH_SAMPLE,Sinh từ V20.2 drilldown; chỉ dùng để hạ recommendation trong V18.2
V202_RULE_229,stock_ret5 > 8% + drawdown20 -10% to 0% + label:market_regime_RẤT_YẾU,39,56.41,35.9,0.184,-0.233,-6.986,DOWNGRADE_TO_WATCH,MEDIUM_SAMPLE,Sinh từ V20.2 drilldown; chỉ dùng để hạ recommendation trong V18.2
V202_RULE_230,volatility_contraction20 < 0.8 + market_ret5 > 4% + drawdown20 -10% to 0%,39,56.41,28.21,-1.367,-1.132,-5.454,DOWNGRADE_TO_WATCH,MEDIUM_SAMPLE,Sinh từ V20.2 drilldown; chỉ dùng để hạ recommendation trong V18.2
V202_RULE_231,volatility_contraction20 < 0.8 + market_ret5 > 4% + label:risk_context_PULLBACK_LÀNH_MẠNH,39,56.41,28.21,-1.367,-1.132,-5.454,DOWNGRADE_TO_WATCH,MEDIUM_SAMPLE,Sinh từ V20.2 drilldown; chỉ dùng để hạ recommendation trong V18.2
V202_RULE_232,market_ret5 > 4% + drawdown20 -10% to 0% + label:volatility_context_VOLATILITY_CO_HẸP,39,56.41,28.21,-1.367,-1.132,-5.454,DOWNGRADE_TO_WATCH,MEDIUM_SAMPLE,Sinh từ V20.2 drilldown; chỉ dùng để hạ recommendation trong V18.2
V202_RULE_049,stock_dist_ma20 < -3% + label:score_bucket_80+,133,56.39,28.57,-0.728,-1.011,-5.187,DOWNGRADE_TO_WATCH,HIGH_SAMPLE,Sinh từ V20.2 drilldown; chỉ dùng để hạ recommendation trong V18.2
V202_RULE_233,stock_dist_ma20 < -3% + volume_ratio < 1x + label:risk_context_RISK_TRUNG_TÍNH,275,56.36,30.18,-1.063,-1.676,-5.663,DOWNGRADE_TO_WATCH,HIGH_SAMPLE,Sinh từ V20.2 drilldown; chỉ dùng để hạ recommendation trong V18.2
V202_RULE_234,stock_dist_ma20 3-8% + volatility_contraction20 < 0.8 + label:score_bucket_80+,142,56.34,23.94,-0.808,-1.022,-4.905,DOWNGRADE_TO_WATCH,HIGH_SAMPLE,Sinh từ V20.2 drilldown; chỉ dùng để hạ recommendation trong V18.2
V202_RULE_001,market_context fomo/hưng phấn,238,56.3,31.51,-0.779,-1.107,-6.027,DOWNGRADE_TO_WATCH,HIGH_SAMPLE,Sinh từ V20.2 drilldown; chỉ dùng để hạ recommendation trong V18.2
V202_RULE_002,label:market_context_MARKET_HƯNG_PHẤN___DỄ_FOMO,238,56.3,31.51,-0.779,-1.107,-6.027,DOWNGRADE_TO_WATCH,HIGH_SAMPLE,Sinh từ V20.2 drilldown; chỉ dùng để hạ recommendation trong V18.2
V202_RULE_050,market_context fomo/hưng phấn + label:market_context_MARKET_HƯNG_PHẤN___DỄ_FOMO,238,56.3,31.51,-0.779,-1.107,-6.027,DOWNGRADE_TO_WATCH,HIGH_SAMPLE,Sinh từ V20.2 drilldown; chỉ dùng để hạ recommendation trong V18.2
V202_RULE_235,stock_dist_ma20 3-8% + market_context fomo/hưng phấn + label:structure_context_KHÔNG_RÕ_NỀN,64,56.25,37.5,-0.894,-1.192,-6.385,DOWNGRADE_TO_WATCH,MEDIUM_SAMPLE,Sinh từ V20.2 drilldown; chỉ dùng để hạ recommendation trong V18.2
V202_RULE_236,stock_dist_ma20 3-8% + market_context fomo/hưng phấn + label:score_bucket_80+,64,56.25,37.5,-0.581,-0.879,-6.101,DOWNGRADE_TO_WATCH,MEDIUM_SAMPLE,Sinh từ V20.2 drilldown; chỉ dùng để hạ recommendation trong V18.2
V202_RULE_237,sideway_score20 >= 2 + market_ret5 > 4% + label:score_bucket_80+,32,56.25,34.38,0.264,-1.035,-4.931,DOWNGRADE_TO_WATCH,MEDIUM_SAMPLE,Sinh từ V20.2 drilldown; chỉ dùng để hạ recommendation trong V18.2
V202_RULE_051,market_context fomo/hưng phấn + label:extension_context_KHÔNG_QUÁ_NÓNG,178,56.18,30.9,-0.585,-1.014,-5.613,DOWNGRADE_TO_WATCH,HIGH_SAMPLE,Sinh từ V20.2 drilldown; chỉ dùng để hạ recommendation trong V18.2
V202_RULE_052,stock_dist_ma20 < -3% + label:volatility_context_VOLATILITY_TRUNG_TÍNH,292,56.16,30.14,-1.235,-1.297,-5.383,DOWNGRADE_TO_WATCH,HIGH_SAMPLE,Sinh từ V20.2 drilldown; chỉ dùng để hạ recommendation trong V18.2
V202_RULE_238,stock_dist_ma20 3-8% + range20 <= 10% + label:market_regime_TĂNG_MẠNH,41,56.1,21.95,-0.07,-1.313,-4.095,DOWNGRADE_TO_WATCH,MEDIUM_SAMPLE,Sinh từ V20.2 drilldown; chỉ dùng để hạ recommendation trong V18.2
V202_RULE_239,volume_ratio 1.2-2.0x + market_context fomo/hưng phấn + label:volume_context_VOLUME_TĂNG_VỪA,41,56.1,31.71,-1.144,-1.142,-6.671,DOWNGRADE_TO_WATCH,MEDIUM_SAMPLE,Sinh từ V20.2 drilldown; chỉ dùng để hạ recommendation trong V18.2
V202_RULE_240,volume_ratio 1.2-2.0x + sideway_score20 >= 2 + label:market_context_MARKET_ỦNG_HỘ,91,56.04,21.98,-0.63,-0.624,-3.365,DOWNGRADE_TO_WATCH,MEDIUM_SAMPLE,Sinh từ V20.2 drilldown; chỉ dùng để hạ recommendation trong V18.2
V202_RULE_241,stock_dist_ma20 < -3% + volume_ratio < 1x + drawdown20 < -15%,116,56.03,27.59,-1.132,-1.4,-5.559,DOWNGRADE_TO_WATCH,HIGH_SAMPLE,Sinh từ V20.2 drilldown; chỉ dùng để hạ recommendation trong V18.2
V202_RULE_242,stock_dist_ma20 < -3% + volume_ratio < 1x + label:risk_context_DRAWDOWN_SÂU,116,56.03,27.59,-1.132,-1.4,-5.559,DOWNGRADE_TO_WATCH,HIGH_SAMPLE,Sinh từ V20.2 drilldown; chỉ dùng để hạ recommendation trong V18.2
V202_RULE_243,volume_ratio < 1x + drawdown20 < -15% + label:entry_context_ENTRY_DƯỚI_MA20___YẾU,116,56.03,27.59,-1.132,-1.4,-5.559,DOWNGRADE_TO_WATCH,HIGH_SAMPLE,Sinh từ V20.2 drilldown; chỉ dùng để hạ recommendation trong V18.2
V202_RULE_244,stock_dist_ma20 < -3% + volume_ratio < 1x + label:score_bucket_80+,100,56.0,30.0,-0.66,-1.274,-5.42,DOWNGRADE_TO_WATCH,HIGH_SAMPLE,Sinh từ V20.2 drilldown; chỉ dùng để hạ recommendation trong V18.2
V202_RULE_245,stock_dist_ma20 3-8% + range20 <= 10% + label:score_bucket_80+,68,55.88,20.59,-0.323,-1.419,-3.898,DOWNGRADE_TO_WATCH,MEDIUM_SAMPLE,Sinh từ V20.2 drilldown; chỉ dùng để hạ recommendation trong V18.2
V202_RULE_246,stock_dist_ma20 3-8% + market_context fomo/hưng phấn + label:volatility_context_VOLATILITY_TRUNG_TÍNH,34,55.88,38.24,-0.501,-1.08,-5.833,DOWNGRADE_TO_WATCH,MEDIUM_SAMPLE,Sinh từ V20.2 drilldown; chỉ dùng để hạ recommendation trong V18.2
V202_RULE_247,stock_dist_ma20 < -3% + volume_ratio < 1x + label:volume_context_VOLUME_TĂNG_VỪA,34,55.88,29.41,-1.241,-1.876,-5.884,DOWNGRADE_TO_WATCH,MEDIUM_SAMPLE,Sinh từ V20.2 drilldown; chỉ dùng để hạ recommendation trong V18.2
V202_RULE_248,volume_ratio 1.2-2.0x + sideway_score20 >= 2 + label:market_regime_TÍCH_CỰC,34,55.88,17.65,-0.502,-0.75,-3.043,DOWNGRADE_TO_WATCH,MEDIUM_SAMPLE,Sinh từ V20.2 drilldown; chỉ dùng để hạ recommendation trong V18.2
V202_RULE_053,market_context fomo/hưng phấn + label:structure_context_KHÔNG_RÕ_NỀN,179,55.87,34.08,-0.912,-0.995,-6.511,DOWNGRADE_TO_WATCH,HIGH_SAMPLE,Sinh từ V20.2 drilldown; chỉ dùng để hạ recommendation trong V18.2
V202_RULE_249,stock_dist_ma20 3-8% + volatility_contraction20 < 0.8 + drawdown20 -10% to 0%,145,55.86,26.21,-0.579,-0.842,-4.899,DOWNGRADE_TO_WATCH,HIGH_SAMPLE,Sinh từ V20.2 drilldown; chỉ dùng để hạ recommendation trong V18.2
V202_RULE_250,stock_dist_ma20 3-8% + volatility_contraction20 < 0.8 + label:risk_context_PULLBACK_LÀNH_MẠNH,145,55.86,26.21,-0.579,-0.842,-4.899,DOWNGRADE_TO_WATCH,HIGH_SAMPLE,Sinh từ V20.2 drilldown; chỉ dùng để hạ recommendation trong V18.2
V202_RULE_251,stock_dist_ma20 3-8% + drawdown20 -10% to 0% + label:volatility_context_VOLATILITY_CO_HẸP,145,55.86,26.21,-0.579,-0.842,-4.899,DOWNGRADE_TO_WATCH,HIGH_SAMPLE,Sinh từ V20.2 drilldown; chỉ dùng để hạ recommendation trong V18.2
V202_RULE_252,volatility_contraction20 < 0.8 + drawdown20 -10% to 0% + label:entry_context_ENTRY_LƯNG_CHỪNG_TRÊN_MA20,145,55.86,26.21,-0.579,-0.842,-4.899,DOWNGRADE_TO_WATCH,HIGH_SAMPLE,Sinh từ V20.2 drilldown; chỉ dùng để hạ recommendation trong V18.2
V202_RULE_253,market_context fomo/hưng phấn + drawdown20 -10% to 0% + label:structure_context_KHÔNG_RÕ_NỀN,120,55.83,33.33,-0.684,-0.75,-6.377,DOWNGRADE_TO_WATCH,HIGH_SAMPLE,Sinh từ V20.2 drilldown; chỉ dùng để hạ recommendation trong V18.2
V202_RULE_054,stock_dist_ma20 3-8% + volume_ratio > 3x,43,55.81,20.93,-0.476,-2.059,-5.158,DOWNGRADE_TO_WATCH,MEDIUM_SAMPLE,Sinh từ V20.2 drilldown; chỉ dùng để hạ recommendation trong V18.2
V202_RULE_055,volume_ratio > 3x + label:entry_context_ENTRY_LƯNG_CHỪNG_TRÊN_MA20,43,55.81,20.93,-0.476,-2.059,-5.158,DOWNGRADE_TO_WATCH,MEDIUM_SAMPLE,Sinh từ V20.2 drilldown; chỉ dùng để hạ recommendation trong V18.2
V202_RULE_254,stock_dist_ma20 3-8% + volume_ratio > 3x + label:entry_context_ENTRY_LƯNG_CHỪNG_TRÊN_MA20,43,55.81,20.93,-0.476,-2.059,-5.158,DOWNGRADE_TO_WATCH,MEDIUM_SAMPLE,Sinh từ V20.2 drilldown; chỉ dùng để hạ recommendation trong V18.2
V202_RULE_255,stock_dist_ma20 3-8% + volume_ratio > 3x + label:extension_context_KHÔNG_QUÁ_NÓNG,43,55.81,20.93,-0.476,-2.059,-5.158,DOWNGRADE_TO_WATCH,MEDIUM_SAMPLE,Sinh từ V20.2 drilldown; chỉ dùng để hạ recommendation trong V18.2
V202_RULE_256,market_context fomo/hưng phấn + drawdown20 -10% to 0% + label:extension_context_KHÔNG_QUÁ_NÓNG,147,55.78,29.25,-0.479,-1.092,-5.431,DOWNGRADE_TO_WATCH,HIGH_SAMPLE,Sinh từ V20.2 drilldown; chỉ dùng để hạ recommendation trong V18.2
V202_RULE_257,stock_dist_ma20 3-8% + market_dist_ma20 > 5% + label:structure_context_KHÔNG_RÕ_NỀN,52,55.77,36.54,-0.852,-1.076,-5.975,DOWNGRADE_TO_WATCH,MEDIUM_SAMPLE,Sinh từ V20.2 drilldown; chỉ dùng để hạ recommendation trong V18.2
V202_RULE_056,stock_dist_ma20 3-8% + volatility_contraction20 < 0.8,165,55.76,26.06,-0.699,-0.985,-4.954,DOWNGRADE_TO_WATCH,HIGH_SAMPLE,Sinh từ V20.2 drilldown; chỉ dùng để hạ recommendation trong V18.2
V202_RULE_057,stock_dist_ma20 3-8% + label:volatility_context_VOLATILITY_CO_HẸP,165,55.76,26.06,-0.699,-0.985,-4.954,DOWNGRADE_TO_WATCH,HIGH_SAMPLE,Sinh từ V20.2 drilldown; chỉ dùng để hạ recommendation trong V18.2
V202_RULE_058,volatility_contraction20 < 0.8 + label:entry_context_ENTRY_LƯNG_CHỪNG_TRÊN_MA20,165,55.76,26.06,-0.699,-0.985,-4.954,DOWNGRADE_TO_WATCH,HIGH_SAMPLE,Sinh từ V20.2 drilldown; chỉ dùng để hạ recommendation trong V18.2
V202_RULE_258,stock_dist_ma20 3-8% + volatility_contraction20 < 0.8 + label:entry_context_ENTRY_LƯNG_CHỪNG_TRÊN_MA20,165,55.76,26.06,-0.699,-0.985,-4.954,DOWNGRADE_TO_WATCH,HIGH_SAMPLE,Sinh từ V20.2 drilldown; chỉ dùng để hạ recommendation trong V18.2
V202_RULE_259,stock_dist_ma20 3-8% + volatility_contraction20 < 0.8 + label:volatility_context_VOLATILITY_CO_HẸP,165,55.76,26.06,-0.699,-0.985,-4.954,DOWNGRADE_TO_WATCH,HIGH_SAMPLE,Sinh từ V20.2 drilldown; chỉ dùng để hạ recommendation trong V18.2
V202_RULE_059,market_dist_ma20 > 5% + label:structure_context_KHÔNG_RÕ_NỀN,122,55.74,34.43,-0.885,-1.002,-6.326,DOWNGRADE_TO_WATCH,HIGH_SAMPLE,Sinh từ V20.2 drilldown; chỉ dùng để hạ recommendation trong V18.2
V202_RULE_260,volume_ratio < 1x + market_ret5 > 4% + label:structure_context_KHÔNG_RÕ_NỀN,70,55.71,27.14,-1.192,-1.39,-6.055,DOWNGRADE_TO_WATCH,MEDIUM_SAMPLE,Sinh từ V20.2 drilldown; chỉ dùng để hạ recommendation trong V18.2
V202_RULE_261,stock_dist_ma20 3-8% + sideway_score20 >= 2 + range20 <= 10%,63,55.56,25.4,-0.121,-0.95,-3.789,DOWNGRADE_TO_WATCH,MEDIUM_SAMPLE,Sinh từ V20.2 drilldown; chỉ dùng để hạ recommendation trong V18.2
V202_RULE_262,stock_dist_ma20 3-8% + range20 <= 10% + label:structure_context_CÓ_NỀN___SIDEWAY,63,55.56,25.4,-0.121,-0.95,-3.789,DOWNGRADE_TO_WATCH,MEDIUM_SAMPLE,Sinh từ V20.2 drilldown; chỉ dùng để hạ recommendation trong V18.2
V202_RULE_263,stock_dist_ma20 < -3% + volatility_contraction20 < 0.8 + market_context risk-off,63,55.56,28.57,-2.277,-2.692,-6.486,DOWNGRADE_TO_WATCH,MEDIUM_SAMPLE,Sinh từ V20.2 drilldown; chỉ dùng để hạ recommendation trong V18.2
V202_RULE_264,stock_dist_ma20 < -3% + volatility_contraction20 < 0.8 + label:market_context_MARKET_RISK-OFF,63,55.56,28.57,-2.277,-2.692,-6.486,DOWNGRADE_TO_WATCH,MEDIUM_SAMPLE,Sinh từ V20.2 drilldown; chỉ dùng để hạ recommendation trong V18.2
V202_RULE_265,stock_dist_ma20 < -3% + market_context risk-off + label:volatility_context_VOLATILITY_CO_HẸP,63,55.56,28.57,-2.277,-2.692,-6.486,DOWNGRADE_TO_WATCH,MEDIUM_SAMPLE,Sinh từ V20.2 drilldown; chỉ dùng để hạ recommendation trong V18.2
V202_RULE_266,sideway_score20 >= 2 + range20 <= 10% + label:entry_context_ENTRY_LƯNG_CHỪNG_TRÊN_MA20,63,55.56,25.4,-0.121,-0.95,-3.789,DOWNGRADE_TO_WATCH,MEDIUM_SAMPLE,Sinh từ V20.2 drilldown; chỉ dùng để hạ recommendation trong V18.2
V202_RULE_267,volatility_contraction20 < 0.8 + market_context risk-off + label:entry_context_ENTRY_DƯỚI_MA20___YẾU,63,55.56,28.57,-2.277,-2.692,-6.486,DOWNGRADE_TO_WATCH,MEDIUM_SAMPLE,Sinh từ V20.2 drilldown; chỉ dùng để hạ recommendation trong V18.2
V202_RULE_268,sideway_score20 >= 2 + market_ret5 > 4% + market_context fomo/hưng phấn,45,55.56,24.44,-0.405,-1.491,-4.936,DOWNGRADE_TO_WATCH,MEDIUM_SAMPLE,Sinh từ V20.2 drilldown; chỉ dùng để hạ recommendation trong V18.2
V202_RULE_269,sideway_score20 >= 2 + market_ret5 > 4% + label:market_context_MARKET_HƯNG_PHẤN___DỄ_FOMO,45,55.56,24.44,-0.405,-1.491,-4.936,DOWNGRADE_TO_WATCH,MEDIUM_SAMPLE,Sinh từ V20.2 drilldown; chỉ dùng để hạ recommendation trong V18.2
V202_RULE_270,market_ret5 > 4% + market_context fomo/hưng phấn + label:structure_context_CÓ_NỀN___SIDEWAY,45,55.56,24.44,-0.405,-1.491,-4.936,DOWNGRADE_TO_WATCH,MEDIUM_SAMPLE,Sinh từ V20.2 drilldown; chỉ dùng để hạ recommendation trong V18.2
V202_RULE_271,volatility_contraction20 < 0.8 + drawdown20 < -15% + label:market_context_MARKET_ỦNG_HỘ,36,55.56,16.67,-2.294,-1.994,-5.525,DOWNGRADE_TO_WATCH,MEDIUM_SAMPLE,Sinh từ V20.2 drilldown; chỉ dùng để hạ recommendation trong V18.2
V202_RULE_060,stock_dist_ma20 3-8% + sideway_score20 >= 2,128,55.47,27.34,-0.383,-1.225,-4.21,DOWNGRADE_TO_WATCH,HIGH_SAMPLE,Sinh từ V20.2 drilldown; chỉ dùng để hạ recommendation trong V18.2
V202_RULE_061,stock_dist_ma20 3-8% + label:structure_context_CÓ_NỀN___SIDEWAY,128,55.47,27.34,-0.383,-1.225,-4.21,DOWNGRADE_TO_WATCH,HIGH_SAMPLE,Sinh từ V20.2 drilldown; chỉ dùng để hạ recommendation trong V18.2
V202_RULE_062,sideway_score20 >= 2 + label:entry_context_ENTRY_LƯNG_CHỪNG_TRÊN_MA20,128,55.47,27.34,-0.383,-1.225,-4.21,DOWNGRADE_TO_WATCH,HIGH_SAMPLE,Sinh từ V20.2 drilldown; chỉ dùng để hạ recommendation trong V18.2
V202_RULE_272,stock_dist_ma20 3-8% + sideway_score20 >= 2 + label:entry_context_ENTRY_LƯNG_CHỪNG_TRÊN_MA20,128,55.47,27.34,-0.383,-1.225,-4.21,DOWNGRADE_TO_WATCH,HIGH_SAMPLE,Sinh từ V20.2 drilldown; chỉ dùng để hạ recommendation trong V18.2
V202_RULE_273,stock_dist_ma20 3-8% + sideway_score20 >= 2 + label:extension_context_KHÔNG_QUÁ_NÓNG,128,55.47,27.34,-0.383,-1.225,-4.21,DOWNGRADE_TO_WATCH,HIGH_SAMPLE,Sinh từ V20.2 drilldown; chỉ dùng để hạ recommendation trong V18.2
V202_RULE_274,stock_dist_ma20 3-8% + sideway_score20 >= 2 + label:structure_context_CÓ_NỀN___SIDEWAY,128,55.47,27.34,-0.383,-1.225,-4.21,DOWNGRADE_TO_WATCH,HIGH_SAMPLE,Sinh từ V20.2 drilldown; chỉ dùng để hạ recommendation trong V18.2
V202_RULE_275,stock_dist_ma20 3-8% + drawdown20 -10% to 0% + label:market_regime_RẤT_YẾU,101,55.45,34.65,-0.795,-1.088,-6.097,DOWNGRADE_TO_WATCH,HIGH_SAMPLE,Sinh từ V20.2 drilldown; chỉ dùng để hạ recommendation trong V18.2
V202_RULE_276,market_dist_ma20 > 5% + drawdown20 -10% to 0% + label:score_bucket_80+,101,55.45,33.66,-0.475,-0.719,-5.662,DOWNGRADE_TO_WATCH,HIGH_SAMPLE,Sinh từ V20.2 drilldown; chỉ dùng để hạ recommendation trong V18.2
V202_RULE_277,stock_dist_ma20 3-8% + volatility_contraction20 < 0.8 + label:market_context_MARKET_ỦNG_HỘ,83,55.42,22.89,-0.835,-1.214,-5.002,DOWNGRADE_TO_WATCH,MEDIUM_SAMPLE,Sinh từ V20.2 drilldown; chỉ dùng để hạ recommendation trong V18.2
V202_RULE_278,stock_dist_ma20 < -3% + volume_ratio < 1x + volatility_contraction20 < 0.8,231,55.41,24.24,-1.748,-2.277,-5.746,DOWNGRADE_TO_WATCH,HIGH_SAMPLE,Sinh từ V20.2 drilldown; chỉ dùng để hạ recommendation trong V18.2
V202_RULE_279,stock_dist_ma20 < -3% + volume_ratio < 1x + label:volatility_context_VOLATILITY_CO_HẸP,231,55.41,24.24,-1.748,-2.277,-5.746,DOWNGRADE_TO_WATCH,HIGH_SAMPLE,Sinh từ V20.2 drilldown; chỉ dùng để hạ recommendation trong V18.2
V202_RULE_280,volume_ratio < 1x + volatility_contraction20 < 0.8 + label:entry_context_ENTRY_DƯỚI_MA20___YẾU,231,55.41,24.24,-1.748,-2.277,-5.746,DOWNGRADE_TO_WATCH,HIGH_SAMPLE,Sinh từ V20.2 drilldown; chỉ dùng để hạ recommendation trong V18.2
V202_RULE_281,stock_dist_ma20 < -3% + volume_ratio < 1x + label:structure_context_KHÔNG_RÕ_NỀN,470,55.32,29.57,-1.142,-1.549,-5.55,DOWNGRADE_TO_WATCH,HIGH_SAMPLE,Sinh từ V20.2 drilldown; chỉ dùng để hạ recommendation trong V18.2
V202_RULE_063,sideway_score20 >= 2 + market_ret5 > 4%,47,55.32,25.53,-0.227,-1.307,-4.765,DOWNGRADE_TO_WATCH,MEDIUM_SAMPLE,Sinh từ V20.2 drilldown; chỉ dùng để hạ recommendation trong V18.2
V202_RULE_064,market_ret5 > 4% + label:structure_context_CÓ_NỀN___SIDEWAY,47,55.32,25.53,-0.227,-1.307,-4.765,DOWNGRADE_TO_WATCH,MEDIUM_SAMPLE,Sinh từ V20.2 drilldown; chỉ dùng để hạ recommendation trong V18.2
V202_RULE_282,stock_dist_ma20 > 8% + volatility_contraction20 > 1.3 + label:extension_context_KHÔNG_QUÁ_NÓNG,47,55.32,25.53,-0.219,-1.069,-6.114,DOWNGRADE_TO_WATCH,MEDIUM_SAMPLE,Sinh từ V20.2 drilldown; chỉ dùng để hạ recommendation trong V18.2
V202_RULE_283,sideway_score20 >= 2 + market_ret5 > 4% + label:extension_context_KHÔNG_QUÁ_NÓNG,47,55.32,25.53,-0.227,-1.307,-4.765,DOWNGRADE_TO_WATCH,MEDIUM_SAMPLE,Sinh từ V20.2 drilldown; chỉ dùng để hạ recommendation trong V18.2
V202_RULE_284,sideway_score20 >= 2 + market_ret5 > 4% + label:structure_context_CÓ_NỀN___SIDEWAY,47,55.32,25.53,-0.227,-1.307,-4.765,DOWNGRADE_TO_WATCH,MEDIUM_SAMPLE,Sinh từ V20.2 drilldown; chỉ dùng để hạ recommendation trong V18.2
V202_RULE_065,stock_dist_ma20 3-8% + label:volume_context_VOLUME_TĂNG_VỪA,264,55.3,31.44,-0.46,-0.8,-5.098,DOWNGRADE_TO_WATCH,HIGH_SAMPLE,Sinh từ V20.2 drilldown; chỉ dùng để hạ recommendation trong V18.2
V202_RULE_285,market_dist_ma20 > 5% + drawdown20 -10% to 0% + label:structure_context_KHÔNG_RÕ_NỀN,85,55.29,34.12,-0.778,-0.827,-6.255,DOWNGRADE_TO_WATCH,MEDIUM_SAMPLE,Sinh từ V20.2 drilldown; chỉ dùng để hạ recommendation trong V18.2
V202_RULE_286,volume_ratio < 1x + volatility_contraction20 < 0.8 + label:market_regime_TĂNG_MẠNH,203,55.17,26.11,-1.131,-1.524,-5.108,DOWNGRADE_TO_WATCH,HIGH_SAMPLE,Sinh từ V20.2 drilldown; chỉ dùng để hạ recommendation trong V18.2
V202_RULE_287,stock_ret5 > 8% + drawdown20 -10% to 0% + label:volume_context_VOLUME_TĂNG_VỪA,49,55.1,36.73,0.239,0.037,-6.32,DOWNGRADE_TO_WATCH,MEDIUM_SAMPLE,Sinh từ V20.2 drilldown; chỉ dùng để hạ recommendation trong V18.2
V202_RULE_288,stock_dist_ma20 3-8% + range20 <= 10% + label:market_context_MARKET_ỦNG_HỘ,49,55.1,20.41,-0.504,-1.565,-3.957,DOWNGRADE_TO_WATCH,MEDIUM_SAMPLE,Sinh từ V20.2 drilldown; chỉ dùng để hạ recommendation trong V18.2
V202_RULE_289,stock_dist_ma20 < -3% + volume_ratio < 1x + label:score_bucket_70-79,149,55.03,28.19,-1.356,-2.088,-5.62,DOWNGRADE_TO_WATCH,HIGH_SAMPLE,Sinh từ V20.2 drilldown; chỉ dùng để hạ recommendation trong V18.2
V202_RULE_066,volatility_contraction20 < 0.8 + label:market_regime_TĂNG_MẠNH,280,55.0,26.07,-0.974,-1.412,-5.106,DOWNGRADE_TO_WATCH,HIGH_SAMPLE,Sinh từ V20.2 drilldown; chỉ dùng để hạ recommendation trong V18.2
V202_RULE_290,stock_dist_ma20 3-8% + sideway_score20 >= 2 + label:volatility_context_VOLATILITY_TRUNG_TÍNH,60,55.0,25.0,-0.823,-1.387,-4.252,DOWNGRADE_TO_WATCH,MEDIUM_SAMPLE,Sinh từ V20.2 drilldown; chỉ dùng để hạ recommendation trong V18.2
V202_RULE_291,sideway_score20 >= 2 + market_ret5 > 4% + label:market_regime_TĂNG_MẠNH,40,55.0,25.0,-0.164,-1.354,-5.089,DOWNGRADE_TO_WATCH,MEDIUM_SAMPLE,Sinh từ V20.2 drilldown; chỉ dùng để hạ recommendation trong V18.2
