Pattern Key,OOS Windows,OOS Samples,OOS Win Probability,OOS Avg Ret+2D %,OOS Avg Ret+5D %,OOS Avg Ret+10D %,OOS Reliability,OOS Status,Updated
UPTREND|BOTTOM|SKIP|RSI_WEAK|RS_BAD|VOL_OK|ATR_OK|BELOW_MA20,1,11,100.0,1.0,4.04,13.38,0.62,LOW_SAMPLE,2026-05-11 20:41:49
UPTREND|MOMENTUM|WAIT|RSI_MID_HIGH|RS_STRONG|VOL_LOW|ATR_OK|ABOVE_MA20,4,10,100.0,1.13,1.74,5.4,1.0,OOS_STRONG,2026-05-11 20:41:49
UPTREND|BOTTOM|SKIP|RSI_MID|RS_BAD|VOL_LOW|ATR_OK|BELOW_MA20,2,9,100.0,2.2,3.16,5.77,0.8,OOS_STRONG,2026-05-11 20:41:49
UPTREND|BOTTOM_WATCH|SKIP|RSI_WEAK|RS_WEAK|VOL_LOW|ATR_LOW|BELOW_MA20,4,8,100.0,1.11,0.32,-0.25,1.0,OOS_STRONG,2026-05-11 20:41:49
UPTREND|BOTTOM|SKIP|RSI_WEAK|RS_BAD|VOL_LOW|ATR_OK|BELOW_MA20,2,8,100.0,2.11,1.75,6.96,0.77,OOS_STRONG,2026-05-11 20:41:49
UPTREND|MOMENTUM|BUY NOW|RSI_MID_HIGH|RS_STRONG|VOL_LOW|ATR_OK|ABOVE_MA20,2,7,100.0,0.72,5.6,-6.49,0.73,OOS_STRONG,2026-05-11 20:41:49
UPTREND|BOTTOM_WATCH|SKIP|RSI_MID_HIGH|RS_WEAK|VOL_LOW|ATR_OK|ABOVE_MA20,3,6,100.0,2.22,0.4,-0.53,0.95,OOS_STRONG,2026-05-11 20:41:49
UPTREND|MOMENTUM|SKIP|RSI_HIGH|RS_OK|VOL_LOW|ATR_LOW|ABOVE_MA20,4,6,100.0,1.32,3.18,1.52,1.0,OOS_STRONG,2026-05-11 20:41:49
UPTREND|MOMENTUM|WAIT|RSI_HIGH|RS_BAD|VOL_OK|ATR_LOW|ABOVE_MA20,4,6,100.0,0.69,2.88,2.25,1.0,OOS_STRONG,2026-05-11 20:41:49
UPTREND|BOTTOM|BUY NOW|RSI_LOW|RS_OK|VOL_LOW|ATR_LOW|BELOW_MA20,4,5,100.0,0.34,2.7,5.17,1.0,OOS_STRONG,2026-05-11 20:41:49
UPTREND|MOMENTUM_WATCH|SKIP|RSI_MID_HIGH|RS_OK|VOL_LOW|ATR_OK|ABOVE_MA20,2,5,100.0,1.94,2.76,3.01,0.67,OOS_STRONG,2026-05-11 20:41:49
UPTREND|MOMENTUM|BUY NOW|RSI_MID_HIGH|RS_OK|VOL_LOW|ATR_OK|ABOVE_MA20,1,5,100.0,2.84,-2.18,-6.24,0.42,LOW_SAMPLE,2026-05-11 20:41:49
UPTREND|MOMENTUM|BUY NOW|RSI_MID_HIGH|RS_STRONG|VOL_OK|ATR_OK|ABOVE_MA20,4,5,100.0,7.58,14.44,10.94,1.0,OOS_STRONG,2026-05-11 20:41:49
UPTREND|MOMENTUM|WATCHLIST|RSI_HIGH|RS_STRONG|VOL_OK|ATR_LOW|FAR_MA20,3,5,100.0,-0.12,4.08,5.49,0.92,OOS_STRONG,2026-05-11 20:41:49
UPTREND|BOTTOM|BUY NOW|RSI_LOW|RS_OK|VOL_LOW|ATR_LOW|ABOVE_MA20,2,4,100.0,4.21,-0.8,0.5,0.63,LOW_SAMPLE,2026-05-11 20:41:49
UPTREND|BOTTOM|BUY NOW|RSI_LOW|RS_WEAK|VOL_LOW|ATR_OK|BELOW_MA20,1,4,100.0,7.11,9.43,-10.77,0.38,LOW_SAMPLE,2026-05-11 20:41:49
UPTREND|BOTTOM|WAIT|RSI_HIGH|RS_WEAK|VOL_LOW|ATR_LOW|ABOVE_MA20,3,4,100.0,2.76,2.15,2.37,0.88,LOW_SAMPLE,2026-05-11 20:41:49
UPTREND|MOMENTUM_WATCH|WATCHLIST|RSI_MID_HIGH|RS_STRONG|VOL_LOW|ATR_OK|ABOVE_MA20,1,4,100.0,0.28,2.78,3.2,0.38,LOW_SAMPLE,2026-05-11 20:41:49
UPTREND|MOMENTUM|BUY NOW|RSI_MID_HIGH|RS_STRONG|VOL_STRONG|ATR_OK|FAR_MA20,1,4,100.0,2.61,5.96,-7.59,0.38,LOW_SAMPLE,2026-05-11 20:41:49
UPTREND|MOMENTUM|SKIP|RSI_HIGH|RS_WEAK|VOL_STRONG|ATR_LOW|ABOVE_MA20,1,4,100.0,0.59,0.38,2.34,0.38,LOW_SAMPLE,2026-05-11 20:41:49
UPTREND|MOMENTUM|WAIT|RSI_MID_HIGH|RS_STRONG|VOL_OK|ATR_OK|ABOVE_MA20,2,4,100.0,1.83,6.12,1.03,0.63,LOW_SAMPLE,2026-05-11 20:41:49
UPTREND|BOTTOM|BUY NOW|RSI_MID|RS_WEAK|VOL_LOW|ATR_OK|ABOVE_MA20,1,3,100.0,-0.15,-3.53,-1.52,0.35,LOW_SAMPLE,2026-05-11 20:41:49
UPTREND|BOTTOM|SKIP|RSI_MID|RS_BAD|VOL_OK|ATR_OK|BELOW_MA20,2,3,100.0,3.51,7.04,8.38,0.6,LOW_SAMPLE,2026-05-11 20:41:49
UPTREND|BOTTOM|SKIP|RSI_MID|RS_OK|VOL_LOW|ATR_OK|BELOW_MA20,1,3,100.0,5.74,-1.24,-1.28,0.35,LOW_SAMPLE,2026-05-11 20:41:49
UPTREND|BOTTOM|SKIP|RSI_MID|RS_WEAK|VOL_LOW|ATR_OK|BELOW_MA20,1,3,100.0,5.75,-0.96,-1.54,0.35,LOW_SAMPLE,2026-05-11 20:41:49
UPTREND|MOMENTUM_WATCH|SKIP|RSI_HIGH|RS_BAD|VOL_STRONG|ATR_LOW|ABOVE_MA20,1,3,100.0,1.95,8.37,16.95,0.35,LOW_SAMPLE,2026-05-11 20:41:49
UPTREND|MOMENTUM_WATCH|SKIP|RSI_HIGH|RS_OK|VOL_OK|ATR_LOW|ABOVE_MA20,1,3,100.0,-0.04,1.34,4.87,0.35,LOW_SAMPLE,2026-05-11 20:41:49
UPTREND|MOMENTUM_WATCH|WAIT|RSI_HIGH|RS_STRONG|VOL_OK|ATR_OK|FAR_MA20,1,3,100.0,1.25,5.56,-10.6,0.35,LOW_SAMPLE,2026-05-11 20:41:49
UPTREND|MOMENTUM|BUY NOW|RSI_MID_HIGH|RS_OK|VOL_OK|ATR_OK|ABOVE_MA20,2,3,100.0,3.48,7.06,2.41,0.6,LOW_SAMPLE,2026-05-11 20:41:49
UPTREND|BOTTOM_WATCH|WAIT|RSI_HIGH|RS_STRONG|VOL_LOW|ATR_LOW|FAR_MA20,1,2,100.0,-1.14,4.76,-3.62,0.32,LOW_SAMPLE,2026-05-11 20:41:49
UPTREND|BOTTOM_WATCH|WAIT|RSI_HIGH|RS_STRONG|VOL_OK|ATR_OK|FAR_MA20,1,2,100.0,-1.16,8.15,0.0,0.32,LOW_SAMPLE,2026-05-11 20:41:49
UPTREND|BOTTOM_WATCH|WATCHLIST|RSI_HIGH|RS_WEAK|VOL_LOW|ATR_LOW|ABOVE_MA20,1,2,100.0,0.14,3.28,3.66,0.32,LOW_SAMPLE,2026-05-11 20:41:49
UPTREND|BOTTOM|BUY NOW|RSI_LOW|RS_BAD|VOL_LOW|ATR_OK|BELOW_MA20,1,2,100.0,3.48,14.96,-6.62,0.32,LOW_SAMPLE,2026-05-11 20:41:49
UPTREND|BOTTOM|SKIP|RSI_LOW|RS_BAD|VOL_OK|ATR_HIGH|BELOW_MA20,1,2,100.0,-0.49,2.64,13.41,0.32,LOW_SAMPLE,2026-05-11 20:41:49
UPTREND|BOTTOM|WAIT|RSI_HIGH|RS_WEAK|VOL_STRONG|ATR_LOW|ABOVE_MA20,1,2,100.0,1.9,8.0,17.3,0.32,LOW_SAMPLE,2026-05-11 20:41:49
UPTREND|MOMENTUM_WATCH|SKIP|RSI_HIGH|RS_WEAK|VOL_STRONG|ATR_LOW|ABOVE_MA20,1,2,100.0,1.03,5.45,11.73,0.32,LOW_SAMPLE,2026-05-11 20:41:49
UPTREND|MOMENTUM_WATCH|SKIP|RSI_MID_HIGH|RS_STRONG|VOL_LOW|ATR_LOW|FAR_MA20,1,2,100.0,-1.12,-0.35,-1.65,0.32,LOW_SAMPLE,2026-05-11 20:41:49
UPTREND|MOMENTUM_WATCH|WATCHLIST|RSI_MID_HIGH|RS_BAD|VOL_OK|ATR_LOW|BELOW_MA20,2,2,100.0,0.25,1.3,0.9,0.57,LOW_SAMPLE,2026-05-11 20:41:49
UPTREND|MOMENTUM_WATCH|WATCHLIST|RSI_MID_HIGH|RS_OK|VOL_LOW|ATR_OK|ABOVE_MA20,1,2,100.0,0.42,-5.9,-4.24,0.32,LOW_SAMPLE,2026-05-11 20:41:49
UPTREND|MOMENTUM_WATCH|WATCHLIST|RSI_MID_HIGH|RS_WEAK|VOL_OK|ATR_OK|ABOVE_MA20,1,2,100.0,-0.68,-2.58,-5.08,0.32,LOW_SAMPLE,2026-05-11 20:41:49
UPTREND|MOMENTUM|BUY NOW|RSI_MID_HIGH|RS_WEAK|VOL_OK|ATR_OK|ABOVE_MA20,1,2,100.0,0.6,-1.8,2.99,0.32,LOW_SAMPLE,2026-05-11 20:41:49
UPTREND|MOMENTUM|BUY NOW|RSI_MID|RS_OK|VOL_OK|ATR_LOW|ABOVE_MA20,1,2,100.0,-1.91,-8.79,-7.01,0.32,LOW_SAMPLE,2026-05-11 20:41:49
UPTREND|MOMENTUM|SKIP|RSI_HIGH|RS_STRONG|VOL_LOW|ATR_LOW|ABOVE_MA20,1,2,100.0,5.96,7.28,-3.84,0.32,LOW_SAMPLE,2026-05-11 20:41:49
UPTREND|MOMENTUM|SKIP|RSI_MID_HIGH|RS_OK|VOL_LOW|ATR_OK|ABOVE_MA20,1,2,100.0,3.89,4.01,-1.52,0.32,LOW_SAMPLE,2026-05-11 20:41:49
UPTREND|MOMENTUM|SKIP|RSI_MID_HIGH|RS_STRONG|VOL_LOW|ATR_LOW|FAR_MA20,2,2,100.0,6.09,1.08,-0.26,0.57,LOW_SAMPLE,2026-05-11 20:41:49
UPTREND|MOMENTUM|WAIT|RSI_MID_HIGH|RS_OK|VOL_LOW|ATR_OK|ABOVE_MA20,2,2,100.0,5.53,10.35,9.62,0.57,LOW_SAMPLE,2026-05-11 20:41:49
UPTREND|MOMENTUM|WATCHLIST|RSI_HIGH|RS_OK|VOL_OK|ATR_LOW|FAR_MA20,2,2,100.0,6.72,16.94,13.04,0.57,LOW_SAMPLE,2026-05-11 20:41:49
UPTREND|BOTTOM_WATCH|SKIP|RSI_MID|RS_WEAK|VOL_LOW|ATR_OK|BELOW_MA20,1,1,100.0,5.28,7.17,1.89,0.28,LOW_SAMPLE,2026-05-11 20:41:49
UPTREND|BOTTOM_WATCH|SKIP|RSI_WEAK|RS_OK|VOL_LOW|ATR_LOW|BELOW_MA20,1,1,100.0,1.42,0.71,1.77,0.28,LOW_SAMPLE,2026-05-11 20:41:49
UPTREND|BOTTOM_WATCH|WAIT|RSI_HIGH|RS_BAD|VOL_LOW|ATR_LOW|ABOVE_MA20,1,1,100.0,6.92,6.34,5.76,0.28,LOW_SAMPLE,2026-05-11 20:41:49
UPTREND|BOTTOM_WATCH|WATCHLIST|RSI_HIGH|RS_WEAK|VOL_OK|ATR_LOW|ABOVE_MA20,1,1,100.0,2.8,-0.86,5.17,0.28,LOW_SAMPLE,2026-05-11 20:41:49
UPTREND|BOTTOM_WATCH|WATCHLIST|RSI_LOW|RS_WEAK|VOL_LOW|ATR_LOW|ABOVE_MA20,1,1,100.0,3.17,4.03,10.75,0.28,LOW_SAMPLE,2026-05-11 20:41:49
UPTREND|BOTTOM_WATCH|WATCHLIST|RSI_MID_HIGH|RS_WEAK|VOL_LOW|ATR_OK|ABOVE_MA20,1,1,100.0,3.52,7.04,2.51,0.28,LOW_SAMPLE,2026-05-11 20:41:49
UPTREND|BOTTOM|BUY NOW|RSI_LOW|RS_BAD|VOL_OK|ATR_OK|BELOW_MA20,1,1,100.0,4.08,4.89,1.63,0.28,LOW_SAMPLE,2026-05-11 20:41:49
UPTREND|BOTTOM|BUY NOW|RSI_LOW|RS_OK|VOL_STRONG|ATR_LOW|BELOW_MA20,1,1,100.0,1.43,14.24,13.02,0.28,LOW_SAMPLE,2026-05-11 20:41:49
UPTREND|BOTTOM|BUY NOW|RSI_LOW|RS_STRONG|VOL_LOW|ATR_LOW|BELOW_MA20,1,1,100.0,-0.83,2.91,5.26,0.28,LOW_SAMPLE,2026-05-11 20:41:49
UPTREND|BOTTOM|BUY NOW|RSI_LOW|RS_WEAK|VOL_OK|ATR_OK|BELOW_MA20,1,1,100.0,4.08,4.89,1.63,0.28,LOW_SAMPLE,2026-05-11 20:41:49
UPTREND|BOTTOM|BUY NOW|RSI_MID|RS_OK|VOL_LOW|ATR_OK|BELOW_MA20,1,1,100.0,3.18,8.94,-2.13,0.28,LOW_SAMPLE,2026-05-11 20:41:49
UPTREND|BOTTOM|BUY NOW|RSI_MID|RS_WEAK|VOL_LOW|ATR_OK|BELOW_MA20,1,1,100.0,3.18,8.94,-2.13,0.28,LOW_SAMPLE,2026-05-11 20:41:49
UPTREND|BOTTOM|SKIP|RSI_LOW|RS_BAD|VOL_STRONG|ATR_OK|BELOW_MA20,1,1,100.0,-0.3,7.37,14.44,0.28,LOW_SAMPLE,2026-05-11 20:41:49
UPTREND|BOTTOM|SKIP|RSI_LOW|RS_OK|VOL_LOW|ATR_OK|BELOW_MA20,1,1,100.0,7.17,6.5,-2.32,0.28,LOW_SAMPLE,2026-05-11 20:41:49
UPTREND|BOTTOM|SKIP|RSI_LOW|RS_WEAK|VOL_LOW|ATR_HIGH|BELOW_MA20,1,1,100.0,2.76,0.23,1.38,0.28,LOW_SAMPLE,2026-05-11 20:41:49
UPTREND|BOTTOM|SKIP|RSI_MID|RS_BAD|VOL_STRONG|ATR_OK|BELOW_MA20,1,1,100.0,14.33,19.45,35.49,0.28,LOW_SAMPLE,2026-05-11 20:41:49
UPTREND|BOTTOM|SKIP|RSI_WEAK|RS_BAD|VOL_STRONG|ATR_OK|BELOW_MA20,1,1,100.0,10.44,10.76,17.34,0.28,LOW_SAMPLE,2026-05-11 20:41:49
UPTREND|BOTTOM|WAIT|RSI_LOW|RS_BAD|VOL_STRONG|ATR_LOW|BELOW_MA20,1,1,100.0,4.95,2.96,-0.81,0.28,LOW_SAMPLE,2026-05-11 20:41:49
UPTREND|MOMENTUM_WATCH|SKIP|RSI_HIGH|RS_OK|VOL_LOW|ATR_LOW|FAR_MA20,1,1,100.0,8.83,7.66,17.74,0.28,LOW_SAMPLE,2026-05-11 20:41:49
UPTREND|MOMENTUM_WATCH|SKIP|RSI_HIGH|RS_OK|VOL_OK|ATR_LOW|FAR_MA20,1,1,100.0,5.87,29.59,15.83,0.28,LOW_SAMPLE,2026-05-11 20:41:49
UPTREND|MOMENTUM_WATCH|SKIP|RSI_HIGH|RS_STRONG|VOL_OK|ATR_LOW|ABOVE_MA20,1,1,100.0,4.2,7.04,6.88,0.28,LOW_SAMPLE,2026-05-11 20:41:49
UPTREND|MOMENTUM_WATCH|SKIP|RSI_MID_HIGH|RS_OK|VOL_LOW|ATR_LOW|BELOW_MA20,1,1,100.0,2.88,2.5,1.35,0.28,LOW_SAMPLE,2026-05-11 20:41:49
UPTREND|MOMENTUM_WATCH|SKIP|RSI_MID_HIGH|RS_STRONG|VOL_LOW|ATR_OK|FAR_MA20,1,1,100.0,-0.45,5.94,-0.23,0.28,LOW_SAMPLE,2026-05-11 20:41:49
UPTREND|MOMENTUM_WATCH|SKIP|RSI_MID_HIGH|RS_WEAK|VOL_LOW|ATR_OK|ABOVE_MA20,1,1,100.0,0.0,-0.62,-6.25,0.28,LOW_SAMPLE,2026-05-11 20:41:49
UPTREND|MOMENTUM_WATCH|WAIT|RSI_HIGH|RS_OK|VOL_LOW|ATR_OK|ABOVE_MA20,1,1,100.0,0.0,2.73,2.08,0.28,LOW_SAMPLE,2026-05-11 20:41:49
UPTREND|MOMENTUM_WATCH|WATCHLIST|RSI_HIGH|RS_WEAK|VOL_STRONG|ATR_LOW|ABOVE_MA20,1,1,100.0,0.0,-0.3,1.2,0.28,LOW_SAMPLE,2026-05-11 20:41:49
UPTREND|MOMENTUM_WATCH|WATCHLIST|RSI_MID_HIGH|RS_BAD|VOL_LOW|ATR_LOW|BELOW_MA20,1,1,100.0,0.93,2.89,1.96,0.28,LOW_SAMPLE,2026-05-11 20:41:49
UPTREND|MOMENTUM_WATCH|WATCHLIST|RSI_MID_HIGH|RS_STRONG|VOL_OK|ATR_OK|ABOVE_MA20,1,1,100.0,0.47,4.7,-4.49,0.28,LOW_SAMPLE,2026-05-11 20:41:49
UPTREND|MOMENTUM_WATCH|WATCHLIST|RSI_MID_HIGH|RS_STRONG|VOL_OK|ATR_OK|FAR_MA20,1,1,100.0,2.04,21.09,4.76,0.28,LOW_SAMPLE,2026-05-11 20:41:49
UPTREND|MOMENTUM_WATCH|WATCHLIST|RSI_MID_HIGH|RS_WEAK|VOL_LOW|ATR_LOW|BELOW_MA20,1,1,100.0,0.93,2.89,1.96,0.28,LOW_SAMPLE,2026-05-11 20:41:49
UPTREND|MOMENTUM_WATCH|WATCHLIST|RSI_MID|RS_STRONG|VOL_LOW|ATR_LOW|ABOVE_MA20,1,1,100.0,6.2,12.09,0.31,0.28,LOW_SAMPLE,2026-05-11 20:41:49
UPTREND|MOMENTUM|BUY NOW|RSI_MID_HIGH|RS_OK|VOL_OK|ATR_LOW|FAR_MA20,1,1,100.0,-2.24,-10.69,0.69,0.28,LOW_SAMPLE,2026-05-11 20:41:49
UPTREND|MOMENTUM|BUY NOW|RSI_MID_HIGH|RS_STRONG|VOL_LOW|ATR_OK|FAR_MA20,1,1,100.0,-5.66,-4.72,-7.55,0.28,LOW_SAMPLE,2026-05-11 20:41:49
UPTREND|MOMENTUM|SKIP|RSI_HIGH|RS_BAD|VOL_OK|ATR_LOW|ABOVE_MA20,1,1,100.0,1.94,3.06,3.28,0.28,LOW_SAMPLE,2026-05-11 20:41:49
UPTREND|MOMENTUM|SKIP|RSI_HIGH|RS_OK|VOL_OK|ATR_LOW|FAR_MA20,1,1,100.0,-6.06,-1.52,0.61,0.28,LOW_SAMPLE,2026-05-11 20:41:49
UPTREND|MOMENTUM|WAIT|RSI_MID_HIGH|RS_STRONG|VOL_STRONG|ATR_LOW|ABOVE_MA20,1,1,100.0,2.8,-0.22,0.22,0.28,LOW_SAMPLE,2026-05-11 20:41:49
UPTREND|MOMENTUM|WAIT|RSI_MID|RS_OK|VOL_OK|ATR_LOW|ABOVE_MA20,1,1,100.0,-1.19,7.38,-4.05,0.28,LOW_SAMPLE,2026-05-11 20:41:49
UPTREND|MOMENTUM|WATCHLIST|RSI_HIGH|RS_OK|VOL_LOW|ATR_LOW|ABOVE_MA20,1,1,100.0,-1.56,3.12,5.76,0.28,LOW_SAMPLE,2026-05-11 20:41:49
UPTREND|MOMENTUM|WATCHLIST|RSI_HIGH|RS_WEAK|VOL_OK|ATR_LOW|ABOVE_MA20,1,1,100.0,-3.6,-2.54,2.75,0.28,LOW_SAMPLE,2026-05-11 20:41:49
UPTREND|BOTTOM|BUY NOW|RSI_MID|RS_OK|VOL_LOW|ATR_LOW|ABOVE_MA20,7,12,91.67,2.15,0.83,-1.42,1.0,OOS_STRONG,2026-05-11 20:41:49
UPTREND|BOTTOM|SKIP|RSI_LOW|RS_WEAK|VOL_LOW|ATR_OK|BELOW_MA20,3,9,88.89,2.3,2.63,-4.88,1.0,OOS_STRONG,2026-05-11 20:41:49
UPTREND|BOTTOM|SKIP|RSI_LOW|RS_OK|VOL_LOW|ATR_LOW|BELOW_MA20,4,8,87.5,0.92,0.16,-0.28,1.0,OOS_STRONG,2026-05-11 20:41:49
UPTREND|MOMENTUM|WAIT|RSI_MID_HIGH|RS_OK|VOL_STRONG|ATR_LOW|ABOVE_MA20,6,15,86.67,-0.11,-0.31,1.86,1.0,OOS_STRONG,2026-05-11 20:41:49
UPTREND|BOTTOM|SKIP|RSI_LOW|RS_OK|VOL_LOW|ATR_LOW|ABOVE_MA20,3,7,85.71,1.01,1.83,5.81,0.98,OOS_STRONG,2026-05-11 20:41:49
UPTREND|MOMENTUM|SKIP|RSI_MID_HIGH|RS_STRONG|VOL_LOW|ATR_OK|ABOVE_MA20,2,7,85.71,-2.8,0.89,-0.3,0.73,OOS_STRONG,2026-05-11 20:41:49
UPTREND|BOTTOM_WATCH|WATCHLIST|RSI_LOW|RS_BAD|VOL_LOW|ATR_LOW|ABOVE_MA20,7,13,84.62,0.53,0.99,1.92,1.0,OOS_STRONG,2026-05-11 20:41:49
UPTREND|MOMENTUM|BUY NOW|RSI_MID_HIGH|RS_STRONG|VOL_OK|ATR_OK|FAR_MA20,2,6,83.34,2.42,-1.8,-4.43,0.7,OOS_STRONG,2026-05-11 20:41:49
UPTREND|MOMENTUM|WATCHLIST|RSI_HIGH|RS_STRONG|VOL_OK|ATR_LOW|ABOVE_MA20,2,6,83.34,0.15,-0.34,7.96,0.7,OOS_STRONG,2026-05-11 20:41:49
UPTREND|BOTTOM|SKIP|RSI_LOW|RS_BAD|VOL_LOW|ATR_OK|BELOW_MA20,9,81,82.71,-0.6,0.05,-2.31,1.0,OOS_STRONG,2026-05-11 20:41:49
UPTREND|MOMENTUM|WAIT|RSI_MID_HIGH|RS_STRONG|VOL_LOW|ATR_LOW|ABOVE_MA20,8,40,82.5,0.15,-0.93,-2.28,1.0,OOS_STRONG,2026-05-11 20:41:49
UPTREND|BOTTOM_WATCH|SKIP|RSI_WEAK|RS_BAD|VOL_LOW|ATR_HIGH|BELOW_MA20,2,17,82.35,1.55,1.34,4.3,1.0,OOS_STRONG,2026-05-11 20:41:49
UPTREND|BOTTOM|SKIP|RSI_MID|RS_BAD|VOL_STRONG|ATR_LOW|BELOW_MA20,13,45,82.22,-0.31,0.3,1.44,1.0,OOS_STRONG,2026-05-11 20:41:49
UPTREND|BOTTOM|SKIP|RSI_LOW|RS_BAD|VOL_LOW|ATR_HIGH|BELOW_MA20,2,11,81.82,-0.13,1.2,2.91,0.87,OOS_STRONG,2026-05-11 20:41:49
UPTREND|MOMENTUM|BUY NOW|RSI_MID_HIGH|RS_STRONG|VOL_STRONG|ATR_LOW|FAR_MA20,8,16,81.25,0.76,-1.35,-1.63,1.0,OOS_STRONG,2026-05-11 20:41:49
UPTREND|MOMENTUM|WAIT|RSI_HIGH|RS_OK|VOL_STRONG|ATR_LOW|FAR_MA20,8,16,81.25,2.62,3.75,4.17,1.0,OOS_STRONG,2026-05-11 20:41:49
UPTREND|BOTTOM|BUY NOW|RSI_MID_HIGH|RS_WEAK|VOL_STRONG|ATR_LOW|ABOVE_MA20,6,21,80.95,0.18,0.56,0.93,1.0,OOS_STRONG,2026-05-11 20:41:49
UPTREND|MOMENTUM|WATCHLIST|RSI_HIGH|RS_STRONG|VOL_STRONG|ATR_LOW|FAR_MA20,8,21,80.95,2.67,3.46,8.55,1.0,OOS_STRONG,2026-05-11 20:41:49
UPTREND|BOTTOM_WATCH|SKIP|RSI_MID_HIGH|RS_WEAK|VOL_LOW|ATR_LOW|BELOW_MA20,10,36,80.56,1.45,2.16,1.48,1.0,OOS_STRONG,2026-05-11 20:41:49
UPTREND|BOTTOM_WATCH|SKIP|RSI_MID|RS_OK|VOL_LOW|ATR_LOW|BELOW_MA20,5,15,80.0,1.59,0.9,0.44,1.0,OOS_STRONG,2026-05-11 20:41:49
UPTREND|BOTTOM|BUY NOW|RSI_MID_HIGH|RS_OK|VOL_OK|ATR_LOW|ABOVE_MA20,4,10,80.0,-1.02,-1.12,-1.52,1.0,OOS_STRONG,2026-05-11 20:41:49
UPTREND|BOTTOM|BUY NOW|RSI_MID_HIGH|RS_WEAK|VOL_LOW|ATR_LOW|BELOW_MA20,7,10,80.0,4.22,3.62,3.11,1.0,OOS_STRONG,2026-05-11 20:41:49
UPTREND|MOMENTUM|BUY NOW|RSI_MID_HIGH|RS_STRONG|VOL_OK|ATR_LOW|FAR_MA20,7,10,80.0,-2.21,-6.59,0.41,1.0,OOS_STRONG,2026-05-11 20:41:49
UPTREND|MOMENTUM_WATCH|SKIP|RSI_MID_HIGH|RS_BAD|VOL_OK|ATR_LOW|BELOW_MA20,2,5,80.0,-1.1,0.24,1.19,0.67,OOS_STRONG,2026-05-11 20:41:49
UPTREND|MOMENTUM_WATCH|SKIP|RSI_MID_HIGH|RS_STRONG|VOL_LOW|ATR_OK|ABOVE_MA20,3,5,80.0,0.54,-4.91,-9.07,0.92,OOS_STRONG,2026-05-11 20:41:49
UPTREND|MOMENTUM_WATCH|WATCHLIST|RSI_HIGH|RS_STRONG|VOL_LOW|ATR_LOW|ABOVE_MA20,3,5,80.0,4.84,3.03,3.94,0.92,OOS_STRONG,2026-05-11 20:41:49
UPTREND|MOMENTUM|WAIT|RSI_HIGH|RS_STRONG|VOL_OK|ATR_LOW|ABOVE_MA20,4,14,78.57,-0.13,0.85,-3.53,1.0,OOS_STRONG,2026-05-11 20:41:49
UPTREND|MOMENTUM|WATCHLIST|RSI_HIGH|RS_OK|VOL_OK|ATR_LOW|ABOVE_MA20,3,14,78.57,-0.14,-0.16,4.03,1.0,OOS_STRONG,2026-05-11 20:41:49
UPTREND|BOTTOM_WATCH|WATCHLIST|RSI_MID_HIGH|RS_BAD|VOL_LOW|ATR_LOW|BELOW_MA20,10,23,78.26,1.02,1.8,1.19,1.0,OOS_STRONG,2026-05-11 20:41:49
UPTREND|MOMENTUM_WATCH|WATCHLIST|RSI_MID|RS_OK|VOL_LOW|ATR_LOW|ABOVE_MA20,5,9,77.78,4.56,3.01,-3.33,1.0,OOS_STRONG,2026-05-11 20:41:49
UPTREND|MOMENTUM_WATCH|SKIP|RSI_HIGH|RS_STRONG|VOL_LOW|ATR_LOW|ABOVE_MA20,9,22,77.27,1.36,2.23,3.83,1.0,OOS_STRONG,2026-05-11 20:41:49
UPTREND|MOMENTUM|WAIT|RSI_HIGH|RS_OK|VOL_OK|ATR_LOW|ABOVE_MA20,11,64,76.56,0.46,1.83,1.64,1.0,OOS_STRONG,2026-05-11 20:41:49
UPTREND|BOTTOM|BUY NOW|RSI_MID_HIGH|RS_OK|VOL_LOW|ATR_LOW|ABOVE_MA20,7,21,76.19,0.57,-2.99,-1.51,1.0,OOS_STRONG,2026-05-11 20:41:49
UPTREND|BOTTOM_WATCH|SKIP|RSI_WEAK|RS_BAD|VOL_LOW|ATR_OK|BELOW_MA20,4,40,75.0,0.15,0.81,4.81,1.0,OOS_STRONG,2026-05-11 20:41:49
UPTREND|BOTTOM|SKIP|RSI_MID_HIGH|RS_BAD|VOL_OK|ATR_LOW|ABOVE_MA20,8,20,75.0,-0.78,-0.57,-0.22,1.0,OOS_STRONG,2026-05-11 20:41:49
UPTREND|MOMENTUM_WATCH|WAIT|RSI_HIGH|RS_STRONG|VOL_LOW|ATR_LOW|FAR_MA20,7,16,75.0,1.59,2.58,2.75,1.0,OOS_STRONG,2026-05-11 20:41:49
UPTREND|BOTTOM|SKIP|RSI_LOW|RS_BAD|VOL_OK|ATR_OK|BELOW_MA20,5,12,75.0,-0.5,-2.31,-0.6,1.0,OOS_STRONG,2026-05-11 20:41:49
UPTREND|MOMENTUM_WATCH|SKIP|RSI_MID_HIGH|RS_STRONG|VOL_LOW|ATR_LOW|ABOVE_MA20,4,12,75.0,0.95,-2.53,-4.1,1.0,OOS_STRONG,2026-05-11 20:41:49
UPTREND|BOTTOM|BUY NOW|RSI_MID|RS_OK|VOL_OK|ATR_LOW|ABOVE_MA20,6,8,75.0,1.25,1.51,0.06,1.0,OOS_STRONG,2026-05-11 20:41:49
UPTREND|MOMENTUM_WATCH|SKIP|RSI_MID|RS_WEAK|VOL_LOW|ATR_LOW|ABOVE_MA20,4,4,75.0,1.37,-0.48,-2.5,1.0,LOW_SAMPLE,2026-05-11 20:41:49
UPTREND|MOMENTUM_WATCH|WATCHLIST|RSI_HIGH|RS_STRONG|VOL_LOW|ATR_LOW|FAR_MA20,2,4,75.0,2.28,4.14,6.2,0.63,LOW_SAMPLE,2026-05-11 20:41:49
UPTREND|MOMENTUM_WATCH|WATCHLIST|RSI_MID_HIGH|RS_STRONG|VOL_LOW|ATR_LOW|ABOVE_MA20,3,4,75.0,-0.42,-0.01,1.36,0.88,LOW_SAMPLE,2026-05-11 20:41:49
UPTREND|MOMENTUM|SKIP|RSI_HIGH|RS_BAD|VOL_STRONG|ATR_LOW|ABOVE_MA20,4,4,75.0,0.24,1.66,2.72,1.0,LOW_SAMPLE,2026-05-11 20:41:49
UPTREND|MOMENTUM|WAIT|RSI_HIGH|RS_OK|VOL_OK|ATR_LOW|FAR_MA20,3,4,75.0,-0.08,3.84,8.41,0.88,LOW_SAMPLE,2026-05-11 20:41:49
UPTREND|MOMENTUM|WAIT|RSI_HIGH|RS_STRONG|VOL_OK|ATR_OK|FAR_MA20,3,4,75.0,-2.6,-6.22,-4.27,0.88,LOW_SAMPLE,2026-05-11 20:41:49
UPTREND|BOTTOM|BUY NOW|RSI_LOW|RS_WEAK|VOL_LOW|ATR_LOW|ABOVE_MA20,13,46,73.91,1.14,0.01,-0.34,1.0,OOS_STRONG,2026-05-11 20:41:49
UPTREND|MOMENTUM|WAIT|RSI_MID_HIGH|RS_STRONG|VOL_OK|ATR_LOW|ABOVE_MA20,5,19,73.68,2.71,1.71,-1.26,1.0,OOS_STRONG,2026-05-11 20:41:49
UPTREND|MOMENTUM|SKIP|RSI_HIGH|RS_STRONG|VOL_OK|ATR_LOW|FAR_MA20,3,11,72.73,-1.58,-1.64,0.24,1.0,OOS_STRONG,2026-05-11 20:41:49
UPTREND|BOTTOM|BUY NOW|RSI_MID|RS_WEAK|VOL_STRONG|ATR_LOW|ABOVE_MA20,13,36,72.22,-0.11,-2.07,-2.4,1.0,OOS_STRONG,2026-05-11 20:41:49
UPTREND|BOTTOM|SKIP|RSI_MID_HIGH|RS_WEAK|VOL_LOW|ATR_LOW|ABOVE_MA20,5,14,71.43,-0.25,0.04,0.74,1.0,OOS_STRONG,2026-05-11 20:41:49
UPTREND|BOTTOM|BUY NOW|RSI_MID_HIGH|RS_BAD|VOL_OK|ATR_LOW|ABOVE_MA20,5,7,71.43,-1.82,0.42,-0.01,1.0,OOS_STRONG,2026-05-11 20:41:49
UPTREND|MOMENTUM_WATCH|WAIT|RSI_HIGH|RS_OK|VOL_OK|ATR_LOW|FAR_MA20,4,7,71.43,1.36,-1.09,0.68,1.0,OOS_STRONG,2026-05-11 20:41:49
UPTREND|MOMENTUM_WATCH|WATCHLIST|RSI_HIGH|RS_WEAK|VOL_OK|ATR_LOW|ABOVE_MA20,4,7,71.43,-0.58,1.38,2.59,1.0,OOS_STRONG,2026-05-11 20:41:49
UPTREND|MOMENTUM|SKIP|RSI_HIGH|RS_OK|VOL_STRONG|ATR_LOW|FAR_MA20,3,7,71.43,0.9,1.93,3.45,0.98,OOS_STRONG,2026-05-11 20:41:49
UPTREND|MOMENTUM|WAIT|RSI_MID_HIGH|RS_OK|VOL_OK|ATR_LOW|ABOVE_MA20,14,66,71.21,0.44,0.03,-1.93,1.0,OOS_STRONG,2026-05-11 20:41:49
UPTREND|MOMENTUM|WAIT|RSI_HIGH|RS_WEAK|VOL_OK|ATR_LOW|ABOVE_MA20,10,45,71.11,0.01,1.34,0.12,1.0,OOS_STRONG,2026-05-11 20:41:49
UPTREND|MOMENTUM_WATCH|SKIP|RSI_HIGH|RS_WEAK|VOL_LOW|ATR_LOW|ABOVE_MA20,10,24,70.83,1.5,2.27,2.28,1.0,OOS_STRONG,2026-05-11 20:41:49
UPTREND|MOMENTUM_WATCH|SKIP|RSI_HIGH|RS_STRONG|VOL_OK|ATR_LOW|FAR_MA20,6,17,70.59,0.74,3.34,1.19,1.0,OOS_STRONG,2026-05-11 20:41:49
UPTREND|MOMENTUM_WATCH|WAIT|RSI_HIGH|RS_STRONG|VOL_OK|ATR_LOW|FAR_MA20,8,17,70.59,1.01,1.33,1.88,1.0,OOS_STRONG,2026-05-11 20:41:49
UPTREND|BOTTOM|WAIT|RSI_MID_HIGH|RS_WEAK|VOL_LOW|ATR_LOW|ABOVE_MA20,16,54,70.37,1.26,1.39,0.52,1.0,OOS_STRONG,2026-05-11 20:41:49
UPTREND|BOTTOM_WATCH|SKIP|RSI_MID_HIGH|RS_BAD|VOL_LOW|ATR_LOW|BELOW_MA20,15,121,70.25,0.63,0.77,-0.42,1.0,OOS_STRONG,2026-05-11 20:41:49
UPTREND|MOMENTUM|WAIT|RSI_HIGH|RS_OK|VOL_LOW|ATR_LOW|ABOVE_MA20,7,20,70.0,0.63,-0.55,-0.7,1.0,OOS_STRONG,2026-05-11 20:41:49
UPTREND|BOTTOM|BUY NOW|RSI_MID|RS_BAD|VOL_STRONG|ATR_LOW|BELOW_MA20,7,10,70.0,-0.68,-0.07,-0.02,1.0,OOS_STRONG,2026-05-11 20:41:49
UPTREND|BOTTOM|BUY NOW|RSI_MID_HIGH|RS_WEAK|VOL_OK|ATR_LOW|ABOVE_MA20,13,56,69.64,0.91,1.67,0.91,1.0,OOS_STRONG,2026-05-11 20:41:49
UPTREND|MOMENTUM|WAIT|RSI_HIGH|RS_STRONG|VOL_STRONG|ATR_LOW|FAR_MA20,12,46,69.57,2.48,0.8,0.25,1.0,OOS_STRONG,2026-05-11 20:41:49
UPTREND|MOMENTUM|SKIP|RSI_HIGH|RS_STRONG|VOL_STRONG|ATR_LOW|FAR_MA20,6,26,69.23,1.07,0.84,-1.01,1.0,OOS_STRONG,2026-05-11 20:41:49
UPTREND|MOMENTUM|SKIP|RSI_HIGH|RS_OK|VOL_STRONG|ATR_LOW|ABOVE_MA20,3,13,69.23,-0.43,-1.16,0.21,1.0,OOS_STRONG,2026-05-11 20:41:49
UPTREND|BOTTOM|BUY NOW|RSI_MID|RS_BAD|VOL_OK|ATR_LOW|ABOVE_MA20,14,42,69.05,0.22,0.93,-0.94,1.0,OOS_STRONG,2026-05-11 20:41:49
UPTREND|BOTTOM|BUY NOW|RSI_MID|RS_WEAK|VOL_STRONG|ATR_LOW|BELOW_MA20,8,16,68.75,0.28,1.47,0.39,1.0,OOS_STRONG,2026-05-11 20:41:49
UPTREND|BOTTOM|SKIP|RSI_MID|RS_WEAK|VOL_LOW|ATR_LOW|ABOVE_MA20,14,67,68.66,0.6,0.06,-0.3,1.0,OOS_STRONG,2026-05-11 20:41:49
UPTREND|BOTTOM_WATCH|WATCHLIST|RSI_MID|RS_BAD|VOL_STRONG|ATR_LOW|BELOW_MA20,12,35,68.57,0.3,0.28,-0.94,1.0,OOS_STRONG,2026-05-11 20:41:49
UPTREND|MOMENTUM|WAIT|RSI_HIGH|RS_STRONG|VOL_OK|ATR_LOW|FAR_MA20,7,19,68.42,-2.06,-1.79,-1.53,1.0,OOS_STRONG,2026-05-11 20:41:49
UPTREND|BOTTOM_WATCH|WATCHLIST|RSI_MID|RS_WEAK|VOL_STRONG|ATR_LOW|ABOVE_MA20,11,22,68.18,-0.62,-1.98,-3.43,1.0,OOS_STRONG,2026-05-11 20:41:49
UPTREND|MOMENTUM|BUY NOW|RSI_MID_HIGH|RS_STRONG|VOL_STRONG|ATR_LOW|ABOVE_MA20,10,56,67.86,0.22,-1.7,-1.01,1.0,OOS_STRONG,2026-05-11 20:41:49
UPTREND|BOTTOM|BUY NOW|RSI_MID_HIGH|RS_WEAK|VOL_LOW|ATR_LOW|ABOVE_MA20,15,78,66.67,-0.29,-0.46,-0.93,1.0,OOS_STRONG,2026-05-11 20:41:49
UPTREND|BOTTOM|BUY NOW|RSI_MID|RS_WEAK|VOL_OK|ATR_LOW|BELOW_MA20,16,72,66.67,-0.04,-1.18,-1.26,1.0,OOS_STRONG,2026-05-11 20:41:49
UPTREND|MOMENTUM|WATCHLIST|RSI_HIGH|RS_OK|VOL_STRONG|ATR_LOW|ABOVE_MA20,6,18,66.67,-1.69,-0.99,1.97,1.0,OOS_STRONG,2026-05-11 20:41:49
UPTREND|BOTTOM|BUY NOW|RSI_MID_HIGH|RS_WEAK|VOL_OK|ATR_LOW|BELOW_MA20,6,12,66.67,1.33,2.1,-1.1,1.0,OOS_STRONG,2026-05-11 20:41:49
UPTREND|MOMENTUM_WATCH|WATCHLIST|RSI_HIGH|RS_OK|VOL_LOW|ATR_LOW|ABOVE_MA20,7,12,66.67,1.93,-0.54,4.57,1.0,OOS_STRONG,2026-05-11 20:41:49
UPTREND|BOTTOM_WATCH|SKIP|RSI_WEAK|RS_BAD|VOL_STRONG|ATR_OK|BELOW_MA20,3,6,66.67,0.56,-2.05,0.71,0.95,OOS_STRONG,2026-05-11 20:41:49
UPTREND|BOTTOM_WATCH|WATCHLIST|RSI_MID|RS_OK|VOL_LOW|ATR_LOW|ABOVE_MA20,3,6,66.67,2.95,-0.01,-0.59,0.95,OOS_STRONG,2026-05-11 20:41:49
UPTREND|BOTTOM|SKIP|RSI_MID|RS_OK|VOL_LOW|ATR_LOW|BELOW_MA20,3,6,66.67,1.67,-0.55,0.15,0.95,OOS_STRONG,2026-05-11 20:41:49
UPTREND|BOTTOM|SKIP|RSI_MID|RS_BAD|VOL_LOW|ATR_OK|ABOVE_MA20,2,3,66.67,7.52,5.45,5.04,0.6,LOW_SAMPLE,2026-05-11 20:41:49
UPTREND|MOMENTUM_WATCH|WAIT|RSI_HIGH|RS_OK|VOL_LOW|ATR_LOW|FAR_MA20,3,3,66.67,0.62,-0.81,-1.65,0.85,LOW_SAMPLE,2026-05-11 20:41:49
UPTREND|MOMENTUM|WAIT|RSI_MID_HIGH|RS_OK|VOL_OK|ATR_OK|ABOVE_MA20,3,3,66.67,-4.08,-3.13,-6.56,0.85,LOW_SAMPLE,2026-05-11 20:41:49
UPTREND|MOMENTUM|BUY NOW|RSI_MID_HIGH|RS_STRONG|VOL_LOW|ATR_LOW|FAR_MA20,3,9,66.66,5.24,-0.02,-2.76,1.0,OOS_STRONG,2026-05-11 20:41:49
UPTREND|BOTTOM_WATCH|SKIP|RSI_MID|RS_BAD|VOL_STRONG|ATR_LOW|BELOW_MA20,14,38,65.79,-0.02,-0.14,-0.97,1.0,OOS_STRONG,2026-05-11 20:41:49
UPTREND|MOMENTUM_WATCH|WAIT|RSI_HIGH|RS_WEAK|VOL_OK|ATR_LOW|ABOVE_MA20,14,52,65.38,0.64,1.84,4.07,1.0,OOS_STRONG,2026-05-11 20:41:49
UPTREND|MOMENTUM_WATCH|SKIP|RSI_MID|RS_BAD|VOL_LOW|ATR_LOW|ABOVE_MA20,9,40,65.0,-0.59,-0.22,1.05,1.0,OOS_STRONG,2026-05-11 20:41:49
UPTREND|BOTTOM|BUY NOW|RSI_LOW|RS_WEAK|VOL_STRONG|ATR_LOW|ABOVE_MA20,8,20,65.0,-0.82,-0.05,1.84,1.0,OOS_STRONG,2026-05-11 20:41:49
UPTREND|BOTTOM|BUY NOW|RSI_LOW|RS_WEAK|VOL_STRONG|ATR_LOW|BELOW_MA20,8,20,65.0,0.29,-0.3,0.07,1.0,OOS_STRONG,2026-05-11 20:41:49
UPTREND|MOMENTUM_WATCH|SKIP|RSI_HIGH|RS_STRONG|VOL_LOW|ATR_LOW|FAR_MA20,6,20,65.0,0.54,-0.57,2.58,1.0,OOS_STRONG,2026-05-11 20:41:49
UPTREND|MOMENTUM|SKIP|RSI_MID_HIGH|RS_BAD|VOL_LOW|ATR_LOW|ABOVE_MA20,18,137,64.96,0.43,-0.62,-1.38,1.0,OOS_STRONG,2026-05-11 20:41:49
UPTREND|BOTTOM|BUY NOW|RSI_MID|RS_BAD|VOL_OK|ATR_LOW|BELOW_MA20,13,37,64.87,-0.3,-0.28,-0.98,1.0,OOS_STRONG,2026-05-11 20:41:49
UPTREND|MOMENTUM_WATCH|SKIP|RSI_HIGH|RS_OK|VOL_LOW|ATR_LOW|ABOVE_MA20,11,37,64.86,0.76,0.71,1.49,1.0,OOS_STRONG,2026-05-11 20:41:49
UPTREND|MOMENTUM|WAIT|RSI_MID_HIGH|RS_OK|VOL_LOW|ATR_LOW|ABOVE_MA20,18,108,64.81,0.03,0.18,-0.74,1.0,OOS_STRONG,2026-05-11 20:41:49
UPTREND|BOTTOM|SKIP|RSI_MID|RS_OK|VOL_LOW|ATR_LOW|ABOVE_MA20,6,17,64.71,0.85,2.18,5.08,1.0,OOS_STRONG,2026-05-11 20:41:49
UPTREND|BOTTOM|BUY NOW|RSI_MID|RS_WEAK|VOL_LOW|ATR_LOW|ABOVE_MA20,18,81,64.2,0.87,-0.83,-1.86,1.0,OOS_STRONG,2026-05-11 20:41:49
UPTREND|BOTTOM|BUY NOW|RSI_MID|RS_WEAK|VOL_OK|ATR_LOW|ABOVE_MA20,17,64,64.06,0.3,-0.47,-1.61,1.0,OOS_STRONG,2026-05-11 20:41:49
UPTREND|MOMENTUM|BUY NOW|RSI_MID_HIGH|RS_STRONG|VOL_OK|ATR_LOW|ABOVE_MA20,11,61,63.94,-1.43,-0.67,-3.11,1.0,OOS_STRONG,2026-05-11 20:41:49
UPTREND|BOTTOM|BUY NOW|RSI_MID|RS_BAD|VOL_LOW|ATR_LOW|ABOVE_MA20,15,44,63.64,0.49,0.52,-0.06,1.0,OOS_STRONG,2026-05-11 20:41:49
UPTREND|MOMENTUM|WAIT|RSI_MID_HIGH|RS_BAD|VOL_STRONG|ATR_LOW|ABOVE_MA20,15,33,63.64,0.03,-1.05,1.95,1.0,OOS_STRONG,2026-05-11 20:41:49
UPTREND|MOMENTUM_WATCH|WAIT|RSI_HIGH|RS_STRONG|VOL_OK|ATR_LOW|ABOVE_MA20,4,11,63.64,0.37,0.27,1.89,1.0,OOS_STRONG,2026-05-11 20:41:49
UPTREND|MOMENTUM|BUY NOW|RSI_MID_HIGH|RS_OK|VOL_STRONG|ATR_LOW|FAR_MA20,4,11,63.64,0.3,-0.62,5.51,1.0,OOS_STRONG,2026-05-11 20:41:49
UPTREND|MOMENTUM|WAIT|RSI_MID|RS_BAD|VOL_STRONG|ATR_LOW|ABOVE_MA20,4,11,63.64,1.52,2.43,1.24,1.0,OOS_STRONG,2026-05-11 20:41:49
UPTREND|MOMENTUM_WATCH|WATCHLIST|RSI_MID|RS_BAD|VOL_STRONG|ATR_LOW|ABOVE_MA20,15,41,63.41,0.38,-0.21,0.52,1.0,OOS_STRONG,2026-05-11 20:41:49
UPTREND|MOMENTUM|WAIT|RSI_MID_HIGH|RS_WEAK|VOL_STRONG|ATR_LOW|ABOVE_MA20,16,57,63.16,0.7,-1.1,1.0,1.0,OOS_STRONG,2026-05-11 20:41:49
UPTREND|MOMENTUM_WATCH|WATCHLIST|RSI_HIGH|RS_OK|VOL_OK|ATR_LOW|ABOVE_MA20,6,19,63.16,0.76,1.06,2.35,1.0,OOS_STRONG,2026-05-11 20:41:49
UPTREND|MOMENTUM|BUY NOW|RSI_MID_HIGH|RS_OK|VOL_OK|ATR_LOW|ABOVE_MA20,18,238,63.03,-0.33,-0.89,-0.74,1.0,OOS_STRONG,2026-05-11 20:41:49
UPTREND|BOTTOM|SKIP|RSI_MID|RS_BAD|VOL_LOW|ATR_LOW|ABOVE_MA20,18,113,62.83,0.25,-0.1,-0.05,1.0,OOS_STRONG,2026-05-11 20:41:49
UPTREND|BOTTOM|BUY NOW|RSI_LOW|RS_BAD|VOL_LOW|ATR_LOW|ABOVE_MA20,14,40,62.5,0.1,-1.27,-2.4,1.0,OOS_STRONG,2026-05-11 20:41:49
UPTREND|BOTTOM_WATCH|SKIP|RSI_MID_HIGH|RS_BAD|VOL_OK|ATR_LOW|BELOW_MA20,4,8,62.5,0.74,1.9,0.97,1.0,OOS_STRONG,2026-05-11 20:41:49
UPTREND|MOMENTUM|WAIT|RSI_HIGH|RS_OK|VOL_STRONG|ATR_LOW|ABOVE_MA20,15,109,62.38,-0.88,-1.8,-2.55,1.0,OOS_STRONG,2026-05-11 20:41:49
UPTREND|MOMENTUM_WATCH|WAIT|RSI_HIGH|RS_OK|VOL_OK|ATR_LOW|ABOVE_MA20,9,45,62.22,0.64,0.92,0.01,1.0,OOS_STRONG,2026-05-11 20:41:49
UPTREND|MOMENTUM|BUY NOW|RSI_MID_HIGH|RS_OK|VOL_STRONG|ATR_LOW|ABOVE_MA20,17,254,62.21,0.37,0.54,1.03,1.0,OOS_STRONG,2026-05-11 20:41:49
UPTREND|BOTTOM_WATCH|WATCHLIST|RSI_MID|RS_BAD|VOL_OK|ATR_LOW|BELOW_MA20,15,73,61.64,-0.08,-0.55,-1.71,1.0,OOS_STRONG,2026-05-11 20:41:49
UPTREND|MOMENTUM|WAIT|RSI_HIGH|RS_STRONG|VOL_STRONG|ATR_LOW|ABOVE_MA20,7,26,61.54,0.69,0.5,1.31,1.0,OOS_STRONG,2026-05-11 20:41:49
UPTREND|BOTTOM|BUY NOW|RSI_LOW|RS_BAD|VOL_STRONG|ATR_LOW|BELOW_MA20,11,23,60.87,-0.31,-0.37,-1.62,1.0,OOS_STRONG,2026-05-11 20:41:49
UPTREND|BOTTOM|WAIT|RSI_MID|RS_WEAK|VOL_LOW|ATR_LOW|ABOVE_MA20,14,38,60.53,0.08,1.12,2.56,1.0,OOS_STRONG,2026-05-11 20:41:49
UPTREND|BOTTOM_WATCH|SKIP|RSI_MID|RS_OK|VOL_LOW|ATR_LOW|ABOVE_MA20,8,15,60.0,1.69,0.5,0.76,1.0,OOS_STRONG,2026-05-11 20:41:49
UPTREND|MOMENTUM_WATCH|WATCHLIST|RSI_MID|RS_OK|VOL_OK|ATR_LOW|ABOVE_MA20,5,10,60.0,0.61,1.45,2.16,1.0,OOS_STRONG,2026-05-11 20:41:49
UPTREND|MOMENTUM|SKIP|RSI_MID|RS_BAD|VOL_STRONG|ATR_LOW|ABOVE_MA20,5,10,60.0,0.96,1.23,0.03,1.0,OOS_OK,2026-05-11 20:41:49
UPTREND|MOMENTUM_WATCH|WATCHLIST|RSI_MID|RS_WEAK|VOL_LOW|ATR_LOW|ABOVE_MA20,4,5,60.0,0.43,-0.08,0.21,1.0,OOS_STRONG,2026-05-11 20:41:49
UPTREND|WATCH|SKIP|RSI_MID_HIGH|RS_WEAK|VOL_OK|ATR_LOW|ABOVE_MA20,4,5,60.0,-0.7,-0.56,0.27,1.0,OOS_STRONG,2026-05-11 20:41:49
UPTREND|MOMENTUM|SKIP|RSI_MID_HIGH|RS_BAD|VOL_STRONG|ATR_LOW|ABOVE_MA20,18,196,59.69,0.18,-0.46,-0.83,1.0,OOS_OK,2026-05-11 20:41:49
UPTREND|BOTTOM_WATCH|SKIP|RSI_MID|RS_WEAK|VOL_LOW|ATR_LOW|BELOW_MA20,16,131,59.54,1.07,-0.02,-1.15,1.0,OOS_OK,2026-05-11 20:41:49
UPTREND|BOTTOM|SKIP|RSI_MID|RS_WEAK|VOL_LOW|ATR_LOW|BELOW_MA20,15,121,59.5,-0.02,-1.09,-0.89,1.0,OOS_OK,2026-05-11 20:41:49
UPTREND|BOTTOM_WATCH|WATCHLIST|RSI_MID_HIGH|RS_BAD|VOL_LOW|ATR_LOW|ABOVE_MA20,20,74,59.46,0.71,0.95,-0.16,1.0,OOS_OK,2026-05-11 20:41:49
UPTREND|BOTTOM_WATCH|WATCHLIST|RSI_MID_HIGH|RS_BAD|VOL_OK|ATR_LOW|ABOVE_MA20,17,37,59.46,-0.03,0.77,0.45,1.0,OOS_OK,2026-05-11 20:41:49
UPTREND|MOMENTUM|WAIT|RSI_HIGH|RS_WEAK|VOL_STRONG|ATR_LOW|ABOVE_MA20,16,91,59.34,-0.01,-0.4,-1.18,1.0,OOS_OK,2026-05-11 20:41:49
UPTREND|MOMENTUM_WATCH|WATCHLIST|RSI_MID_HIGH|RS_OK|VOL_LOW|ATR_LOW|ABOVE_MA20,14,59,59.32,0.58,1.31,-1.29,1.0,OOS_OK,2026-05-11 20:41:49
UPTREND|MOMENTUM_WATCH|SKIP|RSI_MID_HIGH|RS_OK|VOL_LOW|ATR_LOW|ABOVE_MA20,16,86,59.3,0.48,-1.03,-0.63,1.0,OOS_OK,2026-05-11 20:41:49
UPTREND|MOMENTUM|BUY NOW|RSI_MID_HIGH|RS_OK|VOL_LOW|ATR_LOW|ABOVE_MA20,20,130,59.23,0.68,0.1,-0.58,1.0,OOS_OK,2026-05-11 20:41:49
UPTREND|BOTTOM_WATCH|WATCHLIST|RSI_MID|RS_BAD|VOL_OK|ATR_LOW|ABOVE_MA20,19,100,59.0,-0.18,0.82,0.61,1.0,OOS_OK,2026-05-11 20:41:49
UPTREND|BOTTOM|SKIP|RSI_MID|RS_BAD|VOL_OK|ATR_LOW|ABOVE_MA20,17,84,58.33,-0.29,-0.18,0.76,1.0,OOS_OK,2026-05-11 20:41:49
UPTREND|MOMENTUM|SKIP|RSI_MID_HIGH|RS_STRONG|VOL_LOW|ATR_LOW|ABOVE_MA20,13,60,58.33,0.65,-0.38,-0.58,1.0,OOS_OK,2026-05-11 20:41:49
UPTREND|MOMENTUM_WATCH|WATCHLIST|RSI_MID|RS_WEAK|VOL_OK|ATR_LOW|ABOVE_MA20,10,24,58.33,-0.27,-0.41,-0.6,1.0,OOS_OK,2026-05-11 20:41:49
UPTREND|BOTTOM_WATCH|WATCHLIST|RSI_MID|RS_BAD|VOL_LOW|ATR_LOW|BELOW_MA20,17,131,58.01,0.7,-0.0,-0.8,1.0,OOS_OK,2026-05-11 20:41:49
UPTREND|BOTTOM|SKIP|RSI_LOW|RS_BAD|VOL_OK|ATR_LOW|ABOVE_MA20,13,50,58.0,-0.54,0.12,0.66,1.0,OOS_OK,2026-05-11 20:41:49
UPTREND|MOMENTUM_WATCH|WATCHLIST|RSI_MID_HIGH|RS_WEAK|VOL_OK|ATR_LOW|ABOVE_MA20,20,271,57.93,-0.39,-0.86,-1.5,1.0,OOS_OK,2026-05-11 20:41:49
UPTREND|MOMENTUM|SKIP|RSI_MID_HIGH|RS_WEAK|VOL_LOW|ATR_LOW|ABOVE_MA20,15,64,57.81,-0.26,-0.23,-0.39,1.0,OOS_OK,2026-05-11 20:41:49
UPTREND|BOTTOM|SKIP|RSI_LOW|RS_BAD|VOL_STRONG|ATR_LOW|BELOW_MA20,19,135,57.78,-0.07,-0.6,-1.26,1.0,OOS_OK,2026-05-11 20:41:49
UPTREND|MOMENTUM_WATCH|SKIP|RSI_MID|RS_BAD|VOL_STRONG|ATR_LOW|ABOVE_MA20,15,40,57.5,-0.86,-0.43,0.79,1.0,OOS_OK,2026-05-11 20:41:49
UPTREND|BOTTOM|WAIT|RSI_MID_HIGH|RS_WEAK|VOL_OK|ATR_LOW|ABOVE_MA20,16,54,57.41,0.07,0.68,0.48,1.0,OOS_OK,2026-05-11 20:41:49
UPTREND|BOTTOM_WATCH|SKIP|RSI_MID|RS_BAD|VOL_LOW|ATR_LOW|BELOW_MA20,20,681,57.27,0.56,0.36,0.1,1.0,OOS_OK,2026-05-11 20:41:49
UPTREND|BOTTOM_WATCH|WATCHLIST|RSI_MID|RS_BAD|VOL_LOW|ATR_LOW|ABOVE_MA20,20,110,57.27,0.71,-0.18,-0.92,1.0,OOS_OK,2026-05-11 20:41:49
UPTREND|BOTTOM|SKIP|RSI_LOW|RS_BAD|VOL_LOW|ATR_LOW|ABOVE_MA20,15,84,57.14,-0.01,-1.39,-1.74,1.0,OOS_OK,2026-05-11 20:41:49
UPTREND|BOTTOM_WATCH|WATCHLIST|RSI_MID_HIGH|RS_BAD|VOL_OK|ATR_LOW|BELOW_MA20,5,14,57.14,0.31,0.75,1.75,1.0,OOS_OK,2026-05-11 20:41:49
UPTREND|MOMENTUM|SKIP|RSI_HIGH|RS_OK|VOL_OK|ATR_LOW|ABOVE_MA20,4,7,57.14,1.03,-0.32,1.38,1.0,OOS_OK,2026-05-11 20:41:49
UPTREND|MOMENTUM|SKIP|RSI_HIGH|RS_STRONG|VOL_STRONG|ATR_LOW|ABOVE_MA20,3,7,57.14,-0.87,-1.45,0.35,0.98,OOS_OK,2026-05-11 20:41:49
UPTREND|MOMENTUM|WAIT|RSI_MID|RS_WEAK|VOL_OK|ATR_LOW|ABOVE_MA20,4,7,57.14,0.89,0.12,0.49,1.0,OOS_OK,2026-05-11 20:41:49
UPTREND|MOMENTUM|SKIP|RSI_MID_HIGH|RS_OK|VOL_LOW|ATR_LOW|ABOVE_MA20,19,153,56.86,0.79,0.39,-0.2,1.0,OOS_OK,2026-05-11 20:41:49
UPTREND|BOTTOM|BUY NOW|RSI_LOW|RS_BAD|VOL_OK|ATR_LOW|BELOW_MA20,17,97,56.7,0.3,0.54,0.43,1.0,OOS_OK,2026-05-11 20:41:49
UPTREND|MOMENTUM_WATCH|WATCHLIST|RSI_MID_HIGH|RS_BAD|VOL_LOW|ATR_LOW|ABOVE_MA20,20,240,56.67,-0.17,-0.01,-1.02,1.0,OOS_OK,2026-05-11 20:41:49
UPTREND|BOTTOM|SKIP|RSI_LOW|RS_BAD|VOL_LOW|ATR_LOW|BELOW_MA20,20,2136,56.51,0.33,0.1,-0.19,1.0,OOS_OK,2026-05-11 20:41:49
UPTREND|MOMENTUM_WATCH|SKIP|RSI_MID_HIGH|RS_BAD|VOL_OK|ATR_LOW|ABOVE_MA20,19,174,56.32,0.42,0.41,0.23,1.0,OOS_OK,2026-05-11 20:41:49
UPTREND|BOTTOM_WATCH|WATCHLIST|RSI_MID|RS_WEAK|VOL_LOW|ATR_LOW|ABOVE_MA20,19,87,56.32,0.67,0.77,-0.26,1.0,OOS_OK,2026-05-11 20:41:49
UPTREND|MOMENTUM|BUY NOW|RSI_MID_HIGH|RS_WEAK|VOL_LOW|ATR_LOW|ABOVE_MA20,15,64,56.25,-0.36,-0.58,-2.06,1.0,OOS_OK,2026-05-11 20:41:49
UPTREND|BOTTOM|WAIT|RSI_LOW|RS_BAD|VOL_LOW|ATR_LOW|BELOW_MA20,12,32,56.25,1.55,0.0,-0.2,1.0,OOS_OK,2026-05-11 20:41:49
UPTREND|MOMENTUM_WATCH|WATCHLIST|RSI_MID|RS_BAD|VOL_LOW|ATR_LOW|ABOVE_MA20,8,16,56.25,-0.9,-0.89,1.19,1.0,OOS_OK,2026-05-11 20:41:49
UPTREND|BOTTOM|SKIP|RSI_LOW|RS_WEAK|VOL_LOW|ATR_LOW|BELOW_MA20,17,226,56.19,0.37,-0.07,-1.06,1.0,OOS_OK,2026-05-11 20:41:49
UPTREND|MOMENTUM_WATCH|WATCHLIST|RSI_MID_HIGH|RS_WEAK|VOL_LOW|ATR_LOW|ABOVE_MA20,20,317,56.15,0.37,0.38,-0.57,1.0,OOS_OK,2026-05-11 20:41:49
UPTREND|MOMENTUM|WAIT|RSI_MID_HIGH|RS_WEAK|VOL_OK|ATR_LOW|ABOVE_MA20,20,130,56.15,-0.29,-2.0,-0.12,1.0,OOS_OK,2026-05-11 20:41:49
UPTREND|MOMENTUM_WATCH|WAIT|RSI_HIGH|RS_OK|VOL_LOW|ATR_LOW|ABOVE_MA20,16,57,56.14,1.12,-0.22,-0.69,1.0,OOS_OK,2026-05-11 20:41:49
UPTREND|BOTTOM|SKIP|RSI_MID|RS_BAD|VOL_LOW|ATR_LOW|BELOW_MA20,20,460,56.09,0.36,-0.02,-0.29,1.0,OOS_OK,2026-05-11 20:41:49
UPTREND|MOMENTUM_WATCH|WATCHLIST|RSI_MID_HIGH|RS_BAD|VOL_OK|ATR_LOW|ABOVE_MA20,20,232,56.04,0.44,0.3,0.16,1.0,OOS_OK,2026-05-11 20:41:49
UPTREND|BOTTOM|SKIP|RSI_LOW|RS_BAD|VOL_STRONG|ATR_LOW|ABOVE_MA20,10,25,56.0,-0.69,-0.82,0.61,1.0,OOS_OK,2026-05-11 20:41:49
UPTREND|BOTTOM_WATCH|SKIP|RSI_MID_HIGH|RS_WEAK|VOL_LOW|ATR_LOW|ABOVE_MA20,16,93,55.91,0.34,0.58,-0.96,1.0,OOS_OK,2026-05-11 20:41:49
UPTREND|BOTTOM_WATCH|SKIP|RSI_MID|RS_BAD|VOL_OK|ATR_LOW|BELOW_MA20,19,103,55.34,0.25,-0.3,-1.43,1.0,OOS_OK,2026-05-11 20:41:49
UPTREND|MOMENTUM|BUY NOW|RSI_MID_HIGH|RS_WEAK|VOL_STRONG|ATR_LOW|ABOVE_MA20,20,439,55.13,-0.08,-0.0,-0.13,1.0,OOS_OK,2026-05-11 20:41:49
UPTREND|BOTTOM_WATCH|WATCHLIST|RSI_MID|RS_WEAK|VOL_OK|ATR_LOW|BELOW_MA20,11,20,55.0,-0.24,-0.17,1.08,1.0,OOS_OK,2026-05-11 20:41:49
UPTREND|MOMENTUM_WATCH|WATCHLIST|RSI_MID|RS_WEAK|VOL_STRONG|ATR_LOW|ABOVE_MA20,10,20,55.0,1.84,3.25,2.6,1.0,OOS_OK,2026-05-11 20:41:49
UPTREND|MOMENTUM_WATCH|SKIP|RSI_MID|RS_BAD|VOL_OK|ATR_LOW|ABOVE_MA20,15,51,54.9,0.05,0.44,0.43,1.0,OOS_OK,2026-05-11 20:41:49
UPTREND|BOTTOM|BUY NOW|RSI_MID|RS_WEAK|VOL_LOW|ATR_LOW|BELOW_MA20,17,93,54.84,0.45,-0.37,-1.32,1.0,OOS_OK,2026-05-11 20:41:49
UPTREND|MOMENTUM|BUY NOW|RSI_MID_HIGH|RS_WEAK|VOL_OK|ATR_LOW|ABOVE_MA20,20,283,54.77,0.17,0.27,-0.11,1.0,OOS_OK,2026-05-11 20:41:49
UPTREND|BOTTOM|BUY NOW|RSI_LOW|RS_BAD|VOL_OK|ATR_LOW|ABOVE_MA20,12,44,54.55,-0.4,-0.39,-0.04,1.0,OOS_OK,2026-05-11 20:41:49
UPTREND|BOTTOM_WATCH|SKIP|RSI_MID|RS_BAD|VOL_LOW|ATR_OK|BELOW_MA20,4,11,54.55,1.58,-0.71,-0.41,1.0,OOS_OK,2026-05-11 20:41:49
UPTREND|BOTTOM|WAIT|RSI_LOW|RS_BAD|VOL_OK|ATR_LOW|BELOW_MA20,7,11,54.54,-0.05,-1.58,-2.05,1.0,OOS_OK,2026-05-11 20:41:49
UPTREND|BOTTOM_WATCH|SKIP|RSI_MID|RS_BAD|VOL_LOW|ATR_LOW|ABOVE_MA20,20,286,54.2,0.26,0.06,-0.16,1.0,OOS_OK,2026-05-11 20:41:49
UPTREND|BOTTOM_WATCH|SKIP|RSI_MID_HIGH|RS_BAD|VOL_LOW|ATR_LOW|ABOVE_MA20,20,172,54.07,0.36,1.05,-0.22,1.0,OOS_OK,2026-05-11 20:41:49
UPTREND|BOTTOM_WATCH|SKIP|RSI_MID_HIGH|RS_BAD|VOL_STRONG|ATR_LOW|ABOVE_MA20,7,13,53.85,0.02,0.29,1.68,1.0,OOS_OK,2026-05-11 20:41:49
UPTREND|BOTTOM_WATCH|WATCHLIST|RSI_MID_HIGH|RS_BAD|VOL_STRONG|ATR_LOW|ABOVE_MA20,7,13,53.85,0.02,0.29,1.68,1.0,OOS_OK,2026-05-11 20:41:49
UPTREND|MOMENTUM|BUY NOW|RSI_MID_HIGH|RS_BAD|VOL_LOW|ATR_LOW|ABOVE_MA20,16,54,53.7,-0.13,-0.42,0.09,1.0,OOS_OK,2026-05-11 20:41:49
UPTREND|BOTTOM_WATCH|SKIP|RSI_MID_HIGH|RS_BAD|VOL_OK|ATR_LOW|ABOVE_MA20,18,41,53.66,0.37,0.93,1.14,1.0,OOS_OK,2026-05-11 20:41:49
UPTREND|BOTTOM_WATCH|SKIP|RSI_LOW|RS_BAD|VOL_LOW|ATR_LOW|ABOVE_MA20,12,58,53.45,0.25,-0.41,-1.4,1.0,OOS_OK,2026-05-11 20:41:49
UPTREND|BOTTOM_WATCH|SKIP|RSI_MID|RS_BAD|VOL_OK|ATR_LOW|ABOVE_MA20,19,103,53.4,-0.33,0.42,0.2,1.0,OOS_OK,2026-05-11 20:41:49
UPTREND|BOTTOM|SKIP|RSI_LOW|RS_WEAK|VOL_LOW|ATR_LOW|ABOVE_MA20,8,30,53.33,0.03,-0.4,-2.78,1.0,OOS_OK,2026-05-11 20:41:49
UPTREND|BOTTOM|WAIT|RSI_MID_HIGH|RS_WEAK|VOL_STRONG|ATR_LOW|ABOVE_MA20,11,30,53.33,-0.1,-0.47,1.94,1.0,OOS_OK,2026-05-11 20:41:49
UPTREND|MOMENTUM|WATCHLIST|RSI_HIGH|RS_WEAK|VOL_STRONG|ATR_LOW|ABOVE_MA20,7,15,53.33,-0.48,-0.97,1.32,1.0,OOS_OK,2026-05-11 20:41:49
UPTREND|BOTTOM|BUY NOW|RSI_LOW|RS_BAD|VOL_STRONG|ATR_LOW|ABOVE_MA20,8,17,52.94,-0.67,-0.39,0.63,1.0,OOS_OK,2026-05-11 20:41:49
UPTREND|WATCH|SKIP|RSI_MID_HIGH|RS_BAD|VOL_OK|ATR_LOW|ABOVE_MA20,15,61,52.46,0.15,0.31,1.47,1.0,OOS_OK,2026-05-11 20:41:49
UPTREND|BOTTOM|SKIP|RSI_MID|RS_BAD|VOL_OK|ATR_LOW|BELOW_MA20,18,92,52.17,0.27,0.48,-0.7,1.0,OOS_OK,2026-05-11 20:41:49
UPTREND|BOTTOM_WATCH|WATCHLIST|RSI_MID_HIGH|RS_WEAK|VOL_OK|ATR_LOW|ABOVE_MA20,15,73,52.06,0.02,0.66,1.68,1.0,OOS_OK,2026-05-11 20:41:49
UPTREND|MOMENTUM|BUY NOW|RSI_MID_HIGH|RS_BAD|VOL_STRONG|ATR_LOW|ABOVE_MA20,20,236,51.7,0.03,-0.25,-0.6,1.0,OOS_WEAK,2026-05-11 20:41:49
UPTREND|MOMENTUM_WATCH|WATCHLIST|RSI_MID_HIGH|RS_BAD|VOL_STRONG|ATR_LOW|ABOVE_MA20,17,107,51.4,-0.42,-1.11,-1.44,1.0,OOS_WEAK,2026-05-11 20:41:49
UPTREND|BOTTOM_WATCH|WATCHLIST|RSI_MID_HIGH|RS_WEAK|VOL_LOW|ATR_LOW|ABOVE_MA20,19,156,51.28,0.34,0.82,-0.36,1.0,OOS_WEAK,2026-05-11 20:41:49
UPTREND|BOTTOM|WAIT|RSI_MID|RS_WEAK|VOL_STRONG|ATR_LOW|ABOVE_MA20,13,45,51.11,-0.46,-2.02,-1.17,1.0,OOS_WEAK,2026-05-11 20:41:49
UPTREND|MOMENTUM_WATCH|WAIT|RSI_HIGH|RS_WEAK|VOL_LOW|ATR_LOW|ABOVE_MA20,11,45,51.11,0.47,0.02,-1.4,1.0,OOS_WEAK,2026-05-11 20:41:49
UPTREND|BOTTOM|SKIP|RSI_LOW|RS_BAD|VOL_OK|ATR_LOW|BELOW_MA20,20,438,50.91,0.36,0.21,0.47,1.0,OOS_WEAK,2026-05-11 20:41:49
UPTREND|BOTTOM_WATCH|WATCHLIST|RSI_MID|RS_BAD|VOL_STRONG|ATR_LOW|ABOVE_MA20,15,57,50.88,-0.32,-1.29,-1.27,1.0,OOS_WEAK,2026-05-11 20:41:49
UPTREND|BOTTOM|WAIT|RSI_MID|RS_WEAK|VOL_OK|ATR_LOW|ABOVE_MA20,15,65,50.77,-0.25,-0.32,-1.42,1.0,OOS_WEAK,2026-05-11 20:41:49
UPTREND|MOMENTUM_WATCH|SKIP|RSI_MID_HIGH|RS_BAD|VOL_STRONG|ATR_LOW|ABOVE_MA20,16,81,50.62,-0.3,-1.05,-1.55,1.0,OOS_WEAK,2026-05-11 20:41:49
UPTREND|BOTTOM|SKIP|RSI_WEAK|RS_BAD|VOL_LOW|ATR_LOW|BELOW_MA20,13,83,50.6,-0.16,-0.54,-1.15,1.0,OOS_WEAK,2026-05-11 20:41:49
UPTREND|BOTTOM_WATCH|SKIP|RSI_MID|RS_WEAK|VOL_LOW|ATR_LOW|ABOVE_MA20,17,113,50.44,0.25,0.34,0.2,1.0,OOS_WEAK,2026-05-11 20:41:49
UPTREND|MOMENTUM_WATCH|SKIP|RSI_MID_HIGH|RS_BAD|VOL_LOW|ATR_LOW|ABOVE_MA20,20,446,50.22,0.0,0.04,-0.22,1.0,OOS_WEAK,2026-05-11 20:41:49
UPTREND|BOTTOM|BUY NOW|RSI_LOW|RS_WEAK|VOL_OK|ATR_LOW|BELOW_MA20,16,52,50.0,-0.01,0.18,0.17,1.0,OOS_WEAK,2026-05-11 20:41:49
UPTREND|MOMENTUM|WAIT|RSI_MID_HIGH|RS_BAD|VOL_LOW|ATR_LOW|ABOVE_MA20,10,24,50.0,0.32,-2.14,-1.31,1.0,OOS_WEAK,2026-05-11 20:41:49
UPTREND|BOTTOM|BUY NOW|RSI_MID|RS_BAD|VOL_STRONG|ATR_LOW|ABOVE_MA20,12,22,50.0,-0.49,-1.23,-2.14,1.0,OOS_WEAK,2026-05-11 20:41:49
UPTREND|MOMENTUM|WAIT|RSI_HIGH|RS_BAD|VOL_STRONG|ATR_LOW|ABOVE_MA20,5,20,50.0,0.02,1.12,2.93,1.0,OOS_WEAK,2026-05-11 20:41:49
UPTREND|MOMENTUM_WATCH|WAIT|RSI_HIGH|RS_BAD|VOL_OK|ATR_LOW|ABOVE_MA20,8,16,50.0,0.91,1.89,6.04,1.0,OOS_WEAK,2026-05-11 20:41:49
UPTREND|WATCH|SKIP|RSI_MID|RS_BAD|VOL_LOW|ATR_LOW|ABOVE_MA20,8,14,50.0,-0.48,-3.37,-6.34,1.0,OOS_WEAK,2026-05-11 20:41:49
UPTREND|BOTTOM_WATCH|WATCHLIST|RSI_LOW|RS_BAD|VOL_STRONG|ATR_LOW|BELOW_MA20,5,10,50.0,0.06,-0.25,-3.14,1.0,OOS_WEAK,2026-05-11 20:41:49
UPTREND|MOMENTUM_WATCH|SKIP|RSI_MID_HIGH|RS_BAD|VOL_STRONG|ATR_LOW|BELOW_MA20,6,10,50.0,0.02,-0.51,0.1,1.0,OOS_WEAK,2026-05-11 20:41:49
UPTREND|MOMENTUM|SKIP|RSI_MID|RS_BAD|VOL_OK|ATR_LOW|ABOVE_MA20,4,10,50.0,0.89,2.02,0.15,1.0,OOS_WEAK,2026-05-11 20:41:49
UPTREND|BOTTOM_WATCH|WATCHLIST|RSI_MID_HIGH|RS_WEAK|VOL_LOW|ATR_LOW|BELOW_MA20,5,8,50.0,0.9,1.51,-3.25,1.0,OOS_WEAK,2026-05-11 20:41:49
UPTREND|MOMENTUM|WAIT|RSI_MID|RS_WEAK|VOL_STRONG|ATR_LOW|ABOVE_MA20,3,8,50.0,-0.81,-0.76,-1.35,1.0,OOS_WEAK,2026-05-11 20:41:49
UPTREND|MOMENTUM_WATCH|WATCHLIST|RSI_HIGH|RS_WEAK|VOL_LOW|ATR_LOW|ABOVE_MA20,5,6,50.0,2.46,1.49,1.69,1.0,OOS_WEAK,2026-05-11 20:41:49
UPTREND|BOTTOM_WATCH|WATCHLIST|RSI_LOW|RS_BAD|VOL_OK|ATR_LOW|ABOVE_MA20,2,4,50.0,1.02,0.11,-0.05,0.63,LOW_SAMPLE,2026-05-11 20:41:49
UPTREND|MOMENTUM_WATCH|WATCHLIST|RSI_HIGH|RS_STRONG|VOL_OK|ATR_LOW|FAR_MA20,2,4,50.0,-4.24,-3.44,-6.54,0.63,LOW_SAMPLE,2026-05-11 20:41:49
UPTREND|MOMENTUM|WATCHLIST|RSI_HIGH|RS_STRONG|VOL_STRONG|ATR_LOW|ABOVE_MA20,2,4,50.0,-0.41,0.83,-1.52,0.63,LOW_SAMPLE,2026-05-11 20:41:49
UPTREND|BOTTOM_WATCH|WAIT|RSI_HIGH|RS_BAD|VOL_OK|ATR_LOW|ABOVE_MA20,1,2,50.0,0.98,-1.86,0.7,0.32,LOW_SAMPLE,2026-05-11 20:41:49
UPTREND|BOTTOM|BUY NOW|RSI_LOW|RS_OK|VOL_OK|ATR_LOW|ABOVE_MA20,2,2,50.0,-2.61,-3.58,-4.62,0.57,LOW_SAMPLE,2026-05-11 20:41:49
UPTREND|BOTTOM|BUY NOW|RSI_MID|RS_OK|VOL_STRONG|ATR_LOW|ABOVE_MA20,2,2,50.0,-0.66,0.12,2.45,0.57,LOW_SAMPLE,2026-05-11 20:41:49
UPTREND|BOTTOM|WAIT|RSI_HIGH|RS_WEAK|VOL_OK|ATR_LOW|ABOVE_MA20,1,2,50.0,0.98,-1.86,0.7,0.32,LOW_SAMPLE,2026-05-11 20:41:49
UPTREND|MOMENTUM_WATCH|WATCHLIST|RSI_MID_HIGH|RS_STRONG|VOL_OK|ATR_LOW|ABOVE_MA20,2,2,50.0,-3.27,0.67,-1.7,0.57,LOW_SAMPLE,2026-05-11 20:41:49
UPTREND|MOMENTUM|SKIP|RSI_HIGH|RS_WEAK|VOL_OK|ATR_LOW|ABOVE_MA20,2,2,50.0,2.29,-0.38,2.64,0.57,LOW_SAMPLE,2026-05-11 20:41:49
UPTREND|WATCH|SKIP|RSI_MID_HIGH|RS_BAD|VOL_STRONG|ATR_LOW|ABOVE_MA20,2,2,50.0,0.56,0.28,-7.26,0.57,LOW_SAMPLE,2026-05-11 20:41:49
UPTREND|BOTTOM_WATCH|SKIP|RSI_WEAK|RS_BAD|VOL_STRONG|ATR_LOW|BELOW_MA20,15,79,49.37,0.17,-1.7,-1.14,1.0,OOS_WEAK,2026-05-11 20:41:49
UPTREND|BOTTOM|BUY NOW|RSI_LOW|RS_BAD|VOL_LOW|ATR_LOW|BELOW_MA20,18,144,49.31,-0.08,-1.0,0.13,1.0,OOS_WEAK,2026-05-11 20:41:49
UPTREND|BOTTOM_WATCH|WATCHLIST|RSI_MID|RS_WEAK|VOL_OK|ATR_LOW|ABOVE_MA20,14,55,49.09,0.28,-0.12,-0.24,1.0,OOS_WEAK,2026-05-11 20:41:49
UPTREND|MOMENTUM|BUY NOW|RSI_MID_HIGH|RS_BAD|VOL_OK|ATR_LOW|ABOVE_MA20,20,179,48.6,0.2,-0.15,-0.02,1.0,OOS_WEAK,2026-05-11 20:41:49
UPTREND|BOTTOM|BUY NOW|RSI_LOW|RS_WEAK|VOL_LOW|ATR_LOW|BELOW_MA20,16,97,48.45,-0.21,-0.95,-0.8,1.0,OOS_WEAK,2026-05-11 20:41:49
UPTREND|MOMENTUM|WAIT|RSI_MID_HIGH|RS_WEAK|VOL_LOW|ATR_LOW|ABOVE_MA20,16,67,47.76,0.21,-0.63,-0.51,1.0,OOS_WEAK,2026-05-11 20:41:49
UPTREND|MOMENTUM|SKIP|RSI_MID_HIGH|RS_BAD|VOL_OK|ATR_LOW|ABOVE_MA20,19,170,47.65,0.16,-0.65,-0.23,1.0,OOS_WEAK,2026-05-11 20:41:49
UPTREND|MOMENTUM_WATCH|WAIT|RSI_HIGH|RS_STRONG|VOL_LOW|ATR_LOW|ABOVE_MA20,9,21,47.62,0.97,-1.46,-2.13,1.0,OOS_WEAK,2026-05-11 20:41:49
UPTREND|MOMENTUM_WATCH|WATCHLIST|RSI_MID_HIGH|RS_OK|VOL_OK|ATR_LOW|ABOVE_MA20,7,21,47.62,-0.71,3.23,0.33,1.0,OOS_WEAK,2026-05-11 20:41:49
UPTREND|MOMENTUM_WATCH|SKIP|RSI_MID|RS_OK|VOL_LOW|ATR_LOW|ABOVE_MA20,8,19,47.37,-0.07,-1.47,-2.01,1.0,OOS_WEAK,2026-05-11 20:41:49
UPTREND|BOTTOM_WATCH|SKIP|RSI_MID|RS_BAD|VOL_STRONG|ATR_LOW|ABOVE_MA20,15,64,46.88,-1.11,-2.27,-1.95,1.0,OOS_WEAK,2026-05-11 20:41:49
UPTREND|MOMENTUM_WATCH|WATCHLIST|RSI_MID|RS_BAD|VOL_OK|ATR_LOW|ABOVE_MA20,13,43,46.51,0.27,0.02,-0.32,1.0,OOS_WEAK,2026-05-11 20:41:49
UPTREND|MOMENTUM_WATCH|WATCHLIST|RSI_MID_HIGH|RS_WEAK|VOL_STRONG|ATR_LOW|ABOVE_MA20,18,84,46.43,-0.91,-1.84,-2.67,1.0,OOS_WEAK,2026-05-11 20:41:49
UPTREND|BOTTOM_WATCH|WATCHLIST|RSI_MID|RS_WEAK|VOL_LOW|ATR_LOW|BELOW_MA20,15,46,45.65,0.21,-0.64,0.24,1.0,OOS_WEAK,2026-05-11 20:41:49
UPTREND|BOTTOM|SKIP|RSI_WEAK|RS_BAD|VOL_OK|ATR_LOW|BELOW_MA20,15,66,45.45,-0.48,-1.72,-2.04,1.0,OOS_WEAK,2026-05-11 20:41:49
UPTREND|BOTTOM_WATCH|SKIP|RSI_WEAK|RS_BAD|VOL_LOW|ATR_LOW|BELOW_MA20,20,810,45.31,0.39,-0.92,-0.93,1.0,OOS_WEAK,2026-05-11 20:41:49
UPTREND|BOTTOM_WATCH|WATCHLIST|RSI_LOW|RS_BAD|VOL_LOW|ATR_LOW|BELOW_MA20,16,82,45.12,0.2,-0.44,-0.45,1.0,OOS_WEAK,2026-05-11 20:41:49
UPTREND|BOTTOM|BUY NOW|RSI_MID|RS_BAD|VOL_LOW|ATR_LOW|BELOW_MA20,18,56,44.64,0.23,-0.27,-1.78,1.0,OOS_BAD,2026-05-11 20:41:49
UPTREND|BOTTOM|SKIP|RSI_MID_HIGH|RS_BAD|VOL_LOW|ATR_LOW|ABOVE_MA20,5,9,44.44,-0.36,0.45,-2.1,1.0,OOS_BAD,2026-05-11 20:41:49
UPTREND|MOMENTUM|WAIT|RSI_MID|RS_BAD|VOL_OK|ATR_LOW|ABOVE_MA20,4,9,44.44,2.35,2.45,2.01,1.0,OOS_BAD,2026-05-11 20:41:49
UPTREND|MOMENTUM_WATCH|SKIP|RSI_MID_HIGH|RS_WEAK|VOL_LOW|ATR_LOW|ABOVE_MA20,20,254,44.09,0.35,0.43,0.68,1.0,OOS_BAD,2026-05-11 20:41:49
UPTREND|BOTTOM|BUY NOW|RSI_MID_HIGH|RS_BAD|VOL_LOW|ATR_LOW|ABOVE_MA20,3,7,42.86,-0.42,-0.22,-1.61,0.98,OOS_BAD,2026-05-11 20:41:49
UPTREND|MOMENTUM_WATCH|SKIP|RSI_HIGH|RS_BAD|VOL_OK|ATR_LOW|ABOVE_MA20,5,7,42.86,2.32,2.88,7.94,1.0,OOS_BAD,2026-05-11 20:41:49
UPTREND|MOMENTUM_WATCH|WATCHLIST|RSI_HIGH|RS_STRONG|VOL_OK|ATR_LOW|ABOVE_MA20,5,7,42.86,1.41,-0.9,2.06,1.0,OOS_BAD,2026-05-11 20:41:49
UPTREND|BOTTOM|BUY NOW|RSI_LOW|RS_WEAK|VOL_OK|ATR_LOW|ABOVE_MA20,13,40,42.5,-1.09,-2.27,-2.14,1.0,OOS_BAD,2026-05-11 20:41:49
UPTREND|BOTTOM_WATCH|SKIP|RSI_LOW|RS_BAD|VOL_LOW|ATR_LOW|BELOW_MA20,19,460,42.39,0.41,-0.04,-0.3,1.0,OOS_BAD,2026-05-11 20:41:49
UPTREND|BOTTOM|SKIP|RSI_MID|RS_BAD|VOL_STRONG|ATR_LOW|ABOVE_MA20,15,43,41.86,-0.23,-1.16,-2.04,1.0,OOS_BAD,2026-05-11 20:41:49
UPTREND|WATCH|SKIP|RSI_MID_HIGH|RS_BAD|VOL_LOW|ATR_LOW|ABOVE_MA20,20,338,41.72,0.32,0.08,-0.04,1.0,OOS_BAD,2026-05-11 20:41:49
UPTREND|BOTTOM|WAIT|RSI_MID|RS_BAD|VOL_LOW|ATR_LOW|BELOW_MA20,8,12,41.67,-0.05,-1.27,-2.15,1.0,OOS_BAD,2026-05-11 20:41:49
UPTREND|WATCH|SKIP|RSI_MID_HIGH|RS_WEAK|VOL_LOW|ATR_LOW|ABOVE_MA20,18,267,41.2,0.66,0.4,1.0,1.0,OOS_BAD,2026-05-11 20:41:49
UPTREND|MOMENTUM|BUY NOW|RSI_MID_HIGH|RS_STRONG|VOL_LOW|ATR_LOW|ABOVE_MA20,9,35,40.0,0.96,-0.2,-1.72,1.0,OOS_BAD,2026-05-11 20:41:49
UPTREND|MOMENTUM_WATCH|SKIP|RSI_HIGH|RS_WEAK|VOL_OK|ATR_LOW|ABOVE_MA20,4,5,40.0,-0.18,0.29,0.07,1.0,OOS_BAD,2026-05-11 20:41:49
UPTREND|MOMENTUM_WATCH|WAIT|RSI_HIGH|RS_BAD|VOL_STRONG|ATR_LOW|ABOVE_MA20,3,5,40.0,-0.77,1.03,2.58,0.92,OOS_BAD,2026-05-11 20:41:49
UPTREND|MOMENTUM_WATCH|WAIT|RSI_HIGH|RS_STRONG|VOL_STRONG|ATR_LOW|ABOVE_MA20,2,5,40.0,-0.38,-1.43,-3.68,0.67,OOS_BAD,2026-05-11 20:41:49
UPTREND|MOMENTUM|WAIT|RSI_HIGH|RS_STRONG|VOL_LOW|ATR_LOW|ABOVE_MA20,3,5,40.0,2.29,1.92,3.28,0.92,OOS_BAD,2026-05-11 20:41:49
UPTREND|MOMENTUM|WAIT|RSI_MID_HIGH|RS_BAD|VOL_OK|ATR_LOW|ABOVE_MA20,17,51,39.22,-0.43,-1.87,0.41,1.0,OOS_BAD,2026-05-11 20:41:49
UPTREND|BOTTOM_WATCH|SKIP|RSI_LOW|RS_BAD|VOL_STRONG|ATR_LOW|BELOW_MA20,9,18,38.89,-0.16,-0.52,-3.2,1.0,OOS_BAD,2026-05-11 20:41:49
UPTREND|BOTTOM|SKIP|RSI_WEAK|RS_BAD|VOL_STRONG|ATR_LOW|BELOW_MA20,10,18,38.89,-0.37,-1.44,0.49,1.0,OOS_BAD,2026-05-11 20:41:49
UPTREND|BOTTOM_WATCH|WAIT|RSI_HIGH|RS_WEAK|VOL_OK|ATR_LOW|ABOVE_MA20,6,8,37.5,-0.48,-1.21,-1.86,1.0,OOS_BAD,2026-05-11 20:41:49
UPTREND|BOTTOM_WATCH|WATCHLIST|RSI_WEAK|RS_BAD|VOL_LOW|ATR_LOW|BELOW_MA20,7,25,36.0,-0.06,-1.65,-0.72,1.0,OOS_BAD,2026-05-11 20:41:49
UPTREND|BOTTOM_WATCH|SKIP|RSI_LOW|RS_BAD|VOL_OK|ATR_LOW|BELOW_MA20,16,60,35.0,-0.36,-1.37,-0.81,1.0,OOS_BAD,2026-05-11 20:41:49
UPTREND|BOTTOM_WATCH|SKIP|RSI_LOW|RS_WEAK|VOL_LOW|ATR_LOW|ABOVE_MA20,4,6,33.33,0.59,-3.72,-2.56,1.0,OOS_BAD,2026-05-11 20:41:49
UPTREND|BOTTOM_WATCH|SKIP|RSI_LOW|RS_BAD|VOL_OK|ATR_LOW|ABOVE_MA20,2,3,33.33,0.52,-0.16,-1.44,0.6,LOW_SAMPLE,2026-05-11 20:41:49
UPTREND|BOTTOM|BUY NOW|RSI_WEAK|RS_WEAK|VOL_LOW|ATR_LOW|BELOW_MA20,3,3,33.33,-0.05,-0.1,-0.05,0.85,LOW_SAMPLE,2026-05-11 20:41:49
UPTREND|BOTTOM|SKIP|RSI_WEAK|RS_WEAK|VOL_LOW|ATR_LOW|BELOW_MA20,3,3,33.33,0.28,-3.31,-9.48,0.85,LOW_SAMPLE,2026-05-11 20:41:49
UPTREND|MOMENTUM_WATCH|WATCHLIST|RSI_MID_HIGH|RS_WEAK|VOL_STRONG|ATR_LOW|BELOW_MA20,3,3,33.33,-0.15,-0.32,0.22,0.85,LOW_SAMPLE,2026-05-11 20:41:49
UPTREND|MOMENTUM|WATCHLIST|RSI_HIGH|RS_OK|VOL_STRONG|ATR_LOW|FAR_MA20,2,3,33.33,-4.34,1.68,0.46,0.6,LOW_SAMPLE,2026-05-11 20:41:49
UPTREND|BOTTOM_WATCH|SKIP|RSI_WEAK|RS_BAD|VOL_OK|ATR_LOW|BELOW_MA20,16,146,32.88,0.82,0.08,-1.22,1.0,OOS_BAD,2026-05-11 20:41:49
UPTREND|BOTTOM_WATCH|WATCHLIST|RSI_LOW|RS_WEAK|VOL_LOW|ATR_LOW|BELOW_MA20,8,10,30.0,0.57,-1.79,-1.49,1.0,OOS_BAD,2026-05-11 20:41:49
UPTREND|BOTTOM_WATCH|WATCHLIST|RSI_LOW|RS_BAD|VOL_OK|ATR_LOW|BELOW_MA20,13,36,27.78,-0.49,-1.53,-0.27,1.0,OOS_BAD,2026-05-11 20:41:49
UPTREND|BOTTOM_WATCH|SKIP|RSI_LOW|RS_WEAK|VOL_LOW|ATR_LOW|BELOW_MA20,9,30,26.67,0.21,-0.6,-0.01,1.0,OOS_BAD,2026-05-11 20:41:49
UPTREND|BOTTOM_WATCH|WAIT|RSI_HIGH|RS_WEAK|VOL_LOW|ATR_LOW|ABOVE_MA20,8,15,26.67,-0.21,-0.09,-0.52,1.0,OOS_BAD,2026-05-11 20:41:49
UPTREND|MOMENTUM_WATCH|WATCHLIST|RSI_MID_HIGH|RS_BAD|VOL_STRONG|ATR_LOW|BELOW_MA20,4,8,25.0,-0.1,-2.56,-1.79,1.0,OOS_BAD,2026-05-11 20:41:49
UPTREND|BOTTOM_WATCH|WATCHLIST|RSI_MID_HIGH|RS_WEAK|VOL_STRONG|ATR_LOW|ABOVE_MA20,4,4,25.0,0.11,-2.28,-12.74,1.0,LOW_SAMPLE,2026-05-11 20:41:49
UPTREND|BOTTOM|BUY NOW|RSI_MID|RS_OK|VOL_LOW|ATR_LOW|BELOW_MA20,3,4,25.0,-0.06,1.05,0.37,0.88,LOW_SAMPLE,2026-05-11 20:41:49
UPTREND|BOTTOM|SKIP|RSI_MID|RS_WEAK|VOL_LOW|ATR_OK|ABOVE_MA20,1,4,25.0,-1.82,-7.24,-4.07,0.38,LOW_SAMPLE,2026-05-11 20:41:49
UPTREND|BOTTOM|WAIT|RSI_MID|RS_WEAK|VOL_LOW|ATR_LOW|BELOW_MA20,3,4,25.0,-0.09,-0.47,0.64,0.88,LOW_SAMPLE,2026-05-11 20:41:49
UPTREND|MOMENTUM_WATCH|WAIT|RSI_HIGH|RS_OK|VOL_STRONG|ATR_LOW|ABOVE_MA20,5,10,20.0,-1.21,-1.44,-2.51,1.0,OOS_BAD,2026-05-11 20:41:49
UPTREND|BOTTOM|BUY NOW|RSI_WEAK|RS_BAD|VOL_LOW|ATR_LOW|BELOW_MA20,2,5,20.0,-0.72,-0.52,-1.78,0.67,OOS_BAD,2026-05-11 20:41:49
UPTREND|MOMENTUM_WATCH|WAIT|RSI_HIGH|RS_WEAK|VOL_STRONG|ATR_LOW|ABOVE_MA20,6,21,19.05,-1.21,-0.33,-1.3,1.0,OOS_BAD,2026-05-11 20:41:49
UPTREND|BOTTOM_WATCH|WATCHLIST|RSI_WEAK|RS_BAD|VOL_OK|ATR_LOW|BELOW_MA20,5,8,12.5,-0.95,-1.02,0.39,1.0,OOS_BAD,2026-05-11 20:41:49
UPTREND|MOMENTUM_WATCH|WAIT|RSI_HIGH|RS_BAD|VOL_LOW|ATR_LOW|ABOVE_MA20,4,9,11.11,-0.58,-0.14,-2.8,1.0,OOS_BAD,2026-05-11 20:41:49
UPTREND|MOMENTUM_WATCH|SKIP|RSI_HIGH|RS_BAD|VOL_LOW|ATR_LOW|ABOVE_MA20,3,10,10.0,-0.04,-0.27,-3.27,1.0,OOS_BAD,2026-05-11 20:41:49
UPTREND|BOTTOM|BUY NOW|RSI_MID_HIGH|RS_WEAK|VOL_STRONG|ATR_LOW|BELOW_MA20,2,4,0.0,-0.35,-2.76,-3.34,0.63,LOW_SAMPLE,2026-05-11 20:41:49
UPTREND|BOTTOM|BUY NOW|RSI_WEAK|RS_WEAK|VOL_OK|ATR_LOW|BELOW_MA20,4,4,0.0,-2.04,-2.92,-4.35,1.0,LOW_SAMPLE,2026-05-11 20:41:49
UPTREND|BOTTOM_WATCH|WATCHLIST|RSI_MID|RS_WEAK|VOL_STRONG|ATR_LOW|BELOW_MA20,2,3,0.0,-1.3,-2.24,-10.7,0.6,LOW_SAMPLE,2026-05-11 20:41:49
UPTREND|MOMENTUM_WATCH|WATCHLIST|RSI_HIGH|RS_BAD|VOL_LOW|ATR_LOW|ABOVE_MA20,2,3,0.0,-1.19,-2.16,-4.05,0.6,LOW_SAMPLE,2026-05-11 20:41:49
UPTREND|BOTTOM_WATCH|SKIP|RSI_HIGH|RS_BAD|VOL_LOW|ATR_LOW|ABOVE_MA20,1,2,0.0,-0.94,-3.85,-4.6,0.32,LOW_SAMPLE,2026-05-11 20:41:49
UPTREND|BOTTOM_WATCH|SKIP|RSI_HIGH|RS_WEAK|VOL_LOW|ATR_LOW|ABOVE_MA20,2,2,0.0,-0.59,-0.86,-2.0,0.57,LOW_SAMPLE,2026-05-11 20:41:49
UPTREND|BOTTOM_WATCH|WATCHLIST|RSI_MID_HIGH|RS_WEAK|VOL_OK|ATR_LOW|BELOW_MA20,2,2,0.0,-0.58,-0.5,-1.08,0.57,LOW_SAMPLE,2026-05-11 20:41:49
UPTREND|BOTTOM|BUY NOW|RSI_MID_HIGH|RS_OK|VOL_LOW|ATR_OK|ABOVE_MA20,1,2,0.0,-0.41,-8.56,-4.02,0.32,LOW_SAMPLE,2026-05-11 20:41:49
UPTREND|BOTTOM|BUY NOW|RSI_MID|RS_OK|VOL_LOW|ATR_OK|ABOVE_MA20,1,2,0.0,0.01,-5.24,-7.88,0.32,LOW_SAMPLE,2026-05-11 20:41:49
UPTREND|BOTTOM|BUY NOW|RSI_MID|RS_STRONG|VOL_OK|ATR_LOW|ABOVE_MA20,1,2,0.0,-1.37,-8.81,-15.49,0.32,LOW_SAMPLE,2026-05-11 20:41:49
UPTREND|BOTTOM|SKIP|RSI_MID|RS_OK|VOL_LOW|ATR_OK|ABOVE_MA20,1,2,0.0,-3.08,-6.49,-5.52,0.32,LOW_SAMPLE,2026-05-11 20:41:49
UPTREND|MOMENTUM|WATCHLIST|RSI_HIGH|RS_BAD|VOL_STRONG|ATR_LOW|ABOVE_MA20,1,2,0.0,-0.95,-2.62,-4.7,0.32,LOW_SAMPLE,2026-05-11 20:41:49
UPTREND|WATCH|SKIP|RSI_HIGH|RS_BAD|VOL_LOW|ATR_LOW|ABOVE_MA20,1,2,0.0,-0.6,-1.74,-1.87,0.32,LOW_SAMPLE,2026-05-11 20:41:49
UPTREND|WATCH|SKIP|RSI_HIGH|RS_STRONG|VOL_LOW|ATR_LOW|FAR_MA20,1,2,0.0,-2.23,-2.23,-1.79,0.32,LOW_SAMPLE,2026-05-11 20:41:49
UPTREND|WATCH|WAIT|RSI_HIGH|RS_BAD|VOL_LOW|ATR_LOW|ABOVE_MA20,1,2,0.0,-0.83,-2.39,-4.14,0.32,LOW_SAMPLE,2026-05-11 20:41:49
UPTREND|BOTTOM_WATCH|SKIP|RSI_HIGH|RS_BAD|VOL_OK|ATR_LOW|ABOVE_MA20,1,1,0.0,-4.16,-6.02,-2.43,0.28,LOW_SAMPLE,2026-05-11 20:41:49
UPTREND|BOTTOM_WATCH|WATCHLIST|RSI_LOW|RS_WEAK|VOL_OK|ATR_LOW|BELOW_MA20,1,1,0.0,-0.23,-14.82,-7.32,0.28,LOW_SAMPLE,2026-05-11 20:41:49
UPTREND|BOTTOM_WATCH|WATCHLIST|RSI_WEAK|RS_BAD|VOL_STRONG|ATR_LOW|BELOW_MA20,1,1,0.0,2.09,-0.6,1.49,0.28,LOW_SAMPLE,2026-05-11 20:41:49
UPTREND|BOTTOM_WATCH|WATCHLIST|RSI_WEAK|RS_WEAK|VOL_LOW|ATR_LOW|BELOW_MA20,1,1,0.0,3.79,-2.22,-1.18,0.28,LOW_SAMPLE,2026-05-11 20:41:49
UPTREND|BOTTOM|BUY NOW|RSI_LOW|RS_STRONG|VOL_LOW|ATR_LOW|ABOVE_MA20,1,1,0.0,1.84,-7.66,-8.65,0.28,LOW_SAMPLE,2026-05-11 20:41:49
UPTREND|BOTTOM|BUY NOW|RSI_MID_HIGH|RS_WEAK|VOL_LOW|ATR_OK|ABOVE_MA20,1,1,0.0,-0.41,-8.56,-4.02,0.28,LOW_SAMPLE,2026-05-11 20:41:49
UPTREND|BOTTOM|BUY NOW|RSI_MID|RS_OK|VOL_OK|ATR_LOW|BELOW_MA20,1,1,0.0,-2.15,-2.44,1.2,0.28,LOW_SAMPLE,2026-05-11 20:41:49
UPTREND|BOTTOM|BUY NOW|RSI_WEAK|RS_BAD|VOL_OK|ATR_LOW|BELOW_MA20,1,1,0.0,-0.23,-1.31,-2.35,0.28,LOW_SAMPLE,2026-05-11 20:41:49
UPTREND|BOTTOM|SKIP|RSI_MID_HIGH|RS_BAD|VOL_LOW|ATR_LOW|BELOW_MA20,1,1,0.0,1.07,-1.07,-6.41,0.28,LOW_SAMPLE,2026-05-11 20:41:49
UPTREND|BOTTOM|WAIT|RSI_MID|RS_OK|VOL_LOW|ATR_LOW|ABOVE_MA20,1,1,0.0,-3.6,-4.11,1.03,0.28,LOW_SAMPLE,2026-05-11 20:41:49
UPTREND|BOTTOM|WAIT|RSI_MID|RS_OK|VOL_OK|ATR_LOW|ABOVE_MA20,1,1,0.0,0.0,1.1,-1.38,0.28,LOW_SAMPLE,2026-05-11 20:41:49
UPTREND|BOTTOM|WAIT|RSI_MID|RS_WEAK|VOL_STRONG|ATR_LOW|BELOW_MA20,1,1,0.0,-0.78,-0.78,-0.78,0.28,LOW_SAMPLE,2026-05-11 20:41:49
UPTREND|MOMENTUM_WATCH|SKIP|RSI_MID|RS_STRONG|VOL_LOW|ATR_LOW|ABOVE_MA20,1,1,0.0,-0.81,-4.34,-4.07,0.28,LOW_SAMPLE,2026-05-11 20:41:49
UPTREND|MOMENTUM_WATCH|WAIT|RSI_HIGH|RS_WEAK|VOL_OK|ATR_LOW|FAR_MA20,1,1,0.0,0.0,2.32,-3.4,0.28,LOW_SAMPLE,2026-05-11 20:41:49
UPTREND|MOMENTUM_WATCH|WAIT|RSI_HIGH|RS_WEAK|VOL_STRONG|ATR_LOW|FAR_MA20,1,1,0.0,-0.93,-1.91,-6.89,0.28,LOW_SAMPLE,2026-05-11 20:41:49
UPTREND|MOMENTUM|BUY NOW|RSI_MID_HIGH|RS_WEAK|VOL_STRONG|ATR_LOW|FAR_MA20,1,1,0.0,-8.44,-13.53,-17.57,0.28,LOW_SAMPLE,2026-05-11 20:41:49
UPTREND|MOMENTUM|WAIT|RSI_MID_HIGH|RS_OK|VOL_OK|ATR_LOW|FAR_MA20,1,1,0.0,-4.41,-0.49,1.31,0.28,LOW_SAMPLE,2026-05-11 20:41:49
UPTREND|MOMENTUM|WAIT|RSI_MID_HIGH|RS_STRONG|VOL_OK|ATR_LOW|FAR_MA20,1,1,0.0,-4.41,-0.49,1.31,0.28,LOW_SAMPLE,2026-05-11 20:41:49
UPTREND|MOMENTUM|WAIT|RSI_MID|RS_OK|VOL_LOW|ATR_LOW|ABOVE_MA20,1,1,0.0,0.0,0.72,-0.36,0.28,LOW_SAMPLE,2026-05-11 20:41:49
UPTREND|WATCH|SKIP|RSI_HIGH|RS_BAD|VOL_OK|ATR_LOW|ABOVE_MA20,1,1,0.0,0.62,-2.77,-2.66,0.28,LOW_SAMPLE,2026-05-11 20:41:49
UPTREND|WATCH|SKIP|RSI_MID_HIGH|RS_OK|VOL_LOW|ATR_LOW|ABOVE_MA20,1,1,0.0,0.0,1.87,0.0,0.28,LOW_SAMPLE,2026-05-11 20:41:49
UPTREND|WATCH|SKIP|RSI_MID|RS_BAD|VOL_OK|ATR_LOW|ABOVE_MA20,1,1,0.0,-4.89,-5.69,-7.49,0.28,LOW_SAMPLE,2026-05-11 20:41:49
UPTREND|WATCH|WAIT|RSI_HIGH|RS_WEAK|VOL_LOW|ATR_LOW|ABOVE_MA20,1,1,0.0,0.3,0.72,-1.23,0.28,LOW_SAMPLE,2026-05-11 20:41:49
