癤풬gay,Ma,Close,MA5,MA20,RSI,Ret5 %,Ret10 %,Ret20 %,RS20,Volume Ratio,ADX,ATR %,MACD Hist,MACD Hist Up,Dist MA20 %,Drawdown20 %,Rebound Low20 %,Low20,High20,Fetch Mode,Updated,Version,Momentum Score,Bottom Score,Score,Chien luoc,Risk Status,Risk Reason,Action,Signal,AI Confidence,AI Grade,AI Action,AI Reason,AI Warning,Pattern Key,Win Probability,History Samples,History Note,Final Action,OOS Win Probability,OOS Samples,OOS Status,Walk Forward Note,Market Regime Now,Regime Win Probability,Regime Samples,Regime Note
2026-05-08,BID,42.4,41.11,40.69,65.91,5.74,4.95,7.61,-6.56,2.89,51.87,2.19,0.252,True,4.21,-1.51,6.8,39.7,43.05,CACHE,2026-05-10 19:41:23,PRO_V10_EXPLAINABLE_AI_2026_05_01,90,60,90,MOMENTUM,PASS,,BUY NOW,MOMENTUM,100.0,A+,MUA 횈짱U TI횄혡N,Th찼쨩혢 tr횈째찼쨩혶ng chung thu찼쨘짯n l찼쨩짙i; Volume x횄징c nh찼쨘짯n m찼쨘징nh; Bi찼쨘쩔n 횆혩찼쨩혲ng th찼쨘짜p; MACD Hist t횆혘ng,RS20 ch횈째a kh찼쨩혧e,MOMENTUM_MOMENTUM_UPTREND,55.0,0,Ch횈째a 횆혩찼쨩짠 l찼쨩혢ch s찼쨩짯,MUA TH횆혗M D횄혪,,0,NO_WF_DATA,Pattern ch횈째a c횄쨀 walk-forward | ch횈째a 횆혩찼쨩짠 OOS n횄짧n gi찼쨘짙m 1 b찼쨘짯c,UPTREND,,0,No regime stats
2026-05-08,CTG,36.2,35.64,35.15,64.2,3.58,3.87,7.42,-6.76,2.25,44.36,1.83,0.1505,True,2.99,-1.63,5.54,34.3,36.8,CACHE,2026-05-10 19:41:27,PRO_V10_EXPLAINABLE_AI_2026_05_01,90,70,90,MOMENTUM,PASS,,BUY NOW,MOMENTUM,100.0,A+,MUA 횈짱U TI횄혡N,Th찼쨩혢 tr횈째찼쨩혶ng chung thu찼쨘짯n l찼쨩짙i; Volume x횄징c nh찼쨘짯n m찼쨘징nh; Bi찼쨘쩔n 횆혩찼쨩혲ng th찼쨘짜p; MACD Hist t횆혘ng,RS20 ch횈째a kh찼쨩혧e,MOMENTUM_MOMENTUM_UPTREND,55.0,0,Ch횈째a 횆혩찼쨩짠 l찼쨩혢ch s찼쨩짯,MUA TH횆혗M D횄혪,,0,NO_WF_DATA,Pattern ch횈째a c횄쨀 walk-forward | ch횈째a 횆혩찼쨩짠 OOS n횄짧n gi찼쨘짙m 1 b찼쨘짯c,UPTREND,,0,No regime stats
2026-05-08,MSB,13.5,12.9,12.64,75.68,8.0,8.43,16.88,2.71,2.74,59.77,2.09,0.048,True,6.82,-1.46,15.88,11.65,13.7,CACHE,2026-05-10 19:41:42,PRO_V10_EXPLAINABLE_AI_2026_05_01,85,60,85,MOMENTUM,PASS,,WAIT,MOMENTUM,100.0,A+,CH찼쨩혵 PULLBACK,Th찼쨩혢 tr횈째찼쨩혶ng chung thu찼쨘짯n l찼쨩짙i; Volume x횄징c nh찼쨘짯n m찼쨘징nh; Bi찼쨘쩔n 횆혩찼쨩혲ng th찼쨘짜p; MACD Hist t횆혘ng,Kh횄쨈ng c횄쨀 c찼쨘짙nh b횄징o l찼쨩혴n,MOMENTUM_MOMENTUM_UPTREND,55.0,0,Ch횈째a 횆혩찼쨩짠 l찼쨩혢ch s찼쨩짯,CH찼쨩혵 PULLBACK,,0,NO_WF_DATA,Pattern ch횈째a c횄쨀 walk-forward,UPTREND,,0,No regime stats
2026-05-08,VHM,164.0,153.94,141.59,67.22,12.33,12.48,42.61,28.43,1.09,45.32,5.89,1.0149,True,15.83,0.0,39.46,117.6,164.0,CACHE,2026-05-10 19:41:58,PRO_V10_EXPLAINABLE_AI_2026_05_01,85,60,85,MOMENTUM,PASS,,BUY NOW,MOMENTUM,100.0,A+,MUA 횈짱U TI횄혡N,Th찼쨩혢 tr횈째찼쨩혶ng chung thu찼쨘짯n l찼쨩짙i; RS20 r찼쨘짜t m찼쨘징nh; MACD Hist t횆혘ng,Kh횄쨈ng c횄쨀 c찼쨘짙nh b횄징o l찼쨩혴n,MOMENTUM_MOMENTUM_UPTREND,55.0,0,Ch횈째a 횆혩찼쨩짠 l찼쨩혢ch s찼쨩짯,MUA TH횆혗M D횄혪,,0,NO_WF_DATA,Pattern ch횈째a c횄쨀 walk-forward | ch횈째a 횆혩찼쨩짠 OOS n횄짧n gi찼쨘짙m 1 b찼쨘짯c,UPTREND,,0,No regime stats
2026-05-08,QNS,47.4,46.68,45.56,63.46,4.87,6.28,4.34,-9.84,2.17,38.91,1.6,0.2912,True,4.04,-0.42,7.73,44.0,47.6,CACHE,2026-05-10 19:41:49,PRO_V10_EXPLAINABLE_AI_2026_05_01,90,50,90,MOMENTUM,PASS,,BUY NOW,MOMENTUM,99.0,A+,MUA 횈짱U TI횄혡N,Th찼쨩혢 tr횈째찼쨩혶ng chung thu찼쨘짯n l찼쨩짙i; Volume x횄징c nh찼쨘짯n m찼쨘징nh; Bi찼쨘쩔n 횆혩찼쨩혲ng th찼쨘짜p; MACD Hist t횆혘ng,RS20 y찼쨘쩔u,MOMENTUM_MOMENTUM_UPTREND,55.0,0,Ch횈째a 횆혩찼쨩짠 l찼쨩혢ch s찼쨩짯,MUA TH횆혗M D횄혪,,0,NO_WF_DATA,Pattern ch횈째a c횄쨀 walk-forward | ch횈째a 횆혩찼쨩짠 OOS n횄짧n gi찼쨘짙m 1 b찼쨘짯c,UPTREND,,0,No regime stats
2026-05-08,POW,14.0,13.93,13.23,65.08,10.67,6.87,12.0,-2.18,1.59,23.7,2.81,0.1669,False,5.8,-3.11,11.55,12.55,14.45,CACHE,2026-05-10 19:41:48,PRO_V10_EXPLAINABLE_AI_2026_05_01,85,50,85,MOMENTUM,PASS,,BUY NOW,MOMENTUM,99.0,A+,MUA 횈짱U TI횄혡N,Th찼쨩혢 tr횈째찼쨩혶ng chung thu찼쨘짯n l찼쨩짙i; Volume x횄징c nh찼쨘짯n m찼쨘징nh; Bi찼쨘쩔n 횆혩찼쨩혲ng th찼쨘짜p,MACD ch횈째a x횄징c nh찼쨘짯n,MOMENTUM_MOMENTUM_UPTREND,55.0,0,Ch횈째a 횆혩찼쨩짠 l찼쨩혢ch s찼쨩짯,MUA TH횆혗M D횄혪,,0,NO_WF_DATA,Pattern ch횈째a c횄쨀 walk-forward | ch횈째a 횆혩찼쨩짠 OOS n횄짧n gi찼쨘짙m 1 b찼쨘짯c,UPTREND,,0,No regime stats
2026-05-08,GMD,80.7,78.26,75.17,80.77,7.17,9.05,12.24,-1.94,1.35,32.25,2.11,0.7274,True,7.36,-0.37,13.66,71.0,81.0,CACHE,2026-05-10 19:41:34,PRO_V10_EXPLAINABLE_AI_2026_05_01,75,60,75,MOMENTUM,PASS,,WAIT,MOMENTUM,95.0,A+,CH찼쨩혵 PULLBACK,Th찼쨩혢 tr횈째찼쨩혶ng chung thu찼쨘짯n l찼쨩짙i; Volume 찼쨩혮n; Bi찼쨘쩔n 횆혩찼쨩혲ng th찼쨘짜p; MACD Hist t횆혘ng,Kh횄쨈ng c횄쨀 c찼쨘짙nh b횄징o l찼쨩혴n,MOMENTUM_MOMENTUM_UPTREND,55.0,0,Ch횈째a 횆혩찼쨩짠 l찼쨩혢ch s찼쨩짯,CH찼쨩혵 PULLBACK,,0,NO_WF_DATA,Pattern ch횈째a c횄쨀 walk-forward,UPTREND,,0,No regime stats
2026-05-08,HAG,16.55,16.34,16.39,44.0,1.53,1.22,6.43,-7.75,0.94,19.48,2.11,-0.013,True,0.98,-3.22,5.41,15.7,17.1,CACHE,2026-05-10 19:41:34,PRO_V10_EXPLAINABLE_AI_2026_05_01,20,85,85,BOTTOM,PASS,,BUY NOW,BOTTOM,94.0,A+,MUA 횈짱U TI횄혡N,Th찼쨩혢 tr횈째찼쨩혶ng chung thu찼쨘짯n l찼쨩짙i; Bi찼쨘쩔n 횆혩찼쨩혲ng th찼쨘짜p; MACD Hist t횆혘ng,RS20 ch횈째a kh찼쨩혧e,BOTTOM_BOTTOM_UPTREND,55.0,0,Ch횈째a 횆혩찼쨩짠 l찼쨩혢ch s찼쨩짯,MUA TH횆혗M D횄혪,,0,NO_WF_DATA,Pattern ch횈째a c횄쨀 walk-forward | ch횈째a 횆혩찼쨩짠 OOS n횄짧n gi찼쨘짙m 1 b찼쨘짯c,UPTREND,,0,No regime stats
2026-05-08,LPB,51.8,49.5,47.75,68.64,9.51,10.1,7.92,-6.26,1.16,35.06,3.32,0.3524,True,8.48,-2.26,14.73,45.15,53.0,CACHE,2026-05-10 19:41:41,PRO_V10_EXPLAINABLE_AI_2026_05_01,80,60,80,MOMENTUM,PASS,,BUY NOW,MOMENTUM,93.0,A+,MUA 횈짱U TI횄혡N,Th찼쨩혢 tr횈째찼쨩혶ng chung thu찼쨘짯n l찼쨩짙i; Volume 찼쨩혮n; Bi찼쨘쩔n 횆혩찼쨩혲ng th찼쨘짜p; MACD Hist t횆혘ng,RS20 ch횈째a kh찼쨩혧e,MOMENTUM_MOMENTUM_UPTREND,55.0,0,Ch횈째a 횆혩찼쨩짠 l찼쨩혢ch s찼쨩짯,MUA TH횆혗M D횄혪,,0,NO_WF_DATA,Pattern ch횈째a c횄쨀 walk-forward | ch횈째a 횆혩찼쨩짠 OOS n횄짧n gi찼쨘짙m 1 b찼쨘짯c,UPTREND,,0,No regime stats
2026-05-08,MSN,80.2,78.6,78.17,63.16,4.43,1.52,6.79,-7.39,1.33,44.94,2.61,0.1506,True,2.6,-2.79,5.39,76.1,82.5,CACHE,2026-05-10 19:41:43,PRO_V10_EXPLAINABLE_AI_2026_05_01,80,70,80,MOMENTUM,PASS,,BUY NOW,MOMENTUM,93.0,A+,MUA 횈짱U TI횄혡N,Th찼쨩혢 tr횈째찼쨩혶ng chung thu찼쨘짯n l찼쨩짙i; Volume 찼쨩혮n; Bi찼쨘쩔n 횆혩찼쨩혲ng th찼쨘짜p; MACD Hist t횆혘ng,RS20 ch횈째a kh찼쨩혧e,MOMENTUM_MOMENTUM_UPTREND,55.0,0,Ch횈째a 횆혩찼쨩짠 l찼쨩혢ch s찼쨩짯,MUA TH횆혗M D횄혪,,0,NO_WF_DATA,Pattern ch횈째a c횄쨀 walk-forward | ch횈째a 횆혩찼쨩짠 OOS n횄짧n gi찼쨘짙m 1 b찼쨘짯c,UPTREND,,0,No regime stats
2026-05-08,BFC,65.2,67.24,63.08,60.12,-3.55,-0.15,17.48,3.3,2.28,46.88,6.08,0.1891,False,3.36,-8.94,18.55,55.0,71.6,CACHE,2026-05-10 19:41:22,PRO_V10_EXPLAINABLE_AI_2026_05_01,75,65,75,MOMENTUM,PASS,,WAIT,MOMENTUM,92.0,A+,CH찼쨩혵 PULLBACK,Th찼쨩혢 tr횈째찼쨩혶ng chung thu찼쨘짯n l찼쨩짙i; RS20 t찼쨩혩t; Volume x횄징c nh찼쨘짯n m찼쨘징nh,MACD ch횈째a x횄징c nh찼쨘짯n,MOMENTUM_MOMENTUM_UPTREND,55.0,0,Ch횈째a 횆혩찼쨩짠 l찼쨩혢ch s찼쨩짯,CH찼쨩혵 PULLBACK,,0,NO_WF_DATA,Pattern ch횈째a c횄쨀 walk-forward,UPTREND,,0,No regime stats
2026-05-08,PNJ,70.1,68.58,71.31,42.9,4.16,-5.99,5.19,-8.99,0.82,11.15,3.48,-0.1494,True,-1.7,-9.0,4.78,66.9,77.03,CACHE,2026-05-10 19:41:48,PRO_V10_EXPLAINABLE_AI_2026_05_01,25,90,90,BOTTOM,PASS,,BUY NOW,BOTTOM,91.0,A+,MUA 횈짱U TI횄혡N,Th찼쨩혢 tr횈째찼쨩혶ng chung thu찼쨘짯n l찼쨩짙i; Bi찼쨘쩔n 횆혩찼쨩혲ng th찼쨘짜p; MACD Hist t횆혘ng,RS20 y찼쨘쩔u,BOTTOM_BOTTOM_UPTREND,55.0,0,Ch횈째a 횆혩찼쨩짠 l찼쨩혢ch s찼쨩짯,MUA TH횆혗M D횄혪,,0,NO_WF_DATA,Pattern ch횈째a c횄쨀 walk-forward | ch횈째a 횆혩찼쨩짠 OOS n횄짧n gi찼쨘짙m 1 b찼쨘짯c,UPTREND,,0,No regime stats
2026-05-08,HNG,7.3,7.28,6.77,72.73,1.39,10.61,19.67,5.49,0.81,43.58,5.09,0.0661,False,7.83,-6.41,21.67,6.0,7.8,CACHE,2026-05-10 19:41:37,PRO_V10_EXPLAINABLE_AI_2026_05_01,75,65,75,MOMENTUM,PASS,,WAIT,MOMENTUM,84.0,A,CH찼쨩혵 PULLBACK,Th찼쨩혢 tr횈째찼쨩혶ng chung thu찼쨘짯n l찼쨩짙i; RS20 t찼쨩혩t,MACD ch횈째a x횄징c nh찼쨘짯n,MOMENTUM_MOMENTUM_UPTREND,55.0,0,Ch횈째a 횆혩찼쨩짠 l찼쨩혢ch s찼쨩짯,CH찼쨩혵 PULLBACK,,0,NO_WF_DATA,Pattern ch횈째a c횄쨀 walk-forward,UPTREND,,0,No regime stats
2026-05-08,VRE,35.9,35.58,30.66,76.19,11.15,22.53,39.15,24.97,0.83,50.95,4.75,0.7458,False,17.09,-4.27,35.47,26.5,37.5,CACHE,2026-05-10 19:42:01,PRO_V10_EXPLAINABLE_AI_2026_05_01,65,50,65,MOMENTUM_WATCH,PASS,,WAIT,MOMENTUM WATCH,83.0,A,CH찼쨩혵 PULLBACK,Th찼쨩혢 tr횈째찼쨩혶ng chung thu찼쨘짯n l찼쨩짙i; RS20 r찼쨘짜t m찼쨘징nh; Bi찼쨘쩔n 횆혩찼쨩혲ng th찼쨘짜p,MACD ch횈째a x횄징c nh찼쨘짯n,MOMENTUM_WATCH_MOMENTUM WATCH_UPTREND,55.0,0,Ch횈째a 횆혩찼쨩짠 l찼쨩혢ch s찼쨩짯,CH찼쨩혵 PULLBACK,,0,NO_WF_DATA,Pattern ch횈째a c횄쨀 walk-forward,UPTREND,,0,No regime stats
2026-05-08,GVR,35.7,35.72,33.67,65.0,5.93,9.34,13.33,-0.84,0.98,36.27,3.73,0.4171,False,6.04,-3.25,11.91,31.9,36.9,CACHE,2026-05-10 19:41:34,PRO_V10_EXPLAINABLE_AI_2026_05_01,75,50,75,MOMENTUM,PASS,,WAIT,MOMENTUM,81.0,A,CH찼쨩혵 PULLBACK,Th찼쨩혢 tr횈째찼쨩혶ng chung thu찼쨘짯n l찼쨩짙i; Bi찼쨘쩔n 횆혩찼쨩혲ng th찼쨘짜p,MACD ch횈째a x횄징c nh찼쨘짯n,MOMENTUM_MOMENTUM_UPTREND,55.0,0,Ch횈째a 횆혩찼쨩짠 l찼쨩혢ch s찼쨩짯,CH찼쨩혵 PULLBACK,,0,NO_WF_DATA,Pattern ch횈째a c횄쨀 walk-forward,UPTREND,,0,No regime stats
2026-05-08,HCM,27.95,27.51,26.75,58.59,4.49,2.38,15.26,1.08,0.91,57.55,3.78,0.0135,False,4.49,-2.44,13.85,24.55,28.65,CACHE,2026-05-10 19:41:35,PRO_V10_EXPLAINABLE_AI_2026_05_01,75,50,75,MOMENTUM,PASS,,WAIT,MOMENTUM,81.0,A,CH찼쨩혵 PULLBACK,Th찼쨩혢 tr횈째찼쨩혶ng chung thu찼쨘짯n l찼쨩짙i; Bi찼쨘쩔n 횆혩찼쨩혲ng th찼쨘짜p,MACD ch횈째a x횄징c nh찼쨘짯n,MOMENTUM_MOMENTUM_UPTREND,55.0,0,Ch횈째a 횆혩찼쨩짠 l찼쨩혢ch s찼쨩짯,CH찼쨩혵 PULLBACK,,0,NO_WF_DATA,Pattern ch횈째a c횄쨀 walk-forward,UPTREND,,0,No regime stats
2026-05-08,HDB,27.35,26.87,26.52,64.29,2.82,2.43,8.96,-5.21,0.87,32.87,1.83,0.0865,True,3.13,-1.62,7.05,25.55,27.8,CACHE,2026-05-10 19:41:35,PRO_V10_EXPLAINABLE_AI_2026_05_01,70,60,70,MOMENTUM_WATCH,PASS,,WATCHLIST,MOMENTUM WATCH,79.0,B+,THEO D횄혮I M찼쨘혻NH,Th찼쨩혢 tr횈째찼쨩혶ng chung thu찼쨘짯n l찼쨩짙i; Bi찼쨘쩔n 횆혩찼쨩혲ng th찼쨘짜p; MACD Hist t횆혘ng,RS20 ch횈째a kh찼쨩혧e,MOMENTUM_WATCH_MOMENTUM WATCH_UPTREND,55.0,0,Ch횈째a 횆혩찼쨩짠 l찼쨩혢ch s찼쨩짯,THEO D횄혮I M찼쨘혻NH,,0,NO_WF_DATA,Pattern ch횈째a c횄쨀 walk-forward,UPTREND,,0,No regime stats
2026-05-08,VPB,27.95,27.81,27.49,56.67,5.47,1.45,7.29,-6.88,1.04,21.52,2.3,0.056,True,1.67,-1.93,5.47,26.5,28.5,CACHE,2026-05-10 19:42:00,PRO_V10_EXPLAINABLE_AI_2026_05_01,70,70,70,MOMENTUM_WATCH,PASS,,WATCHLIST,MOMENTUM WATCH,79.0,B+,THEO D횄혮I M찼쨘혻NH,Th찼쨩혢 tr횈째찼쨩혶ng chung thu찼쨘짯n l찼쨩짙i; Bi찼쨘쩔n 횆혩찼쨩혲ng th찼쨘짜p; MACD Hist t횆혘ng,RS20 ch횈째a kh찼쨩혧e,MOMENTUM_WATCH_MOMENTUM WATCH_UPTREND,55.0,0,Ch횈째a 횆혩찼쨩짠 l찼쨩혢ch s찼쨩짯,THEO D횄혮I M찼쨘혻NH,,0,NO_WF_DATA,Pattern ch횈째a c횄쨀 walk-forward,UPTREND,,0,No regime stats
2026-05-08,VIC,226.0,220.2,194.65,79.31,5.61,16.68,57.6,43.42,0.84,74.1,5.77,1.8345,False,16.11,-2.16,53.64,147.1,231.0,CACHE,2026-05-10 19:41:58,PRO_V10_EXPLAINABLE_AI_2026_05_01,65,50,65,MOMENTUM_WATCH,PASS,,WAIT,MOMENTUM WATCH,79.0,B+,CH찼쨩혵 PULLBACK,Th찼쨩혢 tr횈째찼쨩혶ng chung thu찼쨘짯n l찼쨩짙i; RS20 r찼쨘짜t m찼쨘징nh,MACD ch횈째a x횄징c nh찼쨘짯n,MOMENTUM_WATCH_MOMENTUM WATCH_UPTREND,55.0,0,Ch횈째a 횆혩찼쨩짠 l찼쨩혢ch s찼쨩짯,CH찼쨩혵 PULLBACK,,0,NO_WF_DATA,Pattern ch횈째a c횄쨀 walk-forward,UPTREND,,0,No regime stats
2026-05-08,STB,73.5,69.78,66.9,73.0,8.89,8.57,19.12,4.95,0.66,35.45,3.33,0.7474,True,9.87,-1.74,16.48,63.1,74.8,CACHE,2026-05-10 19:41:53,PRO_V10_EXPLAINABLE_AI_2026_05_01,90,50,90,MOMENTUM,FAIL,VOLUME WEAK,SKIP,MOMENTUM,78.0,B+,THEO D횄혮I,Th찼쨩혢 tr횈째찼쨩혶ng chung thu찼쨘짯n l찼쨩짙i; RS20 t찼쨩혩t; Bi찼쨘쩔n 횆혩찼쨩혲ng th찼쨘짜p; MACD Hist t횆혘ng,Risk/Action ch횈째a 횆혩찼쨘징t; Volume y찼쨘쩔u,MOMENTUM_MOMENTUM_UPTREND,55.0,0,Ch횈째a 횆혩찼쨩짠 l찼쨩혢ch s찼쨩짯,THEO D횄혮I,,0,NO_WF_DATA,Pattern ch횈째a c횄쨀 walk-forward,UPTREND,,0,No regime stats
2026-05-08,TCB,33.85,33.66,32.82,70.0,0.0,3.52,17.94,3.77,0.74,46.71,1.98,0.0967,False,3.14,-3.29,14.75,29.5,35.0,CACHE,2026-05-10 19:41:54,PRO_V10_EXPLAINABLE_AI_2026_05_01,75,40,75,MOMENTUM,PASS,,WAIT,MOMENTUM,78.0,B+,CH찼쨩혵 PULLBACK,Th찼쨩혢 tr횈째찼쨩혶ng chung thu찼쨘짯n l찼쨩짙i; RS20 t찼쨩혩t; Bi찼쨘쩔n 횆혩찼쨩혲ng th찼쨘짜p,Volume y찼쨘쩔u; MACD ch횈째a x횄징c nh찼쨘짯n,MOMENTUM_MOMENTUM_UPTREND,55.0,0,Ch횈째a 횆혩찼쨩짠 l찼쨩혢ch s찼쨩짯,CH찼쨩혵 PULLBACK,,0,NO_WF_DATA,Pattern ch횈째a c횄쨀 walk-forward,UPTREND,,0,No regime stats
2026-05-08,VIX,18.6,17.44,17.45,54.08,11.38,9.09,9.73,-4.44,2.04,19.14,3.51,0.1188,True,6.57,-1.33,14.11,16.3,18.85,CACHE,2026-05-10 19:41:59,PRO_V10_EXPLAINABLE_AI_2026_05_01,50,60,60,BOTTOM_WATCH,PASS,,WATCHLIST,BOTTOM WATCH,77.0,B+,THEO D횄혮I M찼쨘혻NH,Th찼쨩혢 tr횈째찼쨩혶ng chung thu찼쨘짯n l찼쨩짙i; Volume x횄징c nh찼쨘짯n m찼쨘징nh; Bi찼쨘쩔n 횆혩찼쨩혲ng th찼쨘짜p; MACD Hist t횆혘ng,RS20 ch횈째a kh찼쨩혧e,BOTTOM_WATCH_BOTTOM WATCH_UPTREND,55.0,0,Ch횈째a 횆혩찼쨩짠 l찼쨩혢ch s찼쨩짯,THEO D횄혮I M찼쨘혻NH,,0,NO_WF_DATA,Pattern ch횈째a c횄쨀 walk-forward,UPTREND,,0,No regime stats
2026-05-08,HHV,12.35,12.62,12.68,38.3,-1.2,-1.98,4.66,-9.52,1.47,28.79,3.01,-0.0427,False,-2.62,-8.18,2.92,12.0,13.45,CACHE,2026-05-10 19:41:36,PRO_V10_EXPLAINABLE_AI_2026_05_01,30,80,80,BOTTOM,PASS,,BUY NOW,BOTTOM,75.0,B+,MUA TH횆혗M D횄혪,Th찼쨩혢 tr횈째찼쨩혶ng chung thu찼쨘짯n l찼쨩짙i; Volume 찼쨩혮n; Bi찼쨘쩔n 횆혩찼쨩혲ng th찼쨘짜p,RS20 y찼쨘쩔u; MACD ch횈째a x횄징c nh찼쨘짯n,BOTTOM_BOTTOM_UPTREND,55.0,0,Ch횈째a 횆혩찼쨩짠 l찼쨩혢ch s찼쨩짯,MUA TH횆혗M D횄혪,,0,NO_WF_DATA,Pattern ch횈째a c횄쨀 walk-forward,UPTREND,,0,No regime stats
2026-05-08,OCB,11.25,11.21,11.43,39.13,0.0,-1.75,3.21,-10.97,2.0,23.44,1.9,-0.0365,True,-1.53,-5.86,1.81,11.05,11.95,CACHE,2026-05-10 19:41:45,PRO_V10_EXPLAINABLE_AI_2026_05_01,35,90,90,BOTTOM,FAIL,RS20 WEAK,SKIP,BOTTOM,74.0,B+,THEO D횄혮I,Th찼쨩혢 tr횈째찼쨩혶ng chung thu찼쨘짯n l찼쨩짙i; Volume x횄징c nh찼쨘짯n m찼쨘징nh; Bi찼쨘쩔n 횆혩찼쨩혲ng th찼쨘짜p; MACD Hist t횆혘ng,Risk/Action ch횈째a 횆혩찼쨘징t; RS20 y찼쨘쩔u,BOTTOM_BOTTOM_UPTREND,55.0,0,Ch횈째a 횆혩찼쨩짠 l찼쨩혢ch s찼쨩짯,THEO D횄혮I,,0,NO_WF_DATA,Pattern ch횈째a c횄쨀 walk-forward,UPTREND,,0,No regime stats
2026-05-08,DIG,14.45,14.53,14.45,46.43,-1.7,2.12,6.25,-7.93,0.83,10.77,3.19,0.019,False,0.02,-4.62,4.33,13.85,15.15,CACHE,2026-05-10 19:41:30,PRO_V10_EXPLAINABLE_AI_2026_05_01,30,75,75,BOTTOM,PASS,,BUY NOW,BOTTOM,74.0,B+,CH찼쨩혵 X횄혖C NH찼쨘짭N,Th찼쨩혢 tr횈째찼쨩혶ng chung thu찼쨘짯n l찼쨩짙i; Bi찼쨘쩔n 횆혩찼쨩혲ng th찼쨘짜p,RS20 ch횈째a kh찼쨩혧e; MACD ch횈째a x횄징c nh찼쨘짯n,BOTTOM_BOTTOM_UPTREND,55.0,0,Ch횈째a 횆혩찼쨩짠 l찼쨩혢ch s찼쨩짯,CH찼쨩혵 X횄혖C NH찼쨘짭N,,0,NO_WF_DATA,Pattern ch횈째a c횄쨀 walk-forward,UPTREND,,0,No regime stats
2026-05-08,PET,49.1,47.31,47.6,57.05,4.91,4.69,5.93,-8.24,2.93,13.98,3.67,-0.147,True,3.15,-3.54,9.11,45.0,50.9,CACHE,2026-05-10 19:41:47,PRO_V10_EXPLAINABLE_AI_2026_05_01,65,50,65,MOMENTUM_WATCH,PASS,,WATCHLIST,MOMENTUM WATCH,74.0,B+,THEO D횄혮I M찼쨘혻NH,Th찼쨩혢 tr횈째찼쨩혶ng chung thu찼쨘짯n l찼쨩짙i; Volume x횄징c nh찼쨘짯n m찼쨘징nh; Bi찼쨘쩔n 횆혩찼쨩혲ng th찼쨘짜p; MACD Hist t횆혘ng,RS20 y찼쨘쩔u,MOMENTUM_WATCH_MOMENTUM WATCH_UPTREND,55.0,0,Ch횈째a 횆혩찼쨩짠 l찼쨩혢ch s찼쨩짯,THEO D횄혮I M찼쨘혻NH,,0,NO_WF_DATA,Pattern ch횈째a c횄쨀 walk-forward,UPTREND,,0,No regime stats
2026-05-08,ACB,22.85,22.91,23.52,32.73,-2.77,-3.79,-1.51,-15.69,1.28,26.21,1.47,-0.0939,True,-2.87,-5.58,1.56,22.5,24.2,CACHE,2026-05-10 19:41:20,PRO_V10_EXPLAINABLE_AI_2026_05_01,35,90,90,BOTTOM,FAIL,RS20 WEAK,SKIP,BOTTOM,70.0,B+,THEO D횄혮I,Th찼쨩혢 tr횈째찼쨩혶ng chung thu찼쨘짯n l찼쨩짙i; Volume 찼쨩혮n; Bi찼쨘쩔n 횆혩찼쨩혲ng th찼쨘짜p; MACD Hist t횆혘ng,Risk/Action ch횈째a 횆혩찼쨘징t; RS20 y찼쨘쩔u,BOTTOM_BOTTOM_UPTREND,55.0,0,Ch횈째a 횆혩찼쨩짠 l찼쨩혢ch s찼쨩짯,THEO D횄혮I,,0,NO_WF_DATA,Pattern ch횈째a c횄쨀 walk-forward,UPTREND,,0,No regime stats
2026-05-08,FCN,13.3,13.12,13.46,39.13,1.14,-1.48,3.91,-10.27,1.33,33.97,3.06,-0.0636,True,-1.23,-6.34,5.98,12.55,14.2,CACHE,2026-05-10 19:41:32,PRO_V10_EXPLAINABLE_AI_2026_05_01,35,90,90,BOTTOM,FAIL,RS20 WEAK,SKIP,BOTTOM,70.0,B+,THEO D횄혮I,Th찼쨩혢 tr횈째찼쨩혶ng chung thu찼쨘짯n l찼쨩짙i; Volume 찼쨩혮n; Bi찼쨘쩔n 횆혩찼쨩혲ng th찼쨘짜p; MACD Hist t횆혘ng,Risk/Action ch횈째a 횆혩찼쨘징t; RS20 y찼쨘쩔u,BOTTOM_BOTTOM_UPTREND,55.0,0,Ch횈째a 횆혩찼쨩짠 l찼쨩혢ch s찼쨩짯,THEO D횄혮I,,0,NO_WF_DATA,Pattern ch횈째a c횄쨀 walk-forward,UPTREND,,0,No regime stats
2026-05-08,CTS,26.85,26.7,27.15,39.08,2.87,-0.19,-2.19,-16.36,0.8,29.35,2.37,0.0581,True,-1.1,-8.21,4.27,25.75,29.25,CACHE,2026-05-10 19:41:27,PRO_V10_EXPLAINABLE_AI_2026_05_01,35,90,90,BOTTOM,FAIL,RS20 WEAK,SKIP,BOTTOM,66.0,B,THEO D횄혮I,Th찼쨩혢 tr횈째찼쨩혶ng chung thu찼쨘짯n l찼쨩짙i; Bi찼쨘쩔n 횆혩찼쨩혲ng th찼쨘짜p; MACD Hist t횆혘ng,Risk/Action ch횈째a 횆혩찼쨘징t; RS20 y찼쨘쩔u,BOTTOM_BOTTOM_UPTREND,55.0,0,Ch횈째a 횆혩찼쨩짠 l찼쨩혢ch s찼쨩짯,THEO D횄혮I,,0,NO_WF_DATA,Pattern ch횈째a c횄쨀 walk-forward,UPTREND,,0,No regime stats
2026-05-08,EIB,22.15,21.9,22.41,41.54,1.84,-3.49,0.23,-13.95,0.9,16.44,2.68,-0.0541,True,-1.15,-7.9,3.5,21.4,24.05,CACHE,2026-05-10 19:41:31,PRO_V10_EXPLAINABLE_AI_2026_05_01,15,90,90,BOTTOM,FAIL,RS20 WEAK,SKIP,BOTTOM,66.0,B,THEO D횄혮I,Th찼쨩혢 tr횈째찼쨩혶ng chung thu찼쨘짯n l찼쨩짙i; Bi찼쨘쩔n 횆혩찼쨩혲ng th찼쨘짜p; MACD Hist t횆혘ng,Risk/Action ch횈째a 횆혩찼쨘징t; RS20 y찼쨘쩔u,BOTTOM_BOTTOM_UPTREND,55.0,0,Ch횈째a 횆혩찼쨩짠 l찼쨩혢ch s찼쨩짯,THEO D횄혮I,,0,NO_WF_DATA,Pattern ch횈째a c횄쨀 walk-forward,UPTREND,,0,No regime stats
2026-05-08,FTS,26.5,26.43,27.14,30.16,1.73,-2.75,-6.53,-20.7,0.86,45.44,2.86,0.0126,True,-2.37,-10.92,6.0,25.0,29.75,CACHE,2026-05-10 19:41:33,PRO_V10_EXPLAINABLE_AI_2026_05_01,25,90,90,BOTTOM,FAIL,RS20 WEAK,SKIP,BOTTOM,66.0,B,THEO D횄혮I,Th찼쨩혢 tr횈째찼쨩혶ng chung thu찼쨘짯n l찼쨩짙i; Bi찼쨘쩔n 횆혩찼쨩혲ng th찼쨘짜p; MACD Hist t횆혘ng,Risk/Action ch횈째a 횆혩찼쨘징t; RS20 y찼쨘쩔u,BOTTOM_BOTTOM_UPTREND,55.0,0,Ch횈째a 횆혩찼쨩짠 l찼쨩혢ch s찼쨩짯,THEO D횄혮I,,0,NO_WF_DATA,Pattern ch횈째a c횄쨀 walk-forward,UPTREND,,0,No regime stats
2026-05-08,VGC,44.3,43.52,44.85,34.17,3.99,0.0,-0.45,-14.63,1.04,34.14,3.06,-0.023,True,-1.22,-7.71,4.98,42.2,48.0,CACHE,2026-05-10 19:41:57,PRO_V10_EXPLAINABLE_AI_2026_05_01,35,90,90,BOTTOM,FAIL,RS20 WEAK,SKIP,BOTTOM,66.0,B,THEO D횄혮I,Th찼쨩혢 tr횈째찼쨩혶ng chung thu찼쨘짯n l찼쨩짙i; Bi찼쨘쩔n 횆혩찼쨩혲ng th찼쨘짜p; MACD Hist t횆혘ng,Risk/Action ch횈째a 횆혩찼쨘징t; RS20 y찼쨘쩔u,BOTTOM_BOTTOM_UPTREND,55.0,0,Ch횈째a 횆혩찼쨩짠 l찼쨩혢ch s찼쨩짯,THEO D횄혮I,,0,NO_WF_DATA,Pattern ch횈째a c횄쨀 walk-forward,UPTREND,,0,No regime stats
2026-05-08,VCB,60.7,60.42,60.04,53.57,1.51,1.85,4.66,-9.52,1.18,51.54,2.18,0.1251,True,1.09,-4.41,3.23,58.8,63.5,CACHE,2026-05-10 19:41:56,PRO_V10_EXPLAINABLE_AI_2026_05_01,45,60,60,BOTTOM_WATCH,PASS,,WATCHLIST,BOTTOM WATCH,65.0,B,THEO D횄혮I M찼쨘혻NH,Th찼쨩혢 tr횈째찼쨩혶ng chung thu찼쨘짯n l찼쨩짙i; Volume 찼쨩혮n; Bi찼쨘쩔n 횆혩찼쨩혲ng th찼쨘짜p; MACD Hist t횆혘ng,RS20 y찼쨘쩔u,BOTTOM_WATCH_BOTTOM WATCH_UPTREND,55.0,0,Ch횈째a 횆혩찼쨩짠 l찼쨩혢ch s찼쨩짯,THEO D횄혮I M찼쨘혻NH,,0,NO_WF_DATA,Pattern ch횈째a c횄쨀 walk-forward,UPTREND,,0,No regime stats
2026-05-08,STK,13.0,13.01,13.62,38.0,-1.14,-9.41,-5.11,-19.29,1.25,17.12,2.58,-0.0503,True,-4.55,-10.96,0.78,12.9,14.6,CACHE,2026-05-10 19:41:54,PRO_V10_EXPLAINABLE_AI_2026_05_01,25,80,80,BOTTOM,FAIL,RS20 WEAK,SKIP,BOTTOM,60.0,B,THEO D횄혮I,Th찼쨩혢 tr횈째찼쨩혶ng chung thu찼쨘짯n l찼쨩짙i; Volume 찼쨩혮n; Bi찼쨘쩔n 횆혩찼쨩혲ng th찼쨘짜p; MACD Hist t횆혘ng,Risk/Action ch횈째a 횆혩찼쨘징t; RS20 y찼쨘쩔u,BOTTOM_BOTTOM_UPTREND,55.0,0,Ch횈째a 횆혩찼쨩짠 l찼쨩혢ch s찼쨩짯,THEO D횄혮I,,0,NO_WF_DATA,Pattern ch횈째a c횄쨀 walk-forward,UPTREND,,0,No regime stats
2026-05-08,NTP,61.1,60.5,59.4,59.43,4.44,-0.49,9.89,-4.29,1.02,19.58,2.28,0.2314,False,2.86,-1.61,20.04,50.9,62.1,CACHE,2026-05-10 19:41:45,PRO_V10_EXPLAINABLE_AI_2026_05_01,55,60,60,BOTTOM_WATCH,PASS,,WATCHLIST,BOTTOM WATCH,59.0,C,THEO D횄혮I,Th찼쨩혢 tr횈째찼쨩혶ng chung thu찼쨘짯n l찼쨩짙i; Bi찼쨘쩔n 횆혩찼쨩혲ng th찼쨘짜p,RS20 ch횈째a kh찼쨩혧e; MACD ch횈째a x횄징c nh찼쨘짯n,BOTTOM_WATCH_BOTTOM WATCH_UPTREND,55.0,0,Ch횈째a 횆혩찼쨩짠 l찼쨩혢ch s찼쨩짯,THEO D횄혮I,,0,NO_WF_DATA,Pattern ch횈째a c횄쨀 walk-forward,UPTREND,,0,No regime stats
2026-05-08,SAB,46.25,47.02,46.31,50.47,-2.63,2.44,4.99,-9.18,1.03,51.02,2.69,0.0322,False,-0.14,-6.38,3.93,44.5,49.4,CACHE,2026-05-10 19:41:50,PRO_V10_EXPLAINABLE_AI_2026_05_01,35,65,65,BOTTOM_WATCH,PASS,,WATCHLIST,BOTTOM WATCH,56.0,C,THEO D횄혮I,Th찼쨩혢 tr횈째찼쨩혶ng chung thu찼쨘짯n l찼쨩짙i; Bi찼쨘쩔n 횆혩찼쨩혲ng th찼쨘짜p,RS20 y찼쨘쩔u; MACD ch횈째a x횄징c nh찼쨘짯n,BOTTOM_WATCH_BOTTOM WATCH_UPTREND,55.0,0,Ch횈째a 횆혩찼쨩짠 l찼쨩혢ch s찼쨩짯,THEO D횄혮I,,0,NO_WF_DATA,Pattern ch횈째a c횄쨀 walk-forward,UPTREND,,0,No regime stats
2026-05-08,HBC,5.2,5.18,5.08,57.14,4.0,4.0,4.0,-10.18,1.47,30.44,3.57,0.0453,False,2.26,-7.14,8.33,4.8,5.6,CACHE,2026-05-10 19:41:35,PRO_V10_EXPLAINABLE_AI_2026_05_01,85,65,85,MOMENTUM,FAIL,RS20 WEAK,SKIP,MOMENTUM,55.0,C,THEO D횄혮I,Th찼쨩혢 tr횈째찼쨩혶ng chung thu찼쨘짯n l찼쨩짙i; Volume 찼쨩혮n; Bi찼쨘쩔n 횆혩찼쨩혲ng th찼쨘짜p,Risk/Action ch횈째a 횆혩찼쨘징t; RS20 y찼쨘쩔u; MACD ch횈째a x횄징c nh찼쨘짯n,MOMENTUM_MOMENTUM_UPTREND,55.0,0,Ch횈째a 횆혩찼쨩짠 l찼쨩혢ch s찼쨩짯,THEO D횄혮I,,0,NO_WF_DATA,Pattern ch횈째a c횄쨀 walk-forward,UPTREND,,0,No regime stats
2026-05-08,BVB,12.7,12.5,12.55,41.67,2.42,1.6,4.1,-10.08,1.12,43.19,3.26,0.0116,True,1.2,-3.79,18.69,10.7,13.2,CACHE,2026-05-10 19:41:24,PRO_V10_EXPLAINABLE_AI_2026_05_01,40,75,75,BOTTOM,FAIL,RS20 WEAK,SKIP,BOTTOM,55.0,C,THEO D횄혮I,Th찼쨩혢 tr횈째찼쨩혶ng chung thu찼쨘짯n l찼쨩짙i; Volume 찼쨩혮n; Bi찼쨘쩔n 횆혩찼쨩혲ng th찼쨘짜p; MACD Hist t횆혘ng,Risk/Action ch횈째a 횆혩찼쨘징t; RS20 y찼쨘쩔u,BOTTOM_BOTTOM_UPTREND,55.0,0,Ch횈째a 횆혩찼쨩짠 l찼쨩혢ch s찼쨩짯,THEO D횄혮I,,0,NO_WF_DATA,Pattern ch횈째a c횄쨀 walk-forward,UPTREND,,0,No regime stats
2026-05-08,KDH,24.25,24.41,25.56,2.08,-4.53,-5.64,-3.0,-17.18,1.14,31.65,2.06,-0.1632,True,-5.14,-10.02,1.04,24.0,26.95,CACHE,2026-05-10 19:41:40,PRO_V10_EXPLAINABLE_AI_2026_05_01,25,75,75,BOTTOM,FAIL,RS20 WEAK,SKIP,BOTTOM,55.0,C,THEO D횄혮I,Th찼쨩혢 tr횈째찼쨩혶ng chung thu찼쨘짯n l찼쨩짙i; Volume 찼쨩혮n; Bi찼쨘쩔n 횆혩찼쨩혲ng th찼쨘짜p; MACD Hist t횆혘ng,Risk/Action ch횈째a 횆혩찼쨘징t; RS20 y찼쨘쩔u,BOTTOM_BOTTOM_UPTREND,55.0,0,Ch횈째a 횆혩찼쨩짠 l찼쨩혢ch s찼쨩짯,THEO D횄혮I,,0,NO_WF_DATA,Pattern ch횈째a c횄쨀 walk-forward,UPTREND,,0,No regime stats
2026-05-08,MBB,26.15,26.07,26.31,37.14,0.38,-0.57,2.15,-12.03,1.45,11.24,1.35,-0.0097,True,-0.6,-3.51,1.55,25.75,27.1,CACHE,2026-05-10 19:41:41,PRO_V10_EXPLAINABLE_AI_2026_05_01,25,75,75,BOTTOM,FAIL,RS20 WEAK,SKIP,BOTTOM,55.0,C,THEO D횄혮I,Th찼쨩혢 tr횈째찼쨩혶ng chung thu찼쨘짯n l찼쨩짙i; Volume 찼쨩혮n; Bi찼쨘쩔n 횆혩찼쨩혲ng th찼쨘짜p; MACD Hist t횆혘ng,Risk/Action ch횈째a 횆혩찼쨘징t; RS20 y찼쨘쩔u,BOTTOM_BOTTOM_UPTREND,55.0,0,Ch횈째a 횆혩찼쨩짠 l찼쨩혢ch s찼쨩짯,THEO D횄혮I,,0,NO_WF_DATA,Pattern ch횈째a c횄쨀 walk-forward,UPTREND,,0,No regime stats
2026-05-08,ORS,13.5,13.38,13.46,46.87,2.66,0.75,0.37,-13.81,1.39,18.78,2.62,0.0112,True,0.3,-4.93,3.85,13.0,14.2,CACHE,2026-05-10 19:41:45,PRO_V10_EXPLAINABLE_AI_2026_05_01,40,75,75,BOTTOM,FAIL,RS20 WEAK,SKIP,BOTTOM,55.0,C,THEO D횄혮I,Th찼쨩혢 tr횈째찼쨩혶ng chung thu찼쨘짯n l찼쨩짙i; Volume 찼쨩혮n; Bi찼쨘쩔n 횆혩찼쨩혲ng th찼쨘짜p; MACD Hist t횆혘ng,Risk/Action ch횈째a 횆혩찼쨘징t; RS20 y찼쨘쩔u,BOTTOM_BOTTOM_UPTREND,55.0,0,Ch횈째a 횆혩찼쨩짠 l찼쨩혢ch s찼쨩짯,THEO D횄혮I,,0,NO_WF_DATA,Pattern ch횈째a c횄쨀 walk-forward,UPTREND,,0,No regime stats
2026-05-08,PC1,18.1,19.18,23.95,8.11,-7.42,-31.05,-29.84,-44.02,2.15,47.39,6.45,-0.6913,True,-24.43,-35.36,1.97,17.75,28.0,CACHE,2026-05-10 19:41:46,PRO_V10_EXPLAINABLE_AI_2026_05_01,35,75,75,BOTTOM,FAIL,RS20 WEAK,SKIP,BOTTOM,55.0,C,THEO D횄혮I,Th찼쨩혢 tr횈째찼쨩혶ng chung thu찼쨘짯n l찼쨩짙i; Volume x횄징c nh찼쨘짯n m찼쨘징nh; MACD Hist t횆혘ng,Risk/Action ch횈째a 횆혩찼쨘징t; RS20 y찼쨘쩔u,BOTTOM_BOTTOM_UPTREND,55.0,0,Ch횈째a 횆혩찼쨩짠 l찼쨩혢ch s찼쨩짯,THEO D횄혮I,,0,NO_WF_DATA,Pattern ch횈째a c횄쨀 walk-forward,UPTREND,,0,No regime stats
2026-05-08,VND,16.45,16.39,16.53,42.22,2.17,-1.2,2.49,-11.69,1.21,22.04,2.45,0.033,True,-0.48,-4.36,3.46,15.9,17.2,CACHE,2026-05-10 19:41:59,PRO_V10_EXPLAINABLE_AI_2026_05_01,45,75,75,BOTTOM,FAIL,RS20 WEAK,SKIP,BOTTOM,55.0,C,THEO D횄혮I,Th찼쨩혢 tr횈째찼쨩혶ng chung thu찼쨘짯n l찼쨩짙i; Volume 찼쨩혮n; Bi찼쨘쩔n 횆혩찼쨩혲ng th찼쨘짜p; MACD Hist t횆혘ng,Risk/Action ch횈째a 횆혩찼쨘징t; RS20 y찼쨘쩔u,BOTTOM_BOTTOM_UPTREND,55.0,0,Ch횈째a 횆혩찼쨩짠 l찼쨩혢ch s찼쨩짯,THEO D횄혮I,,0,NO_WF_DATA,Pattern ch횈째a c횄쨀 walk-forward,UPTREND,,0,No regime stats
2026-05-08,CTD,76.8,83.3,81.9,47.23,-11.52,-5.54,1.44,-12.74,4.41,41.39,4.43,-0.4897,False,-6.22,-14.95,2.4,75.0,90.3,CACHE,2026-05-10 19:41:26,PRO_V10_EXPLAINABLE_AI_2026_05_01,45,80,80,BOTTOM,FAIL,RS20 WEAK,SKIP,BOTTOM,54.0,C,THEO D횄혮I,Th찼쨩혢 tr횈째찼쨩혶ng chung thu찼쨘짯n l찼쨩짙i; Volume x횄징c nh찼쨘짯n m찼쨘징nh; Bi찼쨘쩔n 횆혩찼쨩혲ng th찼쨘짜p,Risk/Action ch횈째a 횆혩찼쨘징t; RS20 y찼쨘쩔u; MACD ch횈째a x횄징c nh찼쨘짯n,BOTTOM_BOTTOM_UPTREND,55.0,0,Ch횈째a 횆혩찼쨩짠 l찼쨩혢ch s찼쨩짯,THEO D횄혮I,,0,NO_WF_DATA,Pattern ch횈째a c횄쨀 walk-forward,UPTREND,,0,No regime stats
2026-05-08,BMP,150.0,150.3,145.46,61.18,3.02,-0.66,20.48,6.3,0.36,54.18,3.27,0.4834,False,3.12,-2.85,18.58,126.5,154.4,CACHE,2026-05-10 19:41:23,PRO_V10_EXPLAINABLE_AI_2026_05_01,75,40,75,MOMENTUM,FAIL,VOLUME WEAK,SKIP,MOMENTUM,53.0,C,THEO D횄혮I,Th찼쨩혢 tr횈째찼쨩혶ng chung thu찼쨘짯n l찼쨩짙i; RS20 t찼쨩혩t; Bi찼쨘쩔n 횆혩찼쨩혲ng th찼쨘짜p,Risk/Action ch횈째a 횆혩찼쨘징t; Volume y찼쨘쩔u; MACD ch횈째a x횄징c nh찼쨘짯n,MOMENTUM_MOMENTUM_UPTREND,55.0,0,Ch횈째a 횆혩찼쨩짠 l찼쨩혢ch s찼쨩짯,THEO D횄혮I,,0,NO_WF_DATA,Pattern ch횈째a c횄쨀 walk-forward,UPTREND,,0,No regime stats
2026-05-08,CNG,23.0,23.17,23.94,15.22,-0.65,-3.36,-3.56,-17.74,0.96,20.84,2.59,-0.0671,True,-3.94,-9.98,4.55,22.0,25.55,CACHE,2026-05-10 19:41:25,PRO_V10_EXPLAINABLE_AI_2026_05_01,25,75,75,BOTTOM,FAIL,RS20 WEAK,SKIP,BOTTOM,51.0,C,THEO D횄혮I,Th찼쨩혢 tr횈째찼쨩혶ng chung thu찼쨘짯n l찼쨩짙i; Bi찼쨘쩔n 횆혩찼쨩혲ng th찼쨘짜p; MACD Hist t횆혘ng,Risk/Action ch횈째a 횆혩찼쨘징t; RS20 y찼쨘쩔u,BOTTOM_BOTTOM_UPTREND,55.0,0,Ch횈째a 횆혩찼쨩짠 l찼쨩혢ch s찼쨩짯,THEO D횄혮I,,0,NO_WF_DATA,Pattern ch횈째a c횄쨀 walk-forward,UPTREND,,0,No regime stats
2026-05-08,REE,61.0,61.18,63.49,29.9,1.16,-5.86,-6.44,-20.62,0.88,37.88,2.32,-0.3068,True,-3.92,-9.36,1.67,60.0,67.3,CACHE,2026-05-10 19:41:50,PRO_V10_EXPLAINABLE_AI_2026_05_01,25,75,75,BOTTOM,FAIL,RS20 WEAK,SKIP,BOTTOM,51.0,C,THEO D횄혮I,Th찼쨩혢 tr횈째찼쨩혶ng chung thu찼쨘짯n l찼쨩짙i; Bi찼쨘쩔n 횆혩찼쨩혲ng th찼쨘짜p; MACD Hist t횆혘ng,Risk/Action ch횈째a 횆혩찼쨘징t; RS20 y찼쨘쩔u,BOTTOM_BOTTOM_UPTREND,55.0,0,Ch횈째a 횆혩찼쨩짠 l찼쨩혢ch s찼쨩짯,THEO D횄혮I,,0,NO_WF_DATA,Pattern ch횈째a c횄쨀 walk-forward,UPTREND,,0,No regime stats
2026-05-08,SHB,14.25,14.16,14.88,24.44,-2.06,-5.94,-3.06,-17.24,0.92,25.17,1.98,-0.0997,True,-4.22,-8.36,1.79,14.0,15.55,CACHE,2026-05-10 19:41:51,PRO_V10_EXPLAINABLE_AI_2026_05_01,25,75,75,BOTTOM,FAIL,RS20 WEAK,SKIP,BOTTOM,51.0,C,THEO D횄혮I,Th찼쨩혢 tr횈째찼쨩혶ng chung thu찼쨘짯n l찼쨩짙i; Bi찼쨘쩔n 횆혩찼쨩혲ng th찼쨘짜p; MACD Hist t횆혘ng,Risk/Action ch횈째a 횆혩찼쨘징t; RS20 y찼쨘쩔u,BOTTOM_BOTTOM_UPTREND,55.0,0,Ch횈째a 횆혩찼쨩짠 l찼쨩혢ch s찼쨩짯,THEO D횄혮I,,0,NO_WF_DATA,Pattern ch횈째a c횄쨀 walk-forward,UPTREND,,0,No regime stats
2026-05-08,SSB,16.8,16.78,16.84,43.75,0.6,0.0,0.0,-14.18,0.94,22.62,1.28,0.0022,True,-0.25,-3.17,1.82,16.5,17.35,CACHE,2026-05-10 19:41:53,PRO_V10_EXPLAINABLE_AI_2026_05_01,25,75,75,BOTTOM,FAIL,RS20 WEAK,SKIP,BOTTOM,51.0,C,THEO D횄혮I,Th찼쨩혢 tr횈째찼쨩혶ng chung thu찼쨘짯n l찼쨩짙i; Bi찼쨘쩔n 횆혩찼쨩혲ng th찼쨘짜p; MACD Hist t횆혘ng,Risk/Action ch횈째a 횆혩찼쨘징t; RS20 y찼쨘쩔u,BOTTOM_BOTTOM_UPTREND,55.0,0,Ch횈째a 횆혩찼쨩짠 l찼쨩혢ch s찼쨩짯,THEO D횄혮I,,0,NO_WF_DATA,Pattern ch횈째a c횄쨀 walk-forward,UPTREND,,0,No regime stats
2026-05-08,VSC,22.1,21.82,23.15,23.81,3.51,-5.76,-10.16,-24.34,1.07,37.21,3.99,-0.1009,True,-4.56,-14.01,3.76,21.3,25.7,CACHE,2026-05-10 19:42:01,PRO_V10_EXPLAINABLE_AI_2026_05_01,35,75,75,BOTTOM,FAIL,RS20 WEAK,SKIP,BOTTOM,51.0,C,THEO D횄혮I,Th찼쨩혢 tr횈째찼쨩혶ng chung thu찼쨘짯n l찼쨩짙i; Bi찼쨘쩔n 횆혩찼쨩혲ng th찼쨘짜p; MACD Hist t횆혘ng,Risk/Action ch횈째a 횆혩찼쨘징t; RS20 y찼쨘쩔u,BOTTOM_BOTTOM_UPTREND,55.0,0,Ch횈째a 횆혩찼쨩짠 l찼쨩혢ch s찼쨩짯,THEO D횄혮I,,0,NO_WF_DATA,Pattern ch횈째a c횄쨀 walk-forward,UPTREND,,0,No regime stats
2026-05-08,DGW,43.3,43.6,44.76,39.85,-0.35,-4.84,0.81,-13.36,1.26,13.53,2.98,-0.1293,False,-3.27,-9.22,1.64,42.6,47.7,CACHE,2026-05-10 19:41:29,PRO_V10_EXPLAINABLE_AI_2026_05_01,20,80,80,BOTTOM,FAIL,RS20 WEAK,SKIP,BOTTOM,50.0,C,THEO D횄혮I,Th찼쨩혢 tr횈째찼쨩혶ng chung thu찼쨘짯n l찼쨩짙i; Volume 찼쨩혮n; Bi찼쨘쩔n 횆혩찼쨩혲ng th찼쨘짜p,Risk/Action ch횈째a 횆혩찼쨘징t; RS20 y찼쨘쩔u; MACD ch횈째a x횄징c nh찼쨘짯n,BOTTOM_BOTTOM_UPTREND,55.0,0,Ch횈째a 횆혩찼쨩짠 l찼쨩혢ch s찼쨩짯,THEO D횄혮I,,0,NO_WF_DATA,Pattern ch횈째a c횄쨀 walk-forward,UPTREND,,0,No regime stats
2026-05-08,ELC,17.0,17.29,17.74,30.19,-3.41,-4.23,-3.13,-17.31,1.21,23.69,2.39,-0.0204,False,-4.16,-9.57,1.49,16.75,18.8,CACHE,2026-05-10 19:41:31,PRO_V10_EXPLAINABLE_AI_2026_05_01,30,80,80,BOTTOM,FAIL,RS20 WEAK,SKIP,BOTTOM,50.0,C,THEO D횄혮I,Th찼쨩혢 tr횈째찼쨩혶ng chung thu찼쨘짯n l찼쨩짙i; Volume 찼쨩혮n; Bi찼쨘쩔n 횆혩찼쨩혲ng th찼쨘짜p,Risk/Action ch횈째a 횆혩찼쨘징t; RS20 y찼쨘쩔u; MACD ch횈째a x횄징c nh찼쨘짯n,BOTTOM_BOTTOM_UPTREND,55.0,0,Ch횈째a 횆혩찼쨩짠 l찼쨩혢ch s찼쨩짯,THEO D횄혮I,,0,NO_WF_DATA,Pattern ch횈째a c횄쨀 walk-forward,UPTREND,,0,No regime stats
2026-05-08,FRT,145.0,147.08,149.18,34.54,-2.68,-3.97,-3.01,-17.19,1.16,16.85,2.31,-0.1558,False,-2.8,-7.47,1.4,143.0,156.7,CACHE,2026-05-10 19:41:32,PRO_V10_EXPLAINABLE_AI_2026_05_01,10,80,80,BOTTOM,FAIL,RS20 WEAK,SKIP,BOTTOM,50.0,C,THEO D횄혮I,Th찼쨩혢 tr횈째찼쨩혶ng chung thu찼쨘짯n l찼쨩짙i; Volume 찼쨩혮n; Bi찼쨘쩔n 횆혩찼쨩혲ng th찼쨘짜p,Risk/Action ch횈째a 횆혩찼쨘징t; RS20 y찼쨘쩔u; MACD ch횈째a x횄징c nh찼쨘짯n,BOTTOM_BOTTOM_UPTREND,55.0,0,Ch횈째a 횆혩찼쨩짠 l찼쨩혢ch s찼쨩짯,THEO D횄혮I,,0,NO_WF_DATA,Pattern ch횈째a c횄쨀 walk-forward,UPTREND,,0,No regime stats
2026-05-08,VCG,22.05,22.65,22.46,46.9,-0.45,0.23,3.28,-10.9,1.25,13.75,3.48,-0.0473,False,-1.81,-6.96,2.32,21.55,23.7,CACHE,2026-05-10 19:41:56,PRO_V10_EXPLAINABLE_AI_2026_05_01,35,80,80,BOTTOM,FAIL,RS20 WEAK,SKIP,BOTTOM,50.0,C,THEO D횄혮I,Th찼쨩혢 tr횈째찼쨩혶ng chung thu찼쨘짯n l찼쨩짙i; Volume 찼쨩혮n; Bi찼쨘쩔n 횆혩찼쨩혲ng th찼쨘짜p,Risk/Action ch횈째a 횆혩찼쨘징t; RS20 y찼쨘쩔u; MACD ch횈째a x횄징c nh찼쨘짯n,BOTTOM_BOTTOM_UPTREND,55.0,0,Ch횈째a 횆혩찼쨩짠 l찼쨩혢ch s찼쨩짯,THEO D횄혮I,,0,NO_WF_DATA,Pattern ch횈째a c횄쨀 walk-forward,UPTREND,,0,No regime stats
2026-05-08,C32,15.0,14.65,11.96,87.5,10.29,35.14,40.19,26.01,0.47,54.27,4.31,0.4392,False,25.44,-3.23,48.51,10.1,15.5,CACHE,2026-05-10 19:41:24,PRO_V10_EXPLAINABLE_AI_2026_05_01,65,40,65,MOMENTUM_WATCH,FAIL,VOLUME WEAK,SKIP,MOMENTUM WATCH,48.0,D,B찼쨩혦 QUA,Th찼쨩혢 tr횈째찼쨩혶ng chung thu찼쨘짯n l찼쨩짙i; RS20 r찼쨘짜t m찼쨘징nh; Bi찼쨘쩔n 횆혩찼쨩혲ng th찼쨘짜p,Risk/Action ch횈째a 횆혩찼쨘징t; Volume y찼쨘쩔u; MACD ch횈째a x횄징c nh찼쨘짯n,MOMENTUM_WATCH_MOMENTUM WATCH_UPTREND,55.0,0,Ch횈째a 횆혩찼쨩짠 l찼쨩혢ch s찼쨩짯,B찼쨩혦 QUA,,0,NO_WF_DATA,Pattern ch횈째a c횄쨀 walk-forward,UPTREND,,0,No regime stats
2026-05-08,BVS,26.4,26.26,26.62,35.9,3.12,0.38,-1.12,-15.3,0.64,34.07,2.62,0.0728,True,-0.83,-7.37,6.88,24.7,28.5,CACHE,2026-05-10 19:41:24,PRO_V10_EXPLAINABLE_AI_2026_05_01,35,80,80,BOTTOM,FAIL,VOLUME WEAK; RS20 WEAK,SKIP,BOTTOM,46.0,D,B찼쨩혦 QUA,Th찼쨩혢 tr횈째찼쨩혶ng chung thu찼쨘짯n l찼쨩짙i; Bi찼쨘쩔n 횆혩찼쨩혲ng th찼쨘짜p; MACD Hist t횆혘ng,Risk/Action ch횈째a 횆혩찼쨘징t; RS20 y찼쨘쩔u; Volume y찼쨘쩔u,BOTTOM_BOTTOM_UPTREND,55.0,0,Ch횈째a 횆혩찼쨩짠 l찼쨩혢ch s찼쨩짯,B찼쨩혦 QUA,,0,NO_WF_DATA,Pattern ch횈째a c횄쨀 walk-forward,UPTREND,,0,No regime stats
2026-05-08,CMG,27.75,27.77,28.4,30.43,-0.18,-2.29,-0.89,-15.07,0.45,22.23,2.2,0.0334,True,-2.28,-7.19,1.83,27.25,29.9,CACHE,2026-05-10 19:41:25,PRO_V10_EXPLAINABLE_AI_2026_05_01,25,80,80,BOTTOM,FAIL,VOLUME WEAK; RS20 WEAK,SKIP,BOTTOM,46.0,D,B찼쨩혦 QUA,Th찼쨩혢 tr횈째찼쨩혶ng chung thu찼쨘짯n l찼쨩짙i; Bi찼쨘쩔n 횆혩찼쨩혲ng th찼쨘짜p; MACD Hist t횆혘ng,Risk/Action ch횈째a 횆혩찼쨘징t; RS20 y찼쨘쩔u; Volume y찼쨘쩔u,BOTTOM_BOTTOM_UPTREND,55.0,0,Ch횈째a 횆혩찼쨩짠 l찼쨩혢ch s찼쨩짯,B찼쨩혦 QUA,,0,NO_WF_DATA,Pattern ch횈째a c횄쨀 walk-forward,UPTREND,,0,No regime stats
2026-05-08,DPM,25.85,26.2,27.59,30.16,-2.45,-8.33,-7.51,-21.69,0.62,47.73,3.37,-0.1692,True,-6.31,-12.96,1.37,25.5,29.7,CACHE,2026-05-10 19:41:30,PRO_V10_EXPLAINABLE_AI_2026_05_01,25,80,80,BOTTOM,FAIL,VOLUME WEAK; RS20 WEAK,SKIP,BOTTOM,46.0,D,B찼쨩혦 QUA,Th찼쨩혢 tr횈째찼쨩혶ng chung thu찼쨘짯n l찼쨩짙i; Bi찼쨘쩔n 횆혩찼쨩혲ng th찼쨘짜p; MACD Hist t횆혘ng,Risk/Action ch횈째a 횆혩찼쨘징t; RS20 y찼쨘쩔u; Volume y찼쨘쩔u,BOTTOM_BOTTOM_UPTREND,55.0,0,Ch횈째a 횆혩찼쨩짠 l찼쨩혢ch s찼쨩짯,B찼쨩혦 QUA,,0,NO_WF_DATA,Pattern ch횈째a c횄쨀 walk-forward,UPTREND,,0,No regime stats
2026-05-08,EVF,13.35,13.18,13.5,35.56,2.69,-2.91,-1.11,-15.29,0.45,20.94,2.81,-0.0307,True,-1.11,-8.56,5.95,12.6,14.6,CACHE,2026-05-10 19:41:31,PRO_V10_EXPLAINABLE_AI_2026_05_01,35,80,80,BOTTOM,FAIL,VOLUME WEAK; RS20 WEAK,SKIP,BOTTOM,46.0,D,B찼쨩혦 QUA,Th찼쨩혢 tr횈째찼쨩혶ng chung thu찼쨘짯n l찼쨩짙i; Bi찼쨘쩔n 횆혩찼쨩혲ng th찼쨘짜p; MACD Hist t횆혘ng,Risk/Action ch횈째a 횆혩찼쨘징t; RS20 y찼쨘쩔u; Volume y찼쨘쩔u,BOTTOM_BOTTOM_UPTREND,55.0,0,Ch횈째a 횆혩찼쨩짠 l찼쨩혢ch s찼쨩짯,B찼쨩혦 QUA,,0,NO_WF_DATA,Pattern ch횈째a c횄쨀 walk-forward,UPTREND,,0,No regime stats
2026-05-08,GAS,74.7,76.82,78.06,39.34,-0.66,-5.08,-3.36,-17.54,0.95,26.03,3.79,0.4487,False,-4.3,-9.34,2.33,73.0,82.4,CACHE,2026-05-10 19:41:33,PRO_V10_EXPLAINABLE_AI_2026_05_01,20,80,80,BOTTOM,FAIL,RS20 WEAK,SKIP,BOTTOM,46.0,D,B찼쨩혦 QUA,Th찼쨩혢 tr횈째찼쨩혶ng chung thu찼쨘짯n l찼쨩짙i; Bi찼쨘쩔n 횆혩찼쨩혲ng th찼쨘짜p,Risk/Action ch횈째a 횆혩찼쨘징t; RS20 y찼쨘쩔u; MACD ch횈째a x횄징c nh찼쨘짯n,BOTTOM_BOTTOM_UPTREND,55.0,0,Ch횈째a 횆혩찼쨩짠 l찼쨩혢ch s찼쨩짯,B찼쨩혦 QUA,,0,NO_WF_DATA,Pattern ch횈째a c횄쨀 walk-forward,UPTREND,,0,No regime stats
2026-05-08,HHS,12.95,13.04,13.42,36.07,-0.38,-2.26,0.39,-13.79,0.54,18.75,4.22,-0.1101,True,-3.48,-10.38,4.02,12.45,14.45,CACHE,2026-05-10 19:41:36,PRO_V10_EXPLAINABLE_AI_2026_05_01,15,80,80,BOTTOM,FAIL,VOLUME WEAK; RS20 WEAK,SKIP,BOTTOM,46.0,D,B찼쨩혦 QUA,Th찼쨩혢 tr횈째찼쨩혶ng chung thu찼쨘짯n l찼쨩짙i; Bi찼쨘쩔n 횆혩찼쨩혲ng th찼쨘짜p; MACD Hist t횆혘ng,Risk/Action ch횈째a 횆혩찼쨘징t; RS20 y찼쨘쩔u; Volume y찼쨘쩔u,BOTTOM_BOTTOM_UPTREND,55.0,0,Ch횈째a 횆혩찼쨩짠 l찼쨩혢ch s찼쨩짯,B찼쨩혦 QUA,,0,NO_WF_DATA,Pattern ch횈째a c횄쨀 walk-forward,UPTREND,,0,No regime stats
2026-05-08,HPG,27.85,27.62,27.96,46.3,0.36,-2.45,3.92,-10.26,0.59,29.68,1.77,-0.0692,True,-0.38,-5.43,2.39,27.2,29.45,CACHE,2026-05-10 19:41:37,PRO_V10_EXPLAINABLE_AI_2026_05_01,25,80,80,BOTTOM,FAIL,VOLUME WEAK; RS20 WEAK,SKIP,BOTTOM,46.0,D,B찼쨩혦 QUA,Th찼쨩혢 tr횈째찼쨩혶ng chung thu찼쨘짯n l찼쨩짙i; Bi찼쨘쩔n 횆혩찼쨩혲ng th찼쨘짜p; MACD Hist t횆혘ng,Risk/Action ch횈째a 횆혩찼쨘징t; RS20 y찼쨘쩔u; Volume y찼쨘쩔u,BOTTOM_BOTTOM_UPTREND,55.0,0,Ch횈째a 횆혩찼쨩짠 l찼쨩혢ch s찼쨩짯,B찼쨩혦 QUA,,0,NO_WF_DATA,Pattern ch횈째a c횄쨀 walk-forward,UPTREND,,0,No regime stats
2026-05-08,IDC,45.9,45.4,46.9,36.84,1.55,-0.86,-2.34,-16.52,0.54,14.99,3.1,-0.208,True,-2.13,-9.47,4.32,44.0,50.7,CACHE,2026-05-10 19:41:38,PRO_V10_EXPLAINABLE_AI_2026_05_01,15,80,80,BOTTOM,FAIL,VOLUME WEAK; RS20 WEAK,SKIP,BOTTOM,46.0,D,B찼쨩혦 QUA,Th찼쨩혢 tr횈째찼쨩혶ng chung thu찼쨘짯n l찼쨩짙i; Bi찼쨘쩔n 횆혩찼쨩혲ng th찼쨘짜p; MACD Hist t횆혘ng,Risk/Action ch횈째a 횆혩찼쨘징t; RS20 y찼쨘쩔u; Volume y찼쨘쩔u,BOTTOM_BOTTOM_UPTREND,55.0,0,Ch횈째a 횆혩찼쨩짠 l찼쨩혢ch s찼쨩짯,B찼쨩혦 QUA,,0,NO_WF_DATA,Pattern ch횈째a c횄쨀 walk-forward,UPTREND,,0,No regime stats
2026-05-08,PVD,30.8,31.93,32.36,37.11,-0.65,-5.23,-4.5,-18.67,0.9,38.56,4.27,0.043,False,-4.81,-11.49,4.41,29.5,34.8,CACHE,2026-05-10 19:41:48,PRO_V10_EXPLAINABLE_AI_2026_05_01,20,80,80,BOTTOM,FAIL,RS20 WEAK,SKIP,BOTTOM,46.0,D,B찼쨩혦 QUA,Th찼쨩혢 tr횈째찼쨩혶ng chung thu찼쨘짯n l찼쨩짙i; Bi찼쨘쩔n 횆혩찼쨩혲ng th찼쨘짜p,Risk/Action ch횈째a 횆혩찼쨘징t; RS20 y찼쨘쩔u; MACD ch횈째a x횄징c nh찼쨘짯n,BOTTOM_BOTTOM_UPTREND,55.0,0,Ch횈째a 횆혩찼쨩짠 l찼쨩혢ch s찼쨩짯,B찼쨩혦 QUA,,0,NO_WF_DATA,Pattern ch횈째a c횄쨀 walk-forward,UPTREND,,0,No regime stats
2026-05-08,SHS,17.4,17.14,17.56,38.89,2.96,0.0,1.16,-13.01,0.63,21.59,3.61,-0.0211,True,-0.91,-7.94,4.82,16.6,18.9,CACHE,2026-05-10 19:41:52,PRO_V10_EXPLAINABLE_AI_2026_05_01,35,80,80,BOTTOM,FAIL,VOLUME WEAK; RS20 WEAK,SKIP,BOTTOM,46.0,D,B찼쨩혦 QUA,Th찼쨩혢 tr횈째찼쨩혶ng chung thu찼쨘짯n l찼쨩짙i; Bi찼쨘쩔n 횆혩찼쨩혲ng th찼쨘짜p; MACD Hist t횆혘ng,Risk/Action ch횈째a 횆혩찼쨘징t; RS20 y찼쨘쩔u; Volume y찼쨘쩔u,BOTTOM_BOTTOM_UPTREND,55.0,0,Ch횈째a 횆혩찼쨩짠 l찼쨩혢ch s찼쨩짯,B찼쨩혦 QUA,,0,NO_WF_DATA,Pattern ch횈째a c횄쨀 walk-forward,UPTREND,,0,No regime stats
2026-05-08,VCI,25.95,26.02,27.05,32.67,-0.95,-3.17,-4.6,-18.77,0.74,29.48,2.57,-0.1476,True,-4.07,-10.52,1.37,25.6,29.0,CACHE,2026-05-10 19:41:57,PRO_V10_EXPLAINABLE_AI_2026_05_01,25,80,80,BOTTOM,FAIL,RS20 WEAK,SKIP,BOTTOM,46.0,D,B찼쨩혦 QUA,Th찼쨩혢 tr횈째찼쨩혶ng chung thu찼쨘짯n l찼쨩짙i; Bi찼쨘쩔n 횆혩찼쨩혲ng th찼쨘짜p; MACD Hist t횆혘ng,Risk/Action ch횈째a 횆혩찼쨘징t; RS20 y찼쨘쩔u; Volume y찼쨘쩔u,BOTTOM_BOTTOM_UPTREND,55.0,0,Ch횈째a 횆혩찼쨩짠 l찼쨩혢ch s찼쨩짯,B찼쨩혦 QUA,,0,NO_WF_DATA,Pattern ch횈째a c횄쨀 walk-forward,UPTREND,,0,No regime stats
2026-05-08,VOS,12.45,12.54,12.74,38.89,-1.19,-2.73,0.4,-13.77,0.81,25.89,2.38,0.0229,False,-2.26,-5.68,1.63,12.25,13.2,CACHE,2026-05-10 19:42:00,PRO_V10_EXPLAINABLE_AI_2026_05_01,20,80,80,BOTTOM,FAIL,RS20 WEAK,SKIP,BOTTOM,46.0,D,B찼쨩혦 QUA,Th찼쨩혢 tr횈째찼쨩혶ng chung thu찼쨘짯n l찼쨩짙i; Bi찼쨘쩔n 횆혩찼쨩혲ng th찼쨘짜p,Risk/Action ch횈째a 횆혩찼쨘징t; RS20 y찼쨘쩔u; MACD ch횈째a x횄징c nh찼쨘짯n,BOTTOM_BOTTOM_UPTREND,55.0,0,Ch횈째a 횆혩찼쨩짠 l찼쨩혢ch s찼쨩짯,B찼쨩혦 QUA,,0,NO_WF_DATA,Pattern ch횈째a c횄쨀 walk-forward,UPTREND,,0,No regime stats
2026-05-08,HDG,25.1,25.54,27.12,15.62,-3.09,-10.2,-9.71,-23.89,1.2,41.78,2.86,-0.2394,True,-7.47,-13.89,0.8,24.9,29.15,CACHE,2026-05-10 19:41:36,PRO_V10_EXPLAINABLE_AI_2026_05_01,25,65,65,BOTTOM_WATCH,FAIL,RS20 WEAK,SKIP,BOTTOM WATCH,45.0,D,B찼쨩혦 QUA,Th찼쨩혢 tr횈째찼쨩혶ng chung thu찼쨘짯n l찼쨩짙i; Volume 찼쨩혮n; Bi찼쨘쩔n 횆혩찼쨩혲ng th찼쨘짜p; MACD Hist t횆혘ng,Risk/Action ch횈째a 횆혩찼쨘징t; RS20 y찼쨘쩔u,BOTTOM_WATCH_BOTTOM WATCH_UPTREND,55.0,0,Ch횈째a 횆혩찼쨩짠 l찼쨩혢ch s찼쨩짯,B찼쨩혦 QUA,,0,NO_WF_DATA,Pattern ch횈째a c횄쨀 walk-forward,UPTREND,,0,No regime stats
2026-05-08,SGT,15.35,15.31,15.38,50.0,0.33,0.33,0.0,-14.18,1.91,59.99,2.37,0.0058,True,-0.23,-4.06,4.42,14.7,16.0,CACHE,2026-05-10 19:41:51,PRO_V10_EXPLAINABLE_AI_2026_05_01,35,60,60,BOTTOM_WATCH,FAIL,RS20 WEAK,SKIP,BOTTOM WATCH,44.0,D,B찼쨩혦 QUA,Th찼쨩혢 tr횈째찼쨩혶ng chung thu찼쨘짯n l찼쨩짙i; Volume x횄징c nh찼쨘짯n m찼쨘징nh; Bi찼쨘쩔n 횆혩찼쨩혲ng th찼쨘짜p; MACD Hist t횆혘ng,Risk/Action ch횈째a 횆혩찼쨘징t; RS20 y찼쨘쩔u,BOTTOM_WATCH_BOTTOM WATCH_UPTREND,55.0,0,Ch횈째a 횆혩찼쨩짠 l찼쨩혢ch s찼쨩짯,B찼쨩혦 QUA,,0,NO_WF_DATA,Pattern ch횈째a c횄쨀 walk-forward,UPTREND,,0,No regime stats
2026-05-08,DGC,52.2,53.66,53.98,41.78,-2.61,-2.06,-3.69,-17.87,1.49,15.43,3.45,0.394,False,-3.3,-8.9,0.97,51.7,57.3,CACHE,2026-05-10 19:41:28,PRO_V10_EXPLAINABLE_AI_2026_05_01,20,70,70,BOTTOM,FAIL,RS20 WEAK,SKIP,BOTTOM,40.0,D,B찼쨩혦 QUA,Th찼쨩혢 tr횈째찼쨩혶ng chung thu찼쨘짯n l찼쨩짙i; Volume 찼쨩혮n; Bi찼쨘쩔n 횆혩찼쨩혲ng th찼쨘짜p,Risk/Action ch횈째a 횆혩찼쨘징t; RS20 y찼쨘쩔u; MACD ch횈째a x횄징c nh찼쨘짯n,BOTTOM_BOTTOM_UPTREND,55.0,0,Ch횈째a 횆혩찼쨩짠 l찼쨩혢ch s찼쨩짯,B찼쨩혦 QUA,,0,NO_WF_DATA,Pattern ch횈째a c횄쨀 walk-forward,UPTREND,,0,No regime stats
2026-05-08,FPT,71.9,73.24,75.15,38.73,-4.77,-4.26,-2.84,-17.02,1.46,12.74,2.42,0.018,False,-4.32,-9.22,0.0,71.9,79.2,CACHE,2026-05-10 19:41:32,PRO_V10_EXPLAINABLE_AI_2026_05_01,20,70,70,BOTTOM,FAIL,RS20 WEAK,SKIP,BOTTOM,40.0,D,B찼쨩혦 QUA,Th찼쨩혢 tr횈째찼쨩혶ng chung thu찼쨘짯n l찼쨩짙i; Volume 찼쨩혮n; Bi찼쨘쩔n 횆혩찼쨩혲ng th찼쨘짜p,Risk/Action ch횈째a 횆혩찼쨘징t; RS20 y찼쨘쩔u; MACD ch횈째a x횄징c nh찼쨘짯n,BOTTOM_BOTTOM_UPTREND,55.0,0,Ch횈째a 횆혩찼쨩짠 l찼쨩혢ch s찼쨩짯,B찼쨩혦 QUA,,0,NO_WF_DATA,Pattern ch횈째a c횄쨀 walk-forward,UPTREND,,0,No regime stats
2026-05-08,KDC,47.9,46.95,47.15,48.1,9.36,0.84,0.21,-13.97,1.56,66.04,5.02,0.2622,True,1.59,-2.64,23.77,38.7,49.2,CACHE,2026-05-10 19:41:40,PRO_V10_EXPLAINABLE_AI_2026_05_01,50,60,60,BOTTOM_WATCH,FAIL,RS20 WEAK,SKIP,BOTTOM WATCH,40.0,D,B찼쨩혦 QUA,Th찼쨩혢 tr횈째찼쨩혶ng chung thu찼쨘짯n l찼쨩짙i; Volume x횄징c nh찼쨘짯n m찼쨘징nh; MACD Hist t횆혘ng,Risk/Action ch횈째a 횆혩찼쨘징t; RS20 y찼쨘쩔u,BOTTOM_WATCH_BOTTOM WATCH_UPTREND,55.0,0,Ch횈째a 횆혩찼쨩짠 l찼쨩혢ch s찼쨩짯,B찼쨩혦 QUA,,0,NO_WF_DATA,Pattern ch횈째a c횄쨀 walk-forward,UPTREND,,0,No regime stats
2026-05-08,ABB,15.2,15.08,14.84,70.59,2.01,2.01,4.11,-10.07,0.71,63.95,2.07,0.0122,True,2.39,-5.0,5.56,14.4,16.0,CACHE,2026-05-10 19:41:20,PRO_V10_EXPLAINABLE_AI_2026_05_01,70,65,70,MOMENTUM_WATCH,FAIL,RS20 WEAK,SKIP,MOMENTUM WATCH,36.0,D,B찼쨩혦 QUA,Th찼쨩혢 tr횈째찼쨩혶ng chung thu찼쨘짯n l찼쨩짙i; Bi찼쨘쩔n 횆혩찼쨩혲ng th찼쨘짜p; MACD Hist t횆혘ng,Risk/Action ch횈째a 횆혩찼쨘징t; RS20 y찼쨘쩔u; Volume y찼쨘쩔u,MOMENTUM_WATCH_MOMENTUM WATCH_UPTREND,55.0,0,Ch횈째a 횆혩찼쨩짠 l찼쨩혢ch s찼쨩짯,B찼쨩혦 QUA,,0,NO_WF_DATA,Pattern ch횈째a c횄쨀 walk-forward,UPTREND,,0,No regime stats
2026-05-08,DCM,40.2,41.71,43.77,32.51,-5.85,-10.17,-9.26,-23.43,0.91,24.18,4.21,-0.3744,False,-8.16,-16.25,0.37,40.05,48.0,CACHE,2026-05-10 19:41:28,PRO_V10_EXPLAINABLE_AI_2026_05_01,20,70,70,BOTTOM,FAIL,RS20 WEAK,SKIP,BOTTOM,36.0,D,B찼쨩혦 QUA,Th찼쨩혢 tr횈째찼쨩혶ng chung thu찼쨘짯n l찼쨩짙i; Bi찼쨘쩔n 횆혩찼쨩혲ng th찼쨘짜p,Risk/Action ch횈째a 횆혩찼쨘징t; RS20 y찼쨘쩔u; MACD ch횈째a x횄징c nh찼쨘짯n,BOTTOM_BOTTOM_UPTREND,55.0,0,Ch횈째a 횆혩찼쨩짠 l찼쨩혢ch s찼쨩짯,B찼쨩혦 QUA,,0,NO_WF_DATA,Pattern ch횈째a c횄쨀 walk-forward,UPTREND,,0,No regime stats
2026-05-08,MSH,36.05,36.13,37.14,45.05,-3.35,-5.38,-0.55,-14.73,1.06,16.26,2.2,-0.2015,False,-2.95,-8.15,0.56,35.85,39.25,CACHE,2026-05-10 19:41:42,PRO_V10_EXPLAINABLE_AI_2026_05_01,10,70,70,BOTTOM,FAIL,RS20 WEAK,SKIP,BOTTOM,36.0,D,B찼쨩혦 QUA,Th찼쨩혢 tr횈째찼쨩혶ng chung thu찼쨘짯n l찼쨩짙i; Bi찼쨘쩔n 횆혩찼쨩혲ng th찼쨘짜p,Risk/Action ch횈째a 횆혩찼쨘징t; RS20 y찼쨘쩔u; MACD ch횈째a x횄징c nh찼쨘짯n,BOTTOM_BOTTOM_UPTREND,55.0,0,Ch횈째a 횆혩찼쨩짠 l찼쨩혢ch s찼쨩짯,B찼쨩혦 QUA,,0,NO_WF_DATA,Pattern ch횈째a c횄쨀 walk-forward,UPTREND,,0,No regime stats
2026-05-08,VPG,3.5,3.51,3.65,41.98,0.29,-9.56,-6.67,-20.84,0.49,27.07,3.98,0.0231,True,-4.23,-15.46,0.86,3.47,4.14,CACHE,2026-05-10 19:42:00,PRO_V10_EXPLAINABLE_AI_2026_05_01,25,70,70,BOTTOM,FAIL,VOLUME WEAK; RS20 WEAK,SKIP,BOTTOM,36.0,D,B찼쨩혦 QUA,Th찼쨩혢 tr횈째찼쨩혶ng chung thu찼쨘짯n l찼쨩짙i; Bi찼쨘쩔n 횆혩찼쨩혲ng th찼쨘짜p; MACD Hist t횆혘ng,Risk/Action ch횈째a 횆혩찼쨘징t; RS20 y찼쨘쩔u; Volume y찼쨘쩔u,BOTTOM_BOTTOM_UPTREND,55.0,0,Ch횈째a 횆혩찼쨩짠 l찼쨩혢ch s찼쨩짯,B찼쨩혦 QUA,,0,NO_WF_DATA,Pattern ch횈째a c횄쨀 walk-forward,UPTREND,,0,No regime stats
2026-05-08,AAA,7.19,7.36,7.14,53.15,-1.64,1.99,5.12,-9.06,0.75,27.82,2.21,0.0357,False,0.69,-5.39,3.9,6.92,7.6,CACHE,2026-05-10 19:41:19,PRO_V10_EXPLAINABLE_AI_2026_05_01,40,55,55,BOTTOM_WATCH,PASS,,WATCHLIST,BOTTOM WATCH,36.0,D,B찼쨩혦 QUA,Th찼쨩혢 tr횈째찼쨩혶ng chung thu찼쨘짯n l찼쨩짙i; Bi찼쨘쩔n 횆혩찼쨩혲ng th찼쨘짜p,RS20 y찼쨘쩔u; Volume y찼쨘쩔u; MACD ch횈째a x횄징c nh찼쨘짯n,BOTTOM_WATCH_BOTTOM WATCH_UPTREND,55.0,0,Ch횈째a 횆혩찼쨩짠 l찼쨩혢ch s찼쨩짯,B찼쨩혦 QUA,,0,NO_WF_DATA,Pattern ch횈째a c횄쨀 walk-forward,UPTREND,,0,No regime stats
2026-05-08,KBC,33.6,34.38,34.2,52.68,-0.88,-1.61,5.83,-8.35,0.78,47.16,2.82,-0.0823,False,-1.77,-6.54,4.84,32.05,35.95,CACHE,2026-05-10 19:41:39,PRO_V10_EXPLAINABLE_AI_2026_05_01,35,55,55,BOTTOM_WATCH,PASS,,WATCHLIST,BOTTOM WATCH,36.0,D,B찼쨩혦 QUA,Th찼쨩혢 tr횈째찼쨩혶ng chung thu찼쨘짯n l찼쨩짙i; Bi찼쨘쩔n 횆혩찼쨩혲ng th찼쨘짜p,RS20 y찼쨘쩔u; Volume y찼쨘쩔u; MACD ch횈째a x횄징c nh찼쨘짯n,BOTTOM_WATCH_BOTTOM WATCH_UPTREND,55.0,0,Ch횈째a 횆혩찼쨩짠 l찼쨩혢ch s찼쨩짯,B찼쨩혦 QUA,,0,NO_WF_DATA,Pattern ch횈째a c횄쨀 walk-forward,UPTREND,,0,No regime stats
2026-05-08,TCH,16.95,17.14,17.23,49.46,-6.61,1.5,4.95,-9.22,0.79,15.81,4.28,-0.0957,False,-1.6,-8.38,3.35,16.4,18.5,CACHE,2026-05-10 19:41:55,PRO_V10_EXPLAINABLE_AI_2026_05_01,10,55,55,BOTTOM_WATCH,PASS,,WATCHLIST,BOTTOM WATCH,36.0,D,B찼쨩혦 QUA,Th찼쨩혢 tr횈째찼쨩혶ng chung thu찼쨘짯n l찼쨩짙i; Bi찼쨘쩔n 횆혩찼쨩혲ng th찼쨘짜p,RS20 y찼쨘쩔u; Volume y찼쨘쩔u; MACD ch횈째a x횄징c nh찼쨘짯n,BOTTOM_WATCH_BOTTOM WATCH_UPTREND,55.0,0,Ch횈째a 횆혩찼쨩짠 l찼쨩혢ch s찼쨩짯,B찼쨩혦 QUA,,0,NO_WF_DATA,Pattern ch횈째a c횄쨀 walk-forward,UPTREND,,0,No regime stats
2024-09-25,ITA,2.35,2.59,3.19,0.86,-17.83,-28.57,-38.32,-52.5,6.21,63.55,5.5,-0.0852,False,-26.42,-38.32,4.91,2.24,3.81,CACHE,2026-05-10 19:41:39,PRO_V10_EXPLAINABLE_AI_2026_05_01,30,65,65,BOTTOM_WATCH,FAIL,RS20 WEAK,SKIP,BOTTOM WATCH,35.0,D,B찼쨩혦 QUA,Th찼쨩혢 tr횈째찼쨩혶ng chung thu찼쨘짯n l찼쨩짙i; Volume x횄징c nh찼쨘짯n m찼쨘징nh,Risk/Action ch횈째a 횆혩찼쨘징t; RS20 y찼쨘쩔u; MACD ch횈째a x횄징c nh찼쨘짯n,BOTTOM_WATCH_BOTTOM WATCH_UPTREND,55.0,0,Ch횈째a 횆혩찼쨩짠 l찼쨩혢ch s찼쨩짯,B찼쨩혦 QUA,,0,NO_WF_DATA,Pattern ch횈째a c횄쨀 walk-forward,UPTREND,,0,No regime stats
2026-05-08,LAS,15.5,15.74,16.34,22.73,-1.27,-6.06,-6.06,-20.24,1.18,41.39,3.23,-0.0455,False,-5.17,-11.93,4.73,14.8,17.6,CACHE,2026-05-10 19:41:40,PRO_V10_EXPLAINABLE_AI_2026_05_01,20,65,65,BOTTOM_WATCH,FAIL,RS20 WEAK,SKIP,BOTTOM WATCH,35.0,D,B찼쨩혦 QUA,Th찼쨩혢 tr횈째찼쨩혶ng chung thu찼쨘짯n l찼쨩짙i; Volume 찼쨩혮n; Bi찼쨘쩔n 횆혩찼쨩혲ng th찼쨘짜p,Risk/Action ch횈째a 횆혩찼쨘징t; RS20 y찼쨘쩔u; MACD ch횈째a x횄징c nh찼쨘짯n,BOTTOM_WATCH_BOTTOM WATCH_UPTREND,55.0,0,Ch횈째a 횆혩찼쨩짠 l찼쨩혢ch s찼쨩짯,B찼쨩혦 QUA,,0,NO_WF_DATA,Pattern ch횈째a c횄쨀 walk-forward,UPTREND,,0,No regime stats
2026-05-08,VHC,60.5,61.3,61.37,46.84,-1.14,-2.89,3.07,-11.11,1.18,35.05,2.49,-0.1792,False,-1.42,-3.82,3.07,58.7,62.9,CACHE,2026-05-10 19:41:57,PRO_V10_EXPLAINABLE_AI_2026_05_01,20,65,65,BOTTOM_WATCH,FAIL,RS20 WEAK,SKIP,BOTTOM WATCH,35.0,D,B찼쨩혦 QUA,Th찼쨩혢 tr횈째찼쨩혶ng chung thu찼쨘짯n l찼쨩짙i; Volume 찼쨩혮n; Bi찼쨘쩔n 횆혩찼쨩혲ng th찼쨘짜p,Risk/Action ch횈째a 횆혩찼쨘징t; RS20 y찼쨘쩔u; MACD ch횈째a x횄징c nh찼쨘짯n,BOTTOM_WATCH_BOTTOM WATCH_UPTREND,55.0,0,Ch횈째a 횆혩찼쨩짠 l찼쨩혢ch s찼쨩짯,B찼쨩혦 QUA,,0,NO_WF_DATA,Pattern ch횈째a c횄쨀 walk-forward,UPTREND,,0,No regime stats
2026-05-08,DHC,36.9,36.19,36.27,58.1,3.07,0.27,7.89,-6.28,0.64,19.25,2.38,0.05,True,1.73,-2.51,6.8,34.55,37.85,CACHE,2026-05-10 19:41:29,PRO_V10_EXPLAINABLE_AI_2026_05_01,45,60,60,BOTTOM_WATCH,FAIL,VOLUME WEAK,SKIP,BOTTOM WATCH,34.0,D,B찼쨩혦 QUA,Th찼쨩혢 tr횈째찼쨩혶ng chung thu찼쨘짯n l찼쨩짙i; Bi찼쨘쩔n 횆혩찼쨩혲ng th찼쨘짜p; MACD Hist t횆혘ng,Risk/Action ch횈째a 횆혩찼쨘징t; RS20 ch횈째a kh찼쨩혧e; Volume y찼쨘쩔u,BOTTOM_WATCH_BOTTOM WATCH_UPTREND,55.0,0,Ch횈째a 횆혩찼쨩짠 l찼쨩혢ch s찼쨩짯,B찼쨩혦 QUA,,0,NO_WF_DATA,Pattern ch횈째a c횄쨀 walk-forward,UPTREND,,0,No regime stats
2026-05-08,HAH,56.5,56.46,55.43,60.61,2.54,5.81,3.67,-10.51,0.64,22.39,2.58,0.2991,False,1.93,-3.42,6.0,53.3,58.5,CACHE,2026-05-10 19:41:35,PRO_V10_EXPLAINABLE_AI_2026_05_01,75,40,75,MOMENTUM,FAIL,VOLUME WEAK; RS20 WEAK,SKIP,MOMENTUM,31.0,D,B찼쨩혦 QUA,Th찼쨩혢 tr횈째찼쨩혶ng chung thu찼쨘짯n l찼쨩짙i; Bi찼쨘쩔n 횆혩찼쨩혲ng th찼쨘짜p,Risk/Action ch횈째a 횆혩찼쨘징t; RS20 y찼쨘쩔u; Volume y찼쨘쩔u; MACD ch횈째a x횄징c nh찼쨘짯n,MOMENTUM_MOMENTUM_UPTREND,55.0,0,Ch횈째a 횆혩찼쨩짠 l찼쨩혢ch s찼쨩짯,B찼쨩혦 QUA,,0,NO_WF_DATA,Pattern ch횈째a c횄쨀 walk-forward,UPTREND,,0,No regime stats
2026-05-08,AGR,14.65,14.63,14.77,40.0,1.03,0.34,0.69,-13.49,0.73,19.8,1.88,0.0191,True,-0.8,-4.25,2.09,14.35,15.3,CACHE,2026-05-10 19:41:20,PRO_V10_EXPLAINABLE_AI_2026_05_01,15,65,65,BOTTOM_WATCH,FAIL,RS20 WEAK,SKIP,BOTTOM WATCH,31.0,D,B찼쨩혦 QUA,Th찼쨩혢 tr횈째찼쨩혶ng chung thu찼쨘짯n l찼쨩짙i; Bi찼쨘쩔n 횆혩찼쨩혲ng th찼쨘짜p; MACD Hist t횆혘ng,Risk/Action ch횈째a 횆혩찼쨘징t; RS20 y찼쨘쩔u; Volume y찼쨘쩔u,BOTTOM_WATCH_BOTTOM WATCH_UPTREND,55.0,0,Ch횈째a 횆혩찼쨩짠 l찼쨩혢ch s찼쨩짯,B찼쨩혦 QUA,,0,NO_WF_DATA,Pattern ch횈째a c횄쨀 walk-forward,UPTREND,,0,No regime stats
2026-05-08,BSR,25.95,26.03,25.76,48.96,9.96,-0.57,3.18,-11.0,0.77,17.68,4.43,0.192,True,0.76,-6.99,12.1,23.15,27.9,CACHE,2026-05-10 19:41:23,PRO_V10_EXPLAINABLE_AI_2026_05_01,45,65,65,BOTTOM_WATCH,FAIL,RS20 WEAK,SKIP,BOTTOM WATCH,31.0,D,B찼쨩혦 QUA,Th찼쨩혢 tr횈째찼쨩혶ng chung thu찼쨘짯n l찼쨩짙i; Bi찼쨘쩔n 횆혩찼쨩혲ng th찼쨘짜p; MACD Hist t횆혘ng,Risk/Action ch횈째a 횆혩찼쨘징t; RS20 y찼쨘쩔u; Volume y찼쨘쩔u,BOTTOM_WATCH_BOTTOM WATCH_UPTREND,55.0,0,Ch횈째a 횆혩찼쨩짠 l찼쨩혢ch s찼쨩짯,B찼쨩혦 QUA,,0,NO_WF_DATA,Pattern ch횈째a c횄쨀 walk-forward,UPTREND,,0,No regime stats
2026-05-08,CSV,26.2,26.23,26.97,23.21,0.96,-2.96,-1.5,-15.68,0.52,31.12,1.84,-0.024,True,-2.85,-9.66,1.35,25.85,29.0,CACHE,2026-05-10 19:41:26,PRO_V10_EXPLAINABLE_AI_2026_05_01,25,65,65,BOTTOM_WATCH,FAIL,VOLUME WEAK; RS20 WEAK,SKIP,BOTTOM WATCH,31.0,D,B찼쨩혦 QUA,Th찼쨩혢 tr횈째찼쨩혶ng chung thu찼쨘짯n l찼쨩짙i; Bi찼쨘쩔n 횆혩찼쨩혲ng th찼쨘짜p; MACD Hist t횆혘ng,Risk/Action ch횈째a 횆혩찼쨘징t; RS20 y찼쨘쩔u; Volume y찼쨘쩔u,BOTTOM_WATCH_BOTTOM WATCH_UPTREND,55.0,0,Ch횈째a 횆혩찼쨩짠 l찼쨩혢ch s찼쨩짯,B찼쨩혦 QUA,,0,NO_WF_DATA,Pattern ch횈째a c횄쨀 walk-forward,UPTREND,,0,No regime stats
2026-05-08,DBC,22.5,22.68,23.05,25.0,-0.44,-2.6,0.45,-13.73,0.88,19.03,1.83,0.0072,False,-2.39,-7.41,1.81,22.1,24.3,CACHE,2026-05-10 19:41:28,PRO_V10_EXPLAINABLE_AI_2026_05_01,10,65,65,BOTTOM_WATCH,FAIL,RS20 WEAK,SKIP,BOTTOM WATCH,31.0,D,B찼쨩혦 QUA,Th찼쨩혢 tr횈째찼쨩혶ng chung thu찼쨘짯n l찼쨩짙i; Bi찼쨘쩔n 횆혩찼쨩혲ng th찼쨘짜p,Risk/Action ch횈째a 횆혩찼쨘징t; RS20 y찼쨘쩔u; MACD ch횈째a x횄징c nh찼쨘짯n,BOTTOM_WATCH_BOTTOM WATCH_UPTREND,55.0,0,Ch횈째a 횆혩찼쨩짠 l찼쨩혢ch s찼쨩짯,B찼쨩혦 QUA,,0,NO_WF_DATA,Pattern ch횈째a c횄쨀 walk-forward,UPTREND,,0,No regime stats
2026-05-08,DHA,45.8,45.52,45.73,40.38,1.66,0.55,2.69,-11.49,0.33,19.39,1.25,0.3154,True,0.15,-4.48,2.23,44.8,47.95,CACHE,2026-05-10 19:41:29,PRO_V10_EXPLAINABLE_AI_2026_05_01,20,65,65,BOTTOM_WATCH,FAIL,VOLUME WEAK; RS20 WEAK,SKIP,BOTTOM WATCH,31.0,D,B찼쨩혦 QUA,Th찼쨩혢 tr횈째찼쨩혶ng chung thu찼쨘짯n l찼쨩짙i; Bi찼쨘쩔n 횆혩찼쨩혲ng th찼쨘짜p; MACD Hist t횆혘ng,Risk/Action ch횈째a 횆혩찼쨘징t; RS20 y찼쨘쩔u; Volume y찼쨘쩔u,BOTTOM_WATCH_BOTTOM WATCH_UPTREND,55.0,0,Ch횈째a 횆혩찼쨩짠 l찼쨩혢ch s찼쨩짯,B찼쨩혦 QUA,,0,NO_WF_DATA,Pattern ch횈째a c횄쨀 walk-forward,UPTREND,,0,No regime stats
2026-05-08,MBS,19.5,19.48,20.07,22.73,0.52,-2.5,-2.5,-16.68,0.64,36.4,2.31,-0.0459,True,-2.86,-9.72,2.63,19.0,21.6,CACHE,2026-05-10 19:41:42,PRO_V10_EXPLAINABLE_AI_2026_05_01,25,65,65,BOTTOM_WATCH,FAIL,VOLUME WEAK; RS20 WEAK,SKIP,BOTTOM WATCH,31.0,D,B찼쨩혦 QUA,Th찼쨩혢 tr횈째찼쨩혶ng chung thu찼쨘짯n l찼쨩짙i; Bi찼쨘쩔n 횆혩찼쨩혲ng th찼쨘짜p; MACD Hist t횆혘ng,Risk/Action ch횈째a 횆혩찼쨘징t; RS20 y찼쨘쩔u; Volume y찼쨘쩔u,BOTTOM_WATCH_BOTTOM WATCH_UPTREND,55.0,0,Ch횈째a 횆혩찼쨩짠 l찼쨩혢ch s찼쨩짯,B찼쨩혦 QUA,,0,NO_WF_DATA,Pattern ch횈째a c횄쨀 walk-forward,UPTREND,,0,No regime stats
2026-05-08,SCS,51.8,52.0,53.3,19.51,-1.33,-4.07,-2.45,-16.63,0.67,32.63,1.45,-0.1819,True,-2.81,-5.82,1.37,51.1,55.0,CACHE,2026-05-10 19:41:51,PRO_V10_EXPLAINABLE_AI_2026_05_01,25,65,65,BOTTOM_WATCH,FAIL,VOLUME WEAK; RS20 WEAK,SKIP,BOTTOM WATCH,31.0,D,B찼쨩혦 QUA,Th찼쨩혢 tr횈째찼쨩혶ng chung thu찼쨘짯n l찼쨩짙i; Bi찼쨘쩔n 횆혩찼쨩혲ng th찼쨘짜p; MACD Hist t횆혘ng,Risk/Action ch횈째a 횆혩찼쨘징t; RS20 y찼쨘쩔u; Volume y찼쨘쩔u,BOTTOM_WATCH_BOTTOM WATCH_UPTREND,55.0,0,Ch횈째a 횆혩찼쨩짠 l찼쨩혢ch s찼쨩짯,B찼쨩혦 QUA,,0,NO_WF_DATA,Pattern ch횈째a c횄쨀 walk-forward,UPTREND,,0,No regime stats
2026-05-08,SRC,54.9,53.98,53.38,51.96,3.58,6.6,4.57,-9.61,0.07,32.88,3.19,0.0908,True,2.86,-4.52,14.14,48.1,57.5,CACHE,2026-05-10 19:41:52,PRO_V10_EXPLAINABLE_AI_2026_05_01,65,50,65,MOMENTUM_WATCH,FAIL,VOLUME WEAK,SKIP,MOMENTUM WATCH,31.0,D,B찼쨩혦 QUA,Th찼쨩혢 tr횈째찼쨩혶ng chung thu찼쨘짯n l찼쨩짙i; Bi찼쨘쩔n 횆혩찼쨩혲ng th찼쨘짜p; MACD Hist t횆혘ng,Risk/Action ch횈째a 횆혩찼쨘징t; RS20 y찼쨘쩔u; Volume y찼쨘쩔u,MOMENTUM_WATCH_MOMENTUM WATCH_UPTREND,55.0,0,Ch횈째a 횆혩찼쨩짠 l찼쨩혢ch s찼쨩짯,B찼쨩혦 QUA,,0,NO_WF_DATA,Pattern ch횈째a c횄쨀 walk-forward,UPTREND,,0,No regime stats
2026-05-08,SSI,28.3,28.03,28.32,45.0,2.35,0.0,2.91,-11.27,0.69,22.69,2.08,0.0564,True,-0.08,-3.74,3.66,27.3,29.4,CACHE,2026-05-10 19:41:53,PRO_V10_EXPLAINABLE_AI_2026_05_01,35,65,65,BOTTOM_WATCH,FAIL,VOLUME WEAK; RS20 WEAK,SKIP,BOTTOM WATCH,31.0,D,B찼쨩혦 QUA,Th찼쨩혢 tr횈째찼쨩혶ng chung thu찼쨘짯n l찼쨩짙i; Bi찼쨘쩔n 횆혩찼쨩혲ng th찼쨘짜p; MACD Hist t횆혘ng,Risk/Action ch횈째a 횆혩찼쨘징t; RS20 y찼쨘쩔u; Volume y찼쨘쩔u,BOTTOM_WATCH_BOTTOM WATCH_UPTREND,55.0,0,Ch횈째a 횆혩찼쨩짠 l찼쨩혢ch s찼쨩짯,B찼쨩혦 QUA,,0,NO_WF_DATA,Pattern ch횈째a c횄쨀 walk-forward,UPTREND,,0,No regime stats
2026-05-08,TNG,20.4,20.78,21.61,16.67,-0.54,-5.47,-7.98,-22.16,0.91,54.83,2.96,-0.0673,False,-5.58,-12.6,1.9,20.02,23.34,CACHE,2026-05-10 19:41:55,PRO_V10_EXPLAINABLE_AI_2026_05_01,20,65,65,BOTTOM_WATCH,FAIL,RS20 WEAK,SKIP,BOTTOM WATCH,31.0,D,B찼쨩혦 QUA,Th찼쨩혢 tr횈째찼쨩혶ng chung thu찼쨘짯n l찼쨩짙i; Bi찼쨘쩔n 횆혩찼쨩혲ng th찼쨘짜p,Risk/Action ch횈째a 횆혩찼쨘징t; RS20 y찼쨘쩔u; MACD ch횈째a x횄징c nh찼쨘짯n,BOTTOM_WATCH_BOTTOM WATCH_UPTREND,55.0,0,Ch횈째a 횆혩찼쨩짠 l찼쨩혢ch s찼쨩짯,B찼쨩혦 QUA,,0,NO_WF_DATA,Pattern ch횈째a c횄쨀 walk-forward,UPTREND,,0,No regime stats
2026-05-08,ASM,6.06,6.14,5.85,56.91,7.64,6.32,7.45,-6.73,0.67,15.23,2.79,0.0526,False,3.56,-4.87,9.19,5.55,6.37,CACHE,2026-05-10 19:41:21,PRO_V10_EXPLAINABLE_AI_2026_05_01,65,40,65,MOMENTUM_WATCH,FAIL,VOLUME WEAK,SKIP,MOMENTUM WATCH,29.0,D,B찼쨩혦 QUA,Th찼쨩혢 tr횈째찼쨩혶ng chung thu찼쨘짯n l찼쨩짙i; Bi찼쨘쩔n 횆혩찼쨩혲ng th찼쨘짜p,Risk/Action ch횈째a 횆혩찼쨘징t; RS20 ch횈째a kh찼쨩혧e; Volume y찼쨘쩔u; MACD ch횈째a x횄징c nh찼쨘짯n,MOMENTUM_WATCH_MOMENTUM WATCH_UPTREND,55.0,0,Ch횈째a 횆혩찼쨩짠 l찼쨩혢ch s찼쨩짯,B찼쨩혦 QUA,,0,NO_WF_DATA,Pattern ch횈째a c횄쨀 walk-forward,UPTREND,,0,No regime stats
2026-05-08,PHP,36.3,36.66,35.36,61.76,1.11,1.68,10.67,-3.51,0.36,50.91,3.27,0.1382,False,2.67,-6.68,11.35,32.6,38.9,CACHE,2026-05-10 19:41:47,PRO_V10_EXPLAINABLE_AI_2026_05_01,55,65,65,BOTTOM_WATCH,FAIL,VOLUME WEAK,SKIP,BOTTOM WATCH,29.0,D,B찼쨩혦 QUA,Th찼쨩혢 tr횈째찼쨩혶ng chung thu찼쨘짯n l찼쨩짙i; Bi찼쨘쩔n 횆혩찼쨩혲ng th찼쨘짜p,Risk/Action ch횈째a 횆혩찼쨘징t; RS20 ch횈째a kh찼쨩혧e; Volume y찼쨘쩔u; MACD ch횈째a x횄징c nh찼쨘짯n,BOTTOM_WATCH_BOTTOM WATCH_UPTREND,55.0,0,Ch횈째a 횆혩찼쨩짠 l찼쨩혢ch s찼쨩짯,B찼쨩혦 QUA,,0,NO_WF_DATA,Pattern ch횈째a c횄쨀 walk-forward,UPTREND,,0,No regime stats
2026-05-08,IDI,6.27,6.43,6.58,17.65,-1.88,-5.86,-5.0,-19.18,1.63,21.82,2.35,-0.0159,False,-4.67,-8.33,0.0,6.27,6.84,CACHE,2026-05-10 19:41:38,PRO_V10_EXPLAINABLE_AI_2026_05_01,30,55,55,BOTTOM_WATCH,FAIL,RS20 WEAK,SKIP,BOTTOM WATCH,29.0,D,B찼쨩혦 QUA,Th찼쨩혢 tr횈째찼쨩혶ng chung thu찼쨘짯n l찼쨩짙i; Volume x횄징c nh찼쨘짯n m찼쨘징nh; Bi찼쨘쩔n 횆혩찼쨩혲ng th찼쨘짜p,Risk/Action ch횈째a 횆혩찼쨘징t; RS20 y찼쨘쩔u; MACD ch횈째a x횄징c nh찼쨘짯n,BOTTOM_WATCH_BOTTOM WATCH_UPTREND,55.0,0,Ch횈째a 횆혩찼쨩짠 l찼쨩혢ch s찼쨩짯,B찼쨩혦 QUA,,0,NO_WF_DATA,Pattern ch횈째a c횄쨀 walk-forward,UPTREND,,0,No regime stats
2026-05-08,LCG,9.62,9.85,10.03,29.13,-3.32,-3.7,0.84,-13.34,1.51,20.98,2.23,-0.0432,False,-4.08,-8.82,0.73,9.55,10.55,CACHE,2026-05-10 19:41:41,PRO_V10_EXPLAINABLE_AI_2026_05_01,30,55,55,BOTTOM_WATCH,FAIL,RS20 WEAK,SKIP,BOTTOM WATCH,29.0,D,B찼쨩혦 QUA,Th찼쨩혢 tr횈째찼쨩혶ng chung thu찼쨘짯n l찼쨩짙i; Volume x횄징c nh찼쨘짯n m찼쨘징nh; Bi찼쨘쩔n 횆혩찼쨩혲ng th찼쨘짜p,Risk/Action ch횈째a 횆혩찼쨘징t; RS20 y찼쨘쩔u; MACD ch횈째a x횄징c nh찼쨘짯n,BOTTOM_WATCH_BOTTOM WATCH_UPTREND,55.0,0,Ch횈째a 횆혩찼쨩짠 l찼쨩혢ch s찼쨩짯,B찼쨩혦 QUA,,0,NO_WF_DATA,Pattern ch횈째a c횄쨀 walk-forward,UPTREND,,0,No regime stats
2026-05-08,NT2,23.0,24.15,25.26,20.75,-4.96,-11.03,-8.73,-22.91,3.39,45.88,3.09,-0.1648,False,-8.96,-14.18,0.44,22.9,26.8,CACHE,2026-05-10 19:41:44,PRO_V10_EXPLAINABLE_AI_2026_05_01,30,55,55,BOTTOM_WATCH,FAIL,RS20 WEAK,SKIP,BOTTOM WATCH,29.0,D,B찼쨩혦 QUA,Th찼쨩혢 tr횈째찼쨩혶ng chung thu찼쨘짯n l찼쨩짙i; Volume x횄징c nh찼쨘짯n m찼쨘징nh; Bi찼쨘쩔n 횆혩찼쨩혲ng th찼쨘짜p,Risk/Action ch횈째a 횆혩찼쨘징t; RS20 y찼쨘쩔u; MACD ch횈째a x횄징c nh찼쨘짯n,BOTTOM_WATCH_BOTTOM WATCH_UPTREND,55.0,0,Ch횈째a 횆혩찼쨩짠 l찼쨩혢ch s찼쨩짯,B찼쨩혦 QUA,,0,NO_WF_DATA,Pattern ch횈째a c횄쨀 walk-forward,UPTREND,,0,No regime stats
2026-05-08,TPB,16.0,16.17,16.28,27.78,-1.54,-1.54,1.59,-12.59,1.61,22.66,1.58,-0.0163,False,-1.73,-5.33,0.31,15.95,16.9,CACHE,2026-05-10 19:41:55,PRO_V10_EXPLAINABLE_AI_2026_05_01,30,55,55,BOTTOM_WATCH,FAIL,RS20 WEAK,SKIP,BOTTOM WATCH,29.0,D,B찼쨩혦 QUA,Th찼쨩혢 tr횈째찼쨩혶ng chung thu찼쨘짯n l찼쨩짙i; Volume x횄징c nh찼쨘짯n m찼쨘징nh; Bi찼쨘쩔n 횆혩찼쨩혲ng th찼쨘짜p,Risk/Action ch횈째a 횆혩찼쨘징t; RS20 y찼쨘쩔u; MACD ch횈째a x횄징c nh찼쨘짯n,BOTTOM_WATCH_BOTTOM WATCH_UPTREND,55.0,0,Ch횈째a 횆혩찼쨩짠 l찼쨩혢ch s찼쨩짯,B찼쨩혦 QUA,,0,NO_WF_DATA,Pattern ch횈째a c횄쨀 walk-forward,UPTREND,,0,No regime stats
2026-05-08,ANV,23.3,23.64,24.4,36.47,-2.51,-6.61,-1.69,-15.87,0.53,26.56,2.67,-0.1227,False,-4.53,-8.98,1.3,23.0,25.6,CACHE,2026-05-10 19:41:20,PRO_V10_EXPLAINABLE_AI_2026_05_01,20,70,70,BOTTOM,FAIL,VOLUME WEAK; RS20 WEAK,SKIP,BOTTOM,26.0,D,B찼쨩혦 QUA,Th찼쨩혢 tr횈째찼쨩혶ng chung thu찼쨘짯n l찼쨩짙i; Bi찼쨘쩔n 횆혩찼쨩혲ng th찼쨘짜p,Risk/Action ch횈째a 횆혩찼쨘징t; RS20 y찼쨘쩔u; Volume y찼쨘쩔u; MACD ch횈째a x횄징c nh찼쨘짯n,BOTTOM_BOTTOM_UPTREND,55.0,0,Ch횈째a 횆혩찼쨩짠 l찼쨩혢ch s찼쨩짯,B찼쨩혦 QUA,,0,NO_WF_DATA,Pattern ch횈째a c횄쨀 walk-forward,UPTREND,,0,No regime stats
2026-05-08,APG,4.87,4.93,5.06,30.11,-0.41,-4.51,-3.56,-17.74,0.46,41.19,2.52,0.0978,False,-3.74,-9.31,1.88,4.78,5.37,CACHE,2026-05-10 19:41:21,PRO_V10_EXPLAINABLE_AI_2026_05_01,20,70,70,BOTTOM,FAIL,VOLUME WEAK; RS20 WEAK,SKIP,BOTTOM,26.0,D,B찼쨩혦 QUA,Th찼쨩혢 tr횈째찼쨩혶ng chung thu찼쨘짯n l찼쨩짙i; Bi찼쨘쩔n 횆혩찼쨩혲ng th찼쨘짜p,Risk/Action ch횈째a 횆혩찼쨘징t; RS20 y찼쨘쩔u; Volume y찼쨘쩔u; MACD ch횈째a x횄징c nh찼쨘짯n,BOTTOM_BOTTOM_UPTREND,55.0,0,Ch횈째a 횆혩찼쨩짠 l찼쨩혢ch s찼쨩짯,B찼쨩혦 QUA,,0,NO_WF_DATA,Pattern ch횈째a c횄쨀 walk-forward,UPTREND,,0,No regime stats
2026-05-08,CEO,17.0,17.3,17.27,45.71,-4.49,0.59,3.66,-10.52,0.69,17.17,4.62,-0.0238,False,-1.53,-8.11,4.29,16.3,18.5,CACHE,2026-05-10 19:41:25,PRO_V10_EXPLAINABLE_AI_2026_05_01,25,70,70,BOTTOM,FAIL,VOLUME WEAK; RS20 WEAK,SKIP,BOTTOM,26.0,D,B찼쨩혦 QUA,Th찼쨩혢 tr횈째찼쨩혶ng chung thu찼쨘짯n l찼쨩짙i; Bi찼쨘쩔n 횆혩찼쨩혲ng th찼쨘짜p,Risk/Action ch횈째a 횆혩찼쨘징t; RS20 y찼쨘쩔u; Volume y찼쨘쩔u; MACD ch횈째a x횄징c nh찼쨘짯n,BOTTOM_BOTTOM_UPTREND,55.0,0,Ch횈째a 횆혩찼쨩짠 l찼쨩혢ch s찼쨩짯,B찼쨩혦 QUA,,0,NO_WF_DATA,Pattern ch횈째a c횄쨀 walk-forward,UPTREND,,0,No regime stats
2026-05-08,CII,18.45,18.67,18.98,37.33,-4.4,-0.81,3.07,-11.1,0.6,20.33,3.99,-0.1224,False,-2.78,-11.3,1.93,18.1,20.8,CACHE,2026-05-10 19:41:25,PRO_V10_EXPLAINABLE_AI_2026_05_01,20,70,70,BOTTOM,FAIL,VOLUME WEAK; RS20 WEAK,SKIP,BOTTOM,26.0,D,B찼쨩혦 QUA,Th찼쨩혢 tr횈째찼쨩혶ng chung thu찼쨘짯n l찼쨩짙i; Bi찼쨘쩔n 횆혩찼쨩혲ng th찼쨘짜p,Risk/Action ch횈째a 횆혩찼쨘징t; RS20 y찼쨘쩔u; Volume y찼쨘쩔u; MACD ch횈째a x횄징c nh찼쨘짯n,BOTTOM_BOTTOM_UPTREND,55.0,0,Ch횈째a 횆혩찼쨩짠 l찼쨩혢ch s찼쨩짯,B찼쨩혦 QUA,,0,NO_WF_DATA,Pattern ch횈째a c횄쨀 walk-forward,UPTREND,,0,No regime stats
2026-05-08,CRE,7.5,7.56,7.65,37.9,-2.22,-1.32,-5.06,-19.24,0.45,26.47,2.82,-0.0224,False,-1.98,-6.6,2.74,7.3,8.03,CACHE,2026-05-10 19:41:26,PRO_V10_EXPLAINABLE_AI_2026_05_01,20,70,70,BOTTOM,FAIL,VOLUME WEAK; RS20 WEAK,SKIP,BOTTOM,26.0,D,B찼쨩혦 QUA,Th찼쨩혢 tr횈째찼쨩혶ng chung thu찼쨘짯n l찼쨩짙i; Bi찼쨘쩔n 횆혩찼쨩혲ng th찼쨘짜p,Risk/Action ch횈째a 횆혩찼쨘징t; RS20 y찼쨘쩔u; Volume y찼쨘쩔u; MACD ch횈째a x횄징c nh찼쨘짯n,BOTTOM_BOTTOM_UPTREND,55.0,0,Ch횈째a 횆혩찼쨩짠 l찼쨩혢ch s찼쨩짯,B찼쨩혦 QUA,,0,NO_WF_DATA,Pattern ch횈째a c횄쨀 walk-forward,UPTREND,,0,No regime stats
2026-05-08,CTR,83.4,84.3,85.9,33.64,-2.91,-3.14,-0.71,-14.89,0.68,18.78,2.3,-0.2644,False,-2.9,-6.4,2.21,81.6,89.1,CACHE,2026-05-10 19:41:27,PRO_V10_EXPLAINABLE_AI_2026_05_01,10,70,70,BOTTOM,FAIL,VOLUME WEAK; RS20 WEAK,SKIP,BOTTOM,26.0,D,B찼쨩혦 QUA,Th찼쨩혢 tr횈째찼쨩혶ng chung thu찼쨘짯n l찼쨩짙i; Bi찼쨘쩔n 횆혩찼쨩혲ng th찼쨘짜p,Risk/Action ch횈째a 횆혩찼쨘징t; RS20 y찼쨘쩔u; Volume y찼쨘쩔u; MACD ch횈째a x횄징c nh찼쨘짯n,BOTTOM_BOTTOM_UPTREND,55.0,0,Ch횈째a 횆혩찼쨩짠 l찼쨩혢ch s찼쨩짯,B찼쨩혦 QUA,,0,NO_WF_DATA,Pattern ch횈째a c횄쨀 walk-forward,UPTREND,,0,No regime stats
2026-05-08,GIL,13.2,13.29,13.54,34.15,-2.22,-2.58,-2.58,-16.76,0.25,56.02,2.08,-0.015,False,-2.55,-6.71,1.54,13.0,14.15,CACHE,2026-05-10 19:41:33,PRO_V10_EXPLAINABLE_AI_2026_05_01,20,70,70,BOTTOM,FAIL,VOLUME WEAK; RS20 WEAK,SKIP,BOTTOM,26.0,D,B찼쨩혦 QUA,Th찼쨩혢 tr횈째찼쨩혶ng chung thu찼쨘짯n l찼쨩짙i; Bi찼쨘쩔n 횆혩찼쨩혲ng th찼쨘짜p,Risk/Action ch횈째a 횆혩찼쨘징t; RS20 y찼쨘쩔u; Volume y찼쨘쩔u; MACD ch횈째a x횄징c nh찼쨘짯n,BOTTOM_BOTTOM_UPTREND,55.0,0,Ch횈째a 횆혩찼쨩짠 l찼쨩혢ch s찼쨩짯,B찼쨩혦 QUA,,0,NO_WF_DATA,Pattern ch횈째a c횄쨀 walk-forward,UPTREND,,0,No regime stats
2026-05-08,OIL,14.2,14.48,14.62,40.62,0.71,-5.33,0.71,-13.47,0.78,34.51,3.97,0.0645,False,-2.91,-8.39,13.6,12.5,15.5,CACHE,2026-05-10 19:41:45,PRO_V10_EXPLAINABLE_AI_2026_05_01,20,70,70,BOTTOM,FAIL,RS20 WEAK,SKIP,BOTTOM,26.0,D,B찼쨩혦 QUA,Th찼쨩혢 tr횈째찼쨩혶ng chung thu찼쨘짯n l찼쨩짙i; Bi찼쨘쩔n 횆혩찼쨩혲ng th찼쨘짜p,Risk/Action ch횈째a 횆혩찼쨘징t; RS20 y찼쨘쩔u; Volume y찼쨘쩔u; MACD ch횈째a x횄징c nh찼쨘짯n,BOTTOM_BOTTOM_UPTREND,55.0,0,Ch횈째a 횆혩찼쨩짠 l찼쨩혢ch s찼쨩짯,B찼쨩혦 QUA,,0,NO_WF_DATA,Pattern ch횈째a c횄쨀 walk-forward,UPTREND,,0,No regime stats
2026-05-08,PLX,37.6,38.45,39.2,38.89,1.21,-4.45,-2.59,-16.77,0.56,16.51,3.86,0.2766,False,-4.08,-10.48,3.72,36.25,42.0,CACHE,2026-05-10 19:41:47,PRO_V10_EXPLAINABLE_AI_2026_05_01,10,70,70,BOTTOM,FAIL,VOLUME WEAK; RS20 WEAK,SKIP,BOTTOM,26.0,D,B찼쨩혦 QUA,Th찼쨩혢 tr횈째찼쨩혶ng chung thu찼쨘짯n l찼쨩짙i; Bi찼쨘쩔n 횆혩찼쨩혲ng th찼쨘짜p,Risk/Action ch횈째a 횆혩찼쨘징t; RS20 y찼쨘쩔u; Volume y찼쨘쩔u; MACD ch횈째a x횄징c nh찼쨘짯n,BOTTOM_BOTTOM_UPTREND,55.0,0,Ch횈째a 횆혩찼쨩짠 l찼쨩혢ch s찼쨩짯,B찼쨩혦 QUA,,0,NO_WF_DATA,Pattern ch횈째a c횄쨀 walk-forward,UPTREND,,0,No regime stats
2026-05-08,TVS,13.25,13.3,13.67,37.21,-3.28,-3.64,0.0,-14.18,0.45,42.97,2.78,-0.0427,False,-3.07,-7.34,1.92,13.0,14.3,CACHE,2026-05-10 19:41:56,PRO_V10_EXPLAINABLE_AI_2026_05_01,20,70,70,BOTTOM,FAIL,VOLUME WEAK; RS20 WEAK,SKIP,BOTTOM,26.0,D,B찼쨩혦 QUA,Th찼쨩혢 tr횈째찼쨩혶ng chung thu찼쨘짯n l찼쨩짙i; Bi찼쨘쩔n 횆혩찼쨩혲ng th찼쨘짜p,Risk/Action ch횈째a 횆혩찼쨘징t; RS20 y찼쨘쩔u; Volume y찼쨘쩔u; MACD ch횈째a x횄징c nh찼쨘짯n,BOTTOM_BOTTOM_UPTREND,55.0,0,Ch횈째a 횆혩찼쨩짠 l찼쨩혢ch s찼쨩짯,B찼쨩혦 QUA,,0,NO_WF_DATA,Pattern ch횈째a c횄쨀 walk-forward,UPTREND,,0,No regime stats
2026-05-08,VIB,16.05,16.09,16.36,40.1,-1.53,-1.59,1.39,-12.79,0.58,24.59,1.64,-0.049,False,-1.87,-6.2,1.26,15.85,17.11,CACHE,2026-05-10 19:41:58,PRO_V10_EXPLAINABLE_AI_2026_05_01,20,70,70,BOTTOM,FAIL,VOLUME WEAK; RS20 WEAK,SKIP,BOTTOM,26.0,D,B찼쨩혦 QUA,Th찼쨩혢 tr횈째찼쨩혶ng chung thu찼쨘짯n l찼쨩짙i; Bi찼쨘쩔n 횆혩찼쨩혲ng th찼쨘짜p,Risk/Action ch횈째a 횆혩찼쨘징t; RS20 y찼쨘쩔u; Volume y찼쨘쩔u; MACD ch횈째a x횄징c nh찼쨘짯n,BOTTOM_BOTTOM_UPTREND,55.0,0,Ch횈째a 횆혩찼쨩짠 l찼쨩혢ch s찼쨩짯,B찼쨩혦 QUA,,0,NO_WF_DATA,Pattern ch횈째a c횄쨀 walk-forward,UPTREND,,0,No regime stats
2026-05-08,PAN,32.75,32.27,31.99,66.67,3.97,0.31,4.47,-9.71,0.65,12.97,2.74,0.0647,True,2.38,-2.82,7.38,30.5,33.7,CACHE,2026-05-10 19:41:46,PRO_V10_EXPLAINABLE_AI_2026_05_01,60,50,60,MOMENTUM_WATCH,FAIL,VOLUME WEAK,SKIP,MOMENTUM WATCH,26.0,D,B찼쨩혦 QUA,Th찼쨩혢 tr횈째찼쨩혶ng chung thu찼쨘짯n l찼쨩짙i; Bi찼쨘쩔n 횆혩찼쨩혲ng th찼쨘짜p; MACD Hist t횆혘ng,Risk/Action ch횈째a 횆혩찼쨘징t; RS20 y찼쨘쩔u; Volume y찼쨘쩔u,MOMENTUM_WATCH_MOMENTUM WATCH_UPTREND,55.0,0,Ch횈째a 횆혩찼쨩짠 l찼쨩혢ch s찼쨩짯,B찼쨩혦 QUA,,0,NO_WF_DATA,Pattern ch횈째a c횄쨀 walk-forward,UPTREND,,0,No regime stats
2026-05-08,NLG,26.5,27.11,28.21,19.75,-4.5,-5.86,-4.33,-18.51,1.22,28.07,3.01,-0.2074,False,-6.07,-12.25,0.76,26.3,30.2,CACHE,2026-05-10 19:41:44,PRO_V10_EXPLAINABLE_AI_2026_05_01,30,55,55,BOTTOM_WATCH,FAIL,RS20 WEAK,SKIP,BOTTOM WATCH,25.0,D,B찼쨩혦 QUA,Th찼쨩혢 tr횈째찼쨩혶ng chung thu찼쨘짯n l찼쨩짙i; Volume 찼쨩혮n; Bi찼쨘쩔n 횆혩찼쨩혲ng th찼쨘짜p,Risk/Action ch횈째a 횆혩찼쨘징t; RS20 y찼쨘쩔u; MACD ch횈째a x횄징c nh찼쨘짯n,BOTTOM_WATCH_BOTTOM WATCH_UPTREND,55.0,0,Ch횈째a 횆혩찼쨩짠 l찼쨩혢ch s찼쨩짯,B찼쨩혦 QUA,,0,NO_WF_DATA,Pattern ch횈째a c횄쨀 walk-forward,UPTREND,,0,No regime stats
2026-05-08,SZC,26.7,27.14,28.15,22.5,-1.84,-5.82,-3.44,-17.61,1.44,20.86,2.29,-0.0729,False,-5.13,-10.85,0.95,26.45,29.95,CACHE,2026-05-10 19:41:54,PRO_V10_EXPLAINABLE_AI_2026_05_01,30,55,55,BOTTOM_WATCH,FAIL,RS20 WEAK,SKIP,BOTTOM WATCH,25.0,D,B찼쨩혦 QUA,Th찼쨩혢 tr횈째찼쨩혶ng chung thu찼쨘짯n l찼쨩짙i; Volume 찼쨩혮n; Bi찼쨘쩔n 횆혩찼쨩혲ng th찼쨘짜p,Risk/Action ch횈째a 횆혩찼쨘징t; RS20 y찼쨘쩔u; MACD ch횈째a x횄징c nh찼쨘짯n,BOTTOM_WATCH_BOTTOM WATCH_UPTREND,55.0,0,Ch횈째a 횆혩찼쨩짠 l찼쨩혢ch s찼쨩짯,B찼쨩혦 QUA,,0,NO_WF_DATA,Pattern ch횈째a c횄쨀 walk-forward,UPTREND,,0,No regime stats
2026-05-08,VIP,11.4,11.45,11.64,30.0,-0.44,-4.2,-0.87,-15.05,1.37,32.2,1.63,-0.0111,False,-2.04,-4.2,0.44,11.35,11.9,CACHE,2026-05-10 19:41:59,PRO_V10_EXPLAINABLE_AI_2026_05_01,30,55,55,BOTTOM_WATCH,FAIL,RS20 WEAK,SKIP,BOTTOM WATCH,25.0,D,B찼쨩혦 QUA,Th찼쨩혢 tr횈째찼쨩혶ng chung thu찼쨘짯n l찼쨩짙i; Volume 찼쨩혮n; Bi찼쨘쩔n 횆혩찼쨩혲ng th찼쨘짜p,Risk/Action ch횈째a 횆혩찼쨘징t; RS20 y찼쨘쩔u; MACD ch횈째a x횄징c nh찼쨘짯n,BOTTOM_WATCH_BOTTOM WATCH_UPTREND,55.0,0,Ch횈째a 횆혩찼쨩짠 l찼쨩혢ch s찼쨩짯,B찼쨩혦 QUA,,0,NO_WF_DATA,Pattern ch횈째a c횄쨀 walk-forward,UPTREND,,0,No regime stats
2026-05-08,APH,5.78,5.85,5.64,58.33,-0.86,4.52,5.47,-8.7,0.52,44.01,2.1,0.0383,False,2.43,-4.93,5.86,5.46,6.08,CACHE,2026-05-10 19:41:21,PRO_V10_EXPLAINABLE_AI_2026_05_01,65,40,65,MOMENTUM_WATCH,FAIL,VOLUME WEAK,SKIP,MOMENTUM WATCH,21.0,D,B찼쨩혦 QUA,Th찼쨩혢 tr횈째찼쨩혶ng chung thu찼쨘짯n l찼쨩짙i; Bi찼쨘쩔n 횆혩찼쨩혲ng th찼쨘짜p,Risk/Action ch횈째a 횆혩찼쨘징t; RS20 y찼쨘쩔u; Volume y찼쨘쩔u; MACD ch횈째a x횄징c nh찼쨘짯n,MOMENTUM_WATCH_MOMENTUM WATCH_UPTREND,55.0,0,Ch횈째a 횆혩찼쨩짠 l찼쨩혢ch s찼쨩짯,B찼쨩혦 QUA,,0,NO_WF_DATA,Pattern ch횈째a c횄쨀 walk-forward,UPTREND,,0,No regime stats
2026-05-08,SCR,5.71,5.86,6.11,17.92,-5.62,-6.85,-3.22,-17.4,0.88,28.76,2.83,-0.0428,False,-6.62,-11.2,0.0,5.71,6.43,CACHE,2026-05-10 19:41:50,PRO_V10_EXPLAINABLE_AI_2026_05_01,20,55,55,BOTTOM_WATCH,FAIL,RS20 WEAK,SKIP,BOTTOM WATCH,21.0,D,B찼쨩혦 QUA,Th찼쨩혢 tr횈째찼쨩혶ng chung thu찼쨘짯n l찼쨩짙i; Bi찼쨘쩔n 횆혩찼쨩혲ng th찼쨘짜p,Risk/Action ch횈째a 횆혩찼쨘징t; RS20 y찼쨘쩔u; MACD ch횈째a x횄징c nh찼쨘짯n,BOTTOM_WATCH_BOTTOM WATCH_UPTREND,55.0,0,Ch횈째a 횆혩찼쨩짠 l찼쨩혢ch s찼쨩짯,B찼쨩혦 QUA,,0,NO_WF_DATA,Pattern ch횈째a c횄쨀 walk-forward,UPTREND,,0,No regime stats
2026-05-08,VTO,11.95,12.03,11.91,59.09,-0.42,-0.42,3.02,-11.16,0.82,37.99,1.7,0.0118,False,0.36,-2.85,2.58,11.65,12.3,CACHE,2026-05-10 19:42:01,PRO_V10_EXPLAINABLE_AI_2026_05_01,55,50,55,WATCH,FAIL,RS20 WEAK,SKIP,WATCH,21.0,D,B찼쨩혦 QUA,Th찼쨩혢 tr횈째찼쨩혶ng chung thu찼쨘짯n l찼쨩짙i; Bi찼쨘쩔n 횆혩찼쨩혲ng th찼쨘짜p,Risk/Action ch횈째a 횆혩찼쨘징t; RS20 y찼쨘쩔u; MACD ch횈째a x횄징c nh찼쨘짯n,WATCH_WATCH_UPTREND,55.0,0,Ch횈째a 횆혩찼쨩짠 l찼쨩혢ch s찼쨩짯,B찼쨩혦 QUA,,0,NO_WF_DATA,Pattern ch횈째a c횄쨀 walk-forward,UPTREND,,0,No regime stats
2026-05-08,HSG,12.45,12.5,12.25,50.31,1.63,0.73,11.36,-2.82,0.59,28.92,2.39,0.0121,False,1.67,-3.11,8.83,11.44,12.85,CACHE,2026-05-10 19:41:37,PRO_V10_EXPLAINABLE_AI_2026_05_01,40,50,50,WATCH,FAIL,VOLUME WEAK,SKIP,WATCH,21.0,D,B찼쨩혦 QUA,Th찼쨩혢 tr횈째찼쨩혶ng chung thu찼쨘짯n l찼쨩짙i; Bi찼쨘쩔n 횆혩찼쨩혲ng th찼쨘짜p,Risk/Action ch횈째a 횆혩찼쨘징t; Volume y찼쨘쩔u; MACD ch횈째a x횄징c nh찼쨘짯n,WATCH_WATCH_UPTREND,55.0,0,Ch횈째a 횆혩찼쨩짠 l찼쨩혢ch s찼쨩짯,B찼쨩혦 QUA,,0,NO_WF_DATA,Pattern ch횈째a c횄쨀 walk-forward,UPTREND,,0,No regime stats
2026-05-08,NBB,17.5,17.72,18.0,25.0,-1.69,-2.23,-3.85,-18.02,1.49,49.61,2.49,-0.0601,False,-2.76,-4.89,2.94,17.0,18.4,CACHE,2026-05-10 19:41:43,PRO_V10_EXPLAINABLE_AI_2026_05_01,30,50,50,WATCH,FAIL,RS20 WEAK,SKIP,WATCH,20.0,D,B찼쨩혦 QUA,Th찼쨩혢 tr횈째찼쨩혶ng chung thu찼쨘짯n l찼쨩짙i; Volume 찼쨩혮n; Bi찼쨘쩔n 횆혩찼쨩혲ng th찼쨘짜p,Risk/Action ch횈째a 횆혩찼쨘징t; RS20 y찼쨘쩔u; MACD ch횈째a x횄징c nh찼쨘짯n,WATCH_WATCH_UPTREND,55.0,0,Ch횈째a 횆혩찼쨩짠 l찼쨩혢ch s찼쨩짯,B찼쨩혦 QUA,,0,NO_WF_DATA,Pattern ch횈째a c횄쨀 walk-forward,UPTREND,,0,No regime stats
2026-05-08,MWG,84.6,85.26,83.92,61.5,0.71,-1.17,8.46,-5.72,0.72,22.9,2.46,0.1546,False,0.81,-4.41,6.02,79.8,88.5,CACHE,2026-05-10 19:41:43,PRO_V10_EXPLAINABLE_AI_2026_05_01,55,50,55,WATCH,PASS,,SKIP,WATCH,19.0,D,B찼쨩혦 QUA,Th찼쨩혢 tr횈째찼쨩혶ng chung thu찼쨘짯n l찼쨩짙i; Bi찼쨘쩔n 횆혩찼쨩혲ng th찼쨘짜p,Risk/Action ch횈째a 횆혩찼쨘징t; RS20 ch횈째a kh찼쨩혧e; Volume y찼쨘쩔u; MACD ch횈째a x횄징c nh찼쨘짯n,WATCH_WATCH_UPTREND,55.0,0,Ch횈째a 횆혩찼쨩짠 l찼쨩혢ch s찼쨩짯,B찼쨩혦 QUA,,0,NO_WF_DATA,Pattern ch횈째a c횄쨀 walk-forward,UPTREND,,0,No regime stats
2026-05-08,BCM,53.0,53.38,54.61,40.48,-0.38,-4.68,-0.38,-14.55,0.73,16.08,2.28,-0.06,False,-2.95,-7.99,0.57,52.7,57.6,CACHE,2026-05-10 19:41:22,PRO_V10_EXPLAINABLE_AI_2026_05_01,10,60,60,BOTTOM_WATCH,FAIL,RS20 WEAK,SKIP,BOTTOM WATCH,16.0,D,B찼쨩혦 QUA,Th찼쨩혢 tr횈째찼쨩혶ng chung thu찼쨘짯n l찼쨩짙i; Bi찼쨘쩔n 횆혩찼쨩혲ng th찼쨘짜p,Risk/Action ch횈째a 횆혩찼쨘징t; RS20 y찼쨘쩔u; Volume y찼쨘쩔u; MACD ch횈째a x횄징c nh찼쨘짯n,BOTTOM_WATCH_BOTTOM WATCH_UPTREND,55.0,0,Ch횈째a 횆혩찼쨩짠 l찼쨩혢ch s찼쨩짯,B찼쨩혦 QUA,,0,NO_WF_DATA,Pattern ch횈째a c횄쨀 walk-forward,UPTREND,,0,No regime stats
2026-05-08,SBT,20.4,20.4,20.53,14.29,0.25,-0.73,-0.97,-15.15,0.78,75.94,1.12,0.0197,True,-0.62,-1.45,1.75,20.05,20.7,CACHE,2026-05-10 19:41:50,PRO_V10_EXPLAINABLE_AI_2026_05_01,25,50,50,WATCH,FAIL,RS20 WEAK,SKIP,WATCH,16.0,D,B찼쨩혦 QUA,Th찼쨩혢 tr횈째찼쨩혶ng chung thu찼쨘짯n l찼쨩짙i; Bi찼쨘쩔n 횆혩찼쨩혲ng th찼쨘짜p; MACD Hist t횆혘ng,Risk/Action ch횈째a 횆혩찼쨘징t; RS20 y찼쨘쩔u; Volume y찼쨘쩔u,WATCH_WATCH_UPTREND,55.0,0,Ch횈째a 횆혩찼쨩짠 l찼쨩혢ch s찼쨩짯,B찼쨩혦 QUA,,0,NO_WF_DATA,Pattern ch횈째a c횄쨀 walk-forward,UPTREND,,0,No regime stats
2026-05-08,DXG,15.45,15.51,15.15,53.45,0.65,5.1,11.15,-3.03,0.58,14.59,3.14,0.0503,False,1.98,-4.33,8.42,14.25,16.15,CACHE,2026-05-10 19:41:30,PRO_V10_EXPLAINABLE_AI_2026_05_01,40,50,50,WATCH,FAIL,VOLUME WEAK,SKIP,WATCH,14.0,D,B찼쨩혦 QUA,Th찼쨩혢 tr횈째찼쨩혶ng chung thu찼쨘짯n l찼쨩짙i; Bi찼쨘쩔n 횆혩찼쨩혲ng th찼쨘짜p,Risk/Action ch횈째a 횆혩찼쨘징t; RS20 ch횈째a kh찼쨩혧e; Volume y찼쨘쩔u; MACD ch횈째a x횄징c nh찼쨘짯n,WATCH_WATCH_UPTREND,55.0,0,Ch횈째a 횆혩찼쨩짠 l찼쨩혢ch s찼쨩짯,B찼쨩혦 QUA,,0,NO_WF_DATA,Pattern ch횈째a c횄쨀 walk-forward,UPTREND,,0,No regime stats
2026-05-08,BAF,35.6,35.88,36.01,37.04,-1.25,-2.86,2.45,-11.73,0.78,45.92,1.44,-0.0692,False,-1.13,-4.3,3.04,34.55,37.2,CACHE,2026-05-10 19:41:22,PRO_V10_EXPLAINABLE_AI_2026_05_01,20,55,55,BOTTOM_WATCH,FAIL,RS20 WEAK,SKIP,BOTTOM WATCH,11.0,D,B찼쨩혦 QUA,Th찼쨩혢 tr횈째찼쨩혶ng chung thu찼쨘짯n l찼쨩짙i; Bi찼쨘쩔n 횆혩찼쨩혲ng th찼쨘짜p,Risk/Action ch횈째a 횆혩찼쨘징t; RS20 y찼쨘쩔u; Volume y찼쨘쩔u; MACD ch횈째a x횄징c nh찼쨘짯n,BOTTOM_WATCH_BOTTOM WATCH_UPTREND,55.0,0,Ch횈째a 횆혩찼쨩짠 l찼쨩혢ch s찼쨩짯,B찼쨩혦 QUA,,0,NO_WF_DATA,Pattern ch횈째a c횄쨀 walk-forward,UPTREND,,0,No regime stats
2026-05-08,IVS,6.5,6.5,6.54,50.0,1.56,-1.52,-7.14,-21.32,0.12,19.5,2.97,0.0504,False,-0.61,-10.96,6.56,6.1,7.3,CACHE,2026-05-10 19:41:39,PRO_V10_EXPLAINABLE_AI_2026_05_01,10,55,55,BOTTOM_WATCH,FAIL,VOLUME WEAK; RS20 WEAK,SKIP,BOTTOM WATCH,11.0,D,B찼쨩혦 QUA,Th찼쨩혢 tr횈째찼쨩혶ng chung thu찼쨘짯n l찼쨩짙i; Bi찼쨘쩔n 횆혩찼쨩혲ng th찼쨘짜p,Risk/Action ch횈째a 횆혩찼쨘징t; RS20 y찼쨘쩔u; Volume y찼쨘쩔u; MACD ch횈째a x횄징c nh찼쨘짯n,BOTTOM_WATCH_BOTTOM WATCH_UPTREND,55.0,0,Ch횈째a 횆혩찼쨩짠 l찼쨩혢ch s찼쨩짯,B찼쨩혦 QUA,,0,NO_WF_DATA,Pattern ch횈째a c횄쨀 walk-forward,UPTREND,,0,No regime stats
2026-05-08,NKG,14.15,14.25,14.44,29.03,-1.39,-2.41,4.43,-9.75,0.42,27.29,2.4,-0.0376,False,-2.03,-7.82,2.54,13.8,15.35,CACHE,2026-05-10 19:41:44,PRO_V10_EXPLAINABLE_AI_2026_05_01,20,55,55,BOTTOM_WATCH,FAIL,VOLUME WEAK,SKIP,BOTTOM WATCH,11.0,D,B찼쨩혦 QUA,Th찼쨩혢 tr횈째찼쨩혶ng chung thu찼쨘짯n l찼쨩짙i; Bi찼쨘쩔n 횆혩찼쨩혲ng th찼쨘짜p,Risk/Action ch횈째a 횆혩찼쨘징t; RS20 y찼쨘쩔u; Volume y찼쨘쩔u; MACD ch횈째a x횄징c nh찼쨘짯n,BOTTOM_WATCH_BOTTOM WATCH_UPTREND,55.0,0,Ch횈째a 횆혩찼쨩짠 l찼쨩혢ch s찼쨩짯,B찼쨩혦 QUA,,0,NO_WF_DATA,Pattern ch횈째a c횄쨀 walk-forward,UPTREND,,0,No regime stats
2026-05-08,PDR,16.35,16.48,16.37,46.43,-0.61,1.24,4.14,-10.04,0.71,9.43,2.88,0.0177,False,-0.12,-4.39,4.14,15.7,17.1,CACHE,2026-05-10 19:41:46,PRO_V10_EXPLAINABLE_AI_2026_05_01,25,55,55,BOTTOM_WATCH,FAIL,RS20 WEAK,SKIP,BOTTOM WATCH,11.0,D,B찼쨩혦 QUA,Th찼쨩혢 tr횈째찼쨩혶ng chung thu찼쨘짯n l찼쨩짙i; Bi찼쨘쩔n 횆혩찼쨩혲ng th찼쨘짜p,Risk/Action ch횈째a 횆혩찼쨘징t; RS20 y찼쨘쩔u; Volume y찼쨘쩔u; MACD ch횈째a x횄징c nh찼쨘짯n,BOTTOM_WATCH_BOTTOM WATCH_UPTREND,55.0,0,Ch횈째a 횆혩찼쨩짠 l찼쨩혢ch s찼쨩짯,B찼쨩혦 QUA,,0,NO_WF_DATA,Pattern ch횈째a c횄쨀 walk-forward,UPTREND,,0,No regime stats
2026-05-08,PVS,38.7,39.5,38.55,50.0,1.84,0.52,3.48,-10.7,0.66,55.89,4.85,0.3149,False,0.4,-6.3,10.57,35.0,41.3,CACHE,2026-05-10 19:41:49,PRO_V10_EXPLAINABLE_AI_2026_05_01,40,55,55,BOTTOM_WATCH,FAIL,VOLUME WEAK; RS20 WEAK,SKIP,BOTTOM WATCH,11.0,D,B찼쨩혦 QUA,Th찼쨩혢 tr횈째찼쨩혶ng chung thu찼쨘짯n l찼쨩짙i; Bi찼쨘쩔n 횆혩찼쨩혲ng th찼쨘짜p,Risk/Action ch횈째a 횆혩찼쨘징t; RS20 y찼쨘쩔u; Volume y찼쨘쩔u; MACD ch횈째a x횄징c nh찼쨘짯n,BOTTOM_WATCH_BOTTOM WATCH_UPTREND,55.0,0,Ch횈째a 횆혩찼쨩짠 l찼쨩혢ch s찼쨩짯,B찼쨩혦 QUA,,0,NO_WF_DATA,Pattern ch횈째a c횄쨀 walk-forward,UPTREND,,0,No regime stats
2026-05-08,PVT,22.1,22.79,22.26,54.1,0.45,0.0,5.74,-8.44,0.54,17.17,4.72,0.0855,False,-0.72,-9.24,5.74,20.9,24.35,CACHE,2026-05-10 19:41:49,PRO_V10_EXPLAINABLE_AI_2026_05_01,25,55,55,BOTTOM_WATCH,FAIL,VOLUME WEAK,SKIP,BOTTOM WATCH,11.0,D,B찼쨩혦 QUA,Th찼쨩혢 tr횈째찼쨩혶ng chung thu찼쨘짯n l찼쨩짙i; Bi찼쨘쩔n 횆혩찼쨩혲ng th찼쨘짜p,Risk/Action ch횈째a 횆혩찼쨘징t; RS20 y찼쨘쩔u; Volume y찼쨘쩔u; MACD ch횈째a x횄징c nh찼쨘짯n,BOTTOM_WATCH_BOTTOM WATCH_UPTREND,55.0,0,Ch횈째a 횆혩찼쨩짠 l찼쨩혢ch s찼쨩짯,B찼쨩혦 QUA,,0,NO_WF_DATA,Pattern ch횈째a c횄쨀 walk-forward,UPTREND,,0,No regime stats
2026-05-08,TCL,34.35,34.37,33.95,65.71,1.03,1.33,1.93,-12.25,0.6,25.21,0.81,0.0683,False,1.17,-1.58,3.15,33.3,34.9,CACHE,2026-05-10 19:41:55,PRO_V10_EXPLAINABLE_AI_2026_05_01,55,40,55,WATCH,FAIL,VOLUME WEAK; RS20 WEAK,SKIP,WATCH,11.0,D,B찼쨩혦 QUA,Th찼쨩혢 tr횈째찼쨩혶ng chung thu찼쨘짯n l찼쨩짙i; Bi찼쨘쩔n 횆혩찼쨩혲ng th찼쨘짜p,Risk/Action ch횈째a 횆혩찼쨘징t; RS20 y찼쨘쩔u; Volume y찼쨘쩔u; MACD ch횈째a x횄징c nh찼쨘짯n,WATCH_WATCH_UPTREND,55.0,0,Ch횈째a 횆혩찼쨩짠 l찼쨩혢ch s찼쨩짯,B찼쨩혦 QUA,,0,NO_WF_DATA,Pattern ch횈째a c횄쨀 walk-forward,UPTREND,,0,No regime stats
2026-05-08,VNM,60.9,61.18,61.6,44.12,0.0,-1.14,-0.16,-14.34,0.74,27.3,1.71,0.0462,False,-1.14,-4.84,1.0,60.3,64.0,CACHE,2026-05-10 19:42:00,PRO_V10_EXPLAINABLE_AI_2026_05_01,20,55,55,BOTTOM_WATCH,FAIL,RS20 WEAK,SKIP,BOTTOM WATCH,11.0,D,B찼쨩혦 QUA,Th찼쨩혢 tr횈째찼쨩혶ng chung thu찼쨘짯n l찼쨩짙i; Bi찼쨘쩔n 횆혩찼쨩혲ng th찼쨘짜p,Risk/Action ch횈째a 횆혩찼쨘징t; RS20 y찼쨘쩔u; Volume y찼쨘쩔u; MACD ch횈째a x횄징c nh찼쨘짯n,BOTTOM_WATCH_BOTTOM WATCH_UPTREND,55.0,0,Ch횈째a 횆혩찼쨩짠 l찼쨩혢ch s찼쨩짯,B찼쨩혦 QUA,,0,NO_WF_DATA,Pattern ch횈째a c횄쨀 walk-forward,UPTREND,,0,No regime stats
2026-05-08,DRC,12.65,12.72,13.15,15.38,-1.94,-4.89,-3.44,-17.61,0.61,34.56,1.98,-0.0148,False,-3.78,-7.66,0.4,12.6,13.7,CACHE,2026-05-10 19:41:30,PRO_V10_EXPLAINABLE_AI_2026_05_01,20,45,45,WATCH,FAIL,VOLUME WEAK; RS20 WEAK,SKIP,WATCH,1.0,D,B찼쨩혦 QUA,Th찼쨩혢 tr횈째찼쨩혶ng chung thu찼쨘짯n l찼쨩짙i; Bi찼쨘쩔n 횆혩찼쨩혲ng th찼쨘짜p,Risk/Action ch횈째a 횆혩찼쨘징t; RS20 y찼쨘쩔u; Volume y찼쨘쩔u; MACD ch횈째a x횄징c nh찼쨘짯n,WATCH_WATCH_UPTREND,55.0,0,Ch횈째a 횆혩찼쨩짠 l찼쨩혢ch s찼쨩짯,B찼쨩혦 QUA,,0,NO_WF_DATA,Pattern ch횈째a c횄쨀 walk-forward,UPTREND,,0,No regime stats
2026-05-08,IJC,10.05,10.15,10.32,27.27,-0.99,-2.43,0.5,-13.68,0.59,28.33,1.88,-0.0272,False,-2.62,-7.8,0.5,10.0,10.9,CACHE,2026-05-10 19:41:38,PRO_V10_EXPLAINABLE_AI_2026_05_01,20,45,45,WATCH,FAIL,VOLUME WEAK; RS20 WEAK,SKIP,WATCH,1.0,D,B찼쨩혦 QUA,Th찼쨩혢 tr횈째찼쨩혶ng chung thu찼쨘짯n l찼쨩짙i; Bi찼쨘쩔n 횆혩찼쨩혲ng th찼쨘짜p,Risk/Action ch횈째a 횆혩찼쨘징t; RS20 y찼쨘쩔u; Volume y찼쨘쩔u; MACD ch횈째a x횄징c nh찼쨘짯n,WATCH_WATCH_UPTREND,55.0,0,Ch횈째a 횆혩찼쨩짠 l찼쨩혢ch s찼쨩짯,B찼쨩혦 QUA,,0,NO_WF_DATA,Pattern ch횈째a c횄쨀 walk-forward,UPTREND,,0,No regime stats
2026-05-08,KSB,15.8,16.06,16.22,29.73,-1.86,-1.25,1.94,-12.24,0.65,14.48,1.94,-0.0137,False,-2.57,-7.6,0.64,15.7,17.1,CACHE,2026-05-10 19:41:40,PRO_V10_EXPLAINABLE_AI_2026_05_01,10,45,45,WATCH,FAIL,VOLUME WEAK; RS20 WEAK,SKIP,WATCH,1.0,D,B찼쨩혦 QUA,Th찼쨩혢 tr횈째찼쨩혶ng chung thu찼쨘짯n l찼쨩짙i; Bi찼쨘쩔n 횆혩찼쨩혲ng th찼쨘짜p,Risk/Action ch횈째a 횆혩찼쨘징t; RS20 y찼쨘쩔u; Volume y찼쨘쩔u; MACD ch횈째a x횄징c nh찼쨘짯n,WATCH_WATCH_UPTREND,55.0,0,Ch횈째a 횆혩찼쨩짠 l찼쨩혢ch s찼쨩짯,B찼쨩혦 QUA,,0,NO_WF_DATA,Pattern ch횈째a c횄쨀 walk-forward,UPTREND,,0,No regime stats
2026-05-08,SKG,9.6,9.66,9.46,69.14,0.52,1.91,5.15,-9.03,0.48,11.27,1.66,0.0322,False,1.45,-1.03,6.19,9.04,9.7,CACHE,2026-05-10 19:41:52,PRO_V10_EXPLAINABLE_AI_2026_05_01,45,40,45,WATCH,FAIL,VOLUME WEAK,SKIP,WATCH,1.0,D,B찼쨩혦 QUA,Th찼쨩혢 tr횈째찼쨩혶ng chung thu찼쨘짯n l찼쨩짙i; Bi찼쨘쩔n 횆혩찼쨩혲ng th찼쨘짜p,Risk/Action ch횈째a 횆혩찼쨘징t; RS20 y찼쨘쩔u; Volume y찼쨘쩔u; MACD ch횈째a x횄징c nh찼쨘짯n,WATCH_WATCH_UPTREND,55.0,0,Ch횈째a 횆혩찼쨩짠 l찼쨩혢ch s찼쨩짯,B찼쨩혦 QUA,,0,NO_WF_DATA,Pattern ch횈째a c횄쨀 walk-forward,UPTREND,,0,No regime stats
