NgÃ y,MÃ£,Close,Signal,Chiáº¿n lÆ°á»£c,Action,Score,AI Confidence,AI Grade,AI Action,RSI,Ret5 %,Ret10 %,Ret20 %,RS20,Volume Ratio,ADX,ATR %,Dist MA20 %,Risk Status,Fetch Mode,Run At,Market Ret20,Market Regime,Pattern Key,Ret+3D %,Ret+5D %,Ret+10D %,Max+10D %,Min+10D %,Outcome
2026-05-01,TPB,16.25,ð WATCH,WATCH,SKIP,40,0.0,D,Bá» QUA,50.0,-0.31,-0.91,-0.61,-9.49,0.6,28.62,1.78,0.11,FAIL,CACHE,2026-05-01 13:38:10,8.88,UPTREND,UPTREND|WATCH|SKIP|RSI_MID|RS_BAD|VOL_LOW|ATR_LOW|ABOVE_MA20,,,,,,PENDING
2026-05-01,VOS,12.6,ð BOTTOM WATCH,BOTTOM_WATCH,SKIP,65,26.0,D,Bá» QUA,45.45,-0.4,-1.95,-1.56,-10.44,0.83,26.62,2.58,-0.96,FAIL,CACHE,2026-05-01 13:38:10,8.88,UPTREND,UPTREND|BOTTOM_WATCH|SKIP|RSI_MID|RS_BAD|VOL_LOW|ATR_LOW|BELOW_MA20,,,,,,PENDING
2026-05-01,SRC,52.5,ð§² BOTTOM,BOTTOM,SKIP,80,62.0,B,THEO DÃI,47.93,-2.23,-1.32,-7.41,-16.28,2.83,29.99,4.03,-1.19,FAIL,CACHE,2026-05-01 13:38:10,8.88,UPTREND,UPTREND|BOTTOM|SKIP|RSI_MID|RS_BAD|VOL_STRONG|ATR_LOW|BELOW_MA20,,,,,,PENDING
2026-05-01,VTO,12.0,ð BOTTOM WATCH,BOTTOM_WATCH,WATCHLIST,60,62.0,B,THEO DÃI,65.0,0.42,2.13,2.56,-6.31,1.2,33.26,1.67,1.48,PASS,CACHE,2026-05-01 13:38:10,8.88,UPTREND,UPTREND|BOTTOM_WATCH|WATCHLIST|RSI_MID_HIGH|RS_WEAK|VOL_OK|ATR_LOW|ABOVE_MA20,,,,,,PENDING
2026-05-01,TVS,13.7,ð§² BOTTOM,BOTTOM,BUY NOW,85,100.0,A+,MUA Æ¯U TIÃN,46.34,0.74,-0.72,1.48,-7.4,0.97,43.08,2.53,0.02,PASS,CACHE,2026-05-01 13:38:10,8.88,UPTREND,UPTREND|BOTTOM|BUY NOW|RSI_MID|RS_WEAK|VOL_LOW|ATR_LOW|ABOVE_MA20,,,,,,PENDING
2026-05-01,VCB,59.8,ð§² BOTTOM,BOTTOM,BUY NOW,75,74.0,B+,CHá» XÃC NHáº¬N,52.0,0.67,-0.17,1.36,-7.52,0.81,50.89,2.2,0.46,PASS,CACHE,2026-05-01 13:38:10,8.88,UPTREND,UPTREND|BOTTOM|BUY NOW|RSI_MID|RS_WEAK|VOL_LOW|ATR_LOW|ABOVE_MA20,,,,,,PENDING
2026-05-01,SCR,6.05,ð§² BOTTOM,BOTTOM,SKIP,90,59.0,C,THEO DÃI,30.77,-1.31,-5.32,-4.42,-13.3,1.03,25.45,2.17,-1.91,FAIL,CACHE,2026-05-01 13:38:10,8.88,UPTREND,UPTREND|BOTTOM|SKIP|RSI_LOW|RS_BAD|VOL_OK|ATR_LOW|BELOW_MA20,,,,,,PENDING
2026-05-01,VHC,61.2,ð MOMENTUM WATCH,MOMENTUM_WATCH,WATCHLIST,65,86.0,A,THEO DÃI Máº NH,57.14,-1.61,0.33,3.9,-4.97,1.22,35.58,2.14,0.81,PASS,CACHE,2026-05-01 13:38:10,8.88,UPTREND,UPTREND|MOMENTUM_WATCH|WATCHLIST|RSI_MID_HIGH|RS_WEAK|VOL_OK|ATR_LOW|ABOVE_MA20,,,,,,PENDING
2026-05-01,VCI,26.2,ð BOTTOM WATCH,BOTTOM_WATCH,SKIP,65,12.0,D,Bá» QUA,25.0,-1.32,-5.42,-4.2,-13.08,1.06,28.31,2.48,-3.69,FAIL,CACHE,2026-05-01 13:38:10,8.88,UPTREND,UPTREND|BOTTOM_WATCH|SKIP|RSI_WEAK|RS_BAD|VOL_OK|ATR_LOW|BELOW_MA20,,,,,,PENDING
2026-05-01,VSC,21.35,ð BOTTOM WATCH,BOTTOM_WATCH,SKIP,65,10.0,D,Bá» QUA,7.23,-7.38,-12.14,-11.96,-20.84,1.06,28.82,3.8,-9.46,FAIL,CACHE,2026-05-01 13:38:10,8.88,UPTREND,UPTREND|BOTTOM_WATCH|SKIP|RSI_WEAK|RS_BAD|VOL_OK|ATR_LOW|BELOW_MA20,,,,,,PENDING
2026-05-01,SGT,15.3,ð BOTTOM WATCH,BOTTOM_WATCH,SKIP,65,19.0,D,Bá» QUA,33.33,0.0,-0.33,-3.16,-12.04,0.11,44.59,2.22,-0.71,FAIL,CACHE,2026-05-01 13:38:10,8.88,UPTREND,UPTREND|BOTTOM_WATCH|SKIP|RSI_LOW|RS_BAD|VOL_LOW|ATR_LOW|BELOW_MA20,,,,,,PENDING
2026-05-01,VNM,60.9,ð BOTTOM WATCH,BOTTOM_WATCH,SKIP,55,6.0,D,Bá» QUA,40.43,-1.46,-0.65,-0.65,-9.53,0.65,32.98,1.99,-0.95,FAIL,CACHE,2026-05-01 13:38:10,8.88,UPTREND,UPTREND|BOTTOM_WATCH|SKIP|RSI_LOW|RS_BAD|VOL_LOW|ATR_LOW|BELOW_MA20,,,,,,PENDING
2026-05-01,VCG,22.15,ð§² BOTTOM,BOTTOM,SKIP,70,21.0,D,Bá» QUA,40.7,2.31,-1.12,-1.56,-10.43,0.54,13.5,3.05,-0.21,FAIL,CACHE,2026-05-01 13:38:10,8.88,UPTREND,UPTREND|BOTTOM|SKIP|RSI_LOW|RS_BAD|VOL_LOW|ATR_LOW|BELOW_MA20,,,,,,PENDING
2026-05-01,SSI,27.65,ð§² BOTTOM,BOTTOM,SKIP,70,14.0,D,Bá» QUA,30.36,-1.78,-3.66,-0.9,-9.77,0.55,32.02,1.96,-1.77,FAIL,CACHE,2026-05-01 13:38:10,8.88,UPTREND,UPTREND|BOTTOM|SKIP|RSI_LOW|RS_BAD|VOL_LOW|ATR_LOW|BELOW_MA20,,,,,,PENDING
2026-05-01,SKG,9.55,ð BOTTOM WATCH,BOTTOM_WATCH,WATCHLIST,60,53.0,C,THEO DÃI,71.43,1.6,2.8,3.58,-5.3,0.9,10.68,1.8,2.1,PASS,CACHE,2026-05-01 13:38:10,8.88,UPTREND,UPTREND|BOTTOM_WATCH|WATCHLIST|RSI_MID_HIGH|RS_WEAK|VOL_LOW|ATR_LOW|ABOVE_MA20,,,,,,PENDING
2026-05-01,SHS,16.9,ð BOTTOM WATCH,BOTTOM_WATCH,SKIP,65,15.0,D,Bá» QUA,28.0,-2.31,-7.14,-3.43,-12.31,0.37,26.16,3.68,-3.46,FAIL,CACHE,2026-05-01 13:38:10,8.88,UPTREND,UPTREND|BOTTOM_WATCH|SKIP|RSI_WEAK|RS_BAD|VOL_LOW|ATR_LOW|BELOW_MA20,,,,,,PENDING
2026-05-01,TNG,21.0,ð BOTTOM WATCH,BOTTOM_WATCH,SKIP,65,15.0,D,Bá» QUA,14.29,-4.98,-8.3,-12.86,-21.74,0.79,48.0,3.37,-6.38,FAIL,CACHE,2026-05-01 13:38:10,8.88,UPTREND,UPTREND|BOTTOM_WATCH|SKIP|RSI_WEAK|RS_BAD|VOL_LOW|ATR_LOW|BELOW_MA20,,,,,,PENDING
2026-05-01,VIX,16.7,ð BOTTOM WATCH,BOTTOM_WATCH,SKIP,65,15.0,D,Bá» QUA,22.92,-2.05,-8.24,-1.76,-10.64,0.44,27.53,3.4,-2.95,FAIL,CACHE,2026-05-01 13:38:10,8.88,UPTREND,UPTREND|BOTTOM_WATCH|SKIP|RSI_WEAK|RS_BAD|VOL_LOW|ATR_LOW|BELOW_MA20,,,,,,PENDING
2026-05-01,SSB,16.7,ð BOTTOM WATCH,BOTTOM_WATCH,SKIP,60,12.0,D,Bá» QUA,26.32,-0.6,-1.18,-1.76,-10.64,0.93,18.14,1.37,-0.86,FAIL,CACHE,2026-05-01 13:38:10,8.88,UPTREND,UPTREND|BOTTOM_WATCH|SKIP|RSI_WEAK|RS_BAD|VOL_LOW|ATR_LOW|BELOW_MA20,,,,,,PENDING
2026-05-01,SHB,14.55,ð BOTTOM WATCH,BOTTOM_WATCH,SKIP,55,0.0,D,Bá» QUA,29.79,-4.28,-5.52,-3.0,-11.88,0.58,20.03,2.16,-3.02,FAIL,CACHE,2026-05-01 13:38:10,8.88,UPTREND,UPTREND|BOTTOM_WATCH|SKIP|RSI_WEAK|RS_BAD|VOL_LOW|ATR_LOW|BELOW_MA20,,,,,,PENDING
2026-05-01,SZC,27.2,ð BOTTOM WATCH,BOTTOM_WATCH,SKIP,55,0.0,D,Bá» QUA,22.81,-3.89,-5.88,-6.69,-15.57,0.94,17.09,2.28,-3.93,FAIL,CACHE,2026-05-01 13:38:10,8.88,UPTREND,UPTREND|BOTTOM_WATCH|SKIP|RSI_WEAK|RS_BAD|VOL_LOW|ATR_LOW|BELOW_MA20,,,,,,PENDING
2026-05-01,VGC,42.6,ð BOTTOM WATCH,BOTTOM_WATCH,SKIP,55,0.0,D,Bá» QUA,23.44,-3.95,-7.79,-8.78,-17.66,0.95,29.33,3.13,-5.4,FAIL,CACHE,2026-05-01 13:38:10,8.88,UPTREND,UPTREND|BOTTOM_WATCH|SKIP|RSI_WEAK|RS_BAD|VOL_LOW|ATR_LOW|BELOW_MA20,,,,,,PENDING
2026-05-01,VPG,3.49,ð BOTTOM WATCH,BOTTOM_WATCH,SKIP,55,0.0,D,Bá» QUA,26.6,-8.16,-3.86,-17.69,-26.57,0.4,38.42,4.6,-6.72,FAIL,CACHE,2026-05-01 13:38:10,8.88,UPTREND,UPTREND|BOTTOM_WATCH|SKIP|RSI_WEAK|RS_BAD|VOL_LOW|ATR_LOW|BELOW_MA20,,,,,,PENDING
2026-05-01,STK,13.15,ð§² BOTTOM,BOTTOM,SKIP,80,47.0,D,Bá» QUA,34.88,-7.39,-3.31,-6.41,-15.28,2.37,22.43,2.99,-4.49,FAIL,CACHE,2026-05-01 13:38:10,8.88,UPTREND,UPTREND|BOTTOM|SKIP|RSI_LOW|RS_BAD|VOL_STRONG|ATR_LOW|BELOW_MA20,,,,,,PENDING
2026-05-01,TCH,18.15,ð MOMENTUM,MOMENTUM,BUY NOW,90,100.0,A+,MUA Æ¯U TIÃN,63.89,7.4,6.76,3.71,-5.16,1.24,23.66,3.92,5.95,PASS,CACHE,2026-05-01 13:38:10,8.88,UPTREND,UPTREND|MOMENTUM|BUY NOW|RSI_MID_HIGH|RS_WEAK|VOL_OK|ATR_LOW|ABOVE_MA20,,,,,,PENDING
2026-05-01,VPB,26.5,ð§² BOTTOM,BOTTOM,BUY NOW,80,83.0,A,MUA THÄM DÃ,41.89,-3.81,-3.11,-1.12,-10.0,1.29,28.57,2.35,-2.02,PASS,CACHE,2026-05-01 13:38:10,8.88,UPTREND,UPTREND|BOTTOM|BUY NOW|RSI_LOW|RS_BAD|VOL_OK|ATR_LOW|BELOW_MA20,,,,,,PENDING
2026-05-01,VRE,32.3,ð MOMENTUM,MOMENTUM,BUY NOW,95,100.0,A+,MUA Æ¯U TIÃN,74.74,7.85,10.24,17.24,8.36,1.94,40.19,4.39,12.77,PASS,CACHE,2026-05-01 13:38:10,8.88,UPTREND,UPTREND|MOMENTUM|BUY NOW|RSI_MID_HIGH|RS_STRONG|VOL_STRONG|ATR_LOW|FAR_MA20,,,,,,PENDING
2026-05-01,VHM,146.0,ð MOMENTUM,MOMENTUM,WAIT,75,100.0,A+,CHá» PULLBACK,67.44,-2.86,6.57,32.49,23.61,1.07,53.72,6.19,9.07,PASS,CACHE,2026-05-01 13:38:10,8.88,UPTREND,UPTREND|MOMENTUM|WAIT|RSI_MID_HIGH|RS_STRONG|VOL_OK|ATR_OK|ABOVE_MA20,,,,,,PENDING
2026-05-01,TCB,33.85,ð MOMENTUM WATCH,MOMENTUM_WATCH,WAIT,70,89.0,A,CHá» PULLBACK,76.58,2.58,6.28,9.9,1.03,1.12,45.85,2.38,5.81,PASS,CACHE,2026-05-01 13:38:10,8.88,UPTREND,UPTREND|MOMENTUM_WATCH|WAIT|RSI_HIGH|RS_OK|VOL_OK|ATR_LOW|ABOVE_MA20,,,,,,PENDING
2026-05-01,VIC,214.0,ð MOMENTUM,MOMENTUM,WAIT,75,71.0,B+,THEO DÃI,83.96,3.28,20.9,51.77,42.9,1.31,81.1,5.68,19.82,PASS,CACHE,2026-05-01 13:38:10,8.88,UPTREND,UPTREND|MOMENTUM|WAIT|RSI_HIGH|RS_STRONG|VOL_OK|ATR_LOW|FAR_MA20,,,,,,PENDING
2026-05-01,VND,16.1,ð BOTTOM WATCH,BOTTOM_WATCH,WATCHLIST,65,32.0,D,Bá» QUA,25.81,-2.72,-4.17,-0.92,-9.8,0.94,29.61,2.44,-1.83,PASS,CACHE,2026-05-01 13:38:10,8.88,UPTREND,UPTREND|BOTTOM_WATCH|WATCHLIST|RSI_WEAK|RS_BAD|VOL_LOW|ATR_LOW|BELOW_MA20,,,,,,PENDING
2026-05-01,TCL,34.0,ð WATCH,WATCH,SKIP,55,29.0,D,Bá» QUA,66.67,0.15,0.59,0.44,-8.43,2.24,16.34,0.68,0.54,PASS,CACHE,2026-05-01 13:38:10,8.88,UPTREND,UPTREND|WATCH|SKIP|RSI_MID_HIGH|RS_BAD|VOL_STRONG|ATR_LOW|ABOVE_MA20,,,,,,PENDING
2026-05-01,STB,67.5,ð WATCH,WATCH,SKIP,50,21.0,D,Bá» QUA,54.0,1.5,4.98,8.52,-0.36,0.77,38.62,3.32,3.74,PASS,CACHE,2026-05-01 13:38:10,8.88,UPTREND,UPTREND|WATCH|SKIP|RSI_MID|RS_WEAK|VOL_LOW|ATR_LOW|ABOVE_MA20,,,,,,PENDING
2026-05-01,VIP,11.45,ð WATCH,WATCH,SKIP,45,1.0,D,Bá» QUA,40.0,-2.55,-2.97,-3.38,-12.25,0.45,25.07,1.81,-1.95,FAIL,CACHE,2026-05-01 13:38:10,8.88,UPTREND,UPTREND|WATCH|SKIP|RSI_LOW|RS_BAD|VOL_LOW|ATR_LOW|BELOW_MA20,,,,,,PENDING
2026-05-01,VIB,16.3,ð WATCH,WATCH,SKIP,40,0.0,D,Bá» QUA,50.9,-0.61,-0.91,-0.06,-8.94,0.78,29.79,1.92,-0.12,PASS,CACHE,2026-05-01 13:38:10,8.88,UPTREND,UPTREND|WATCH|SKIP|RSI_MID|RS_BAD|VOL_LOW|ATR_LOW|BELOW_MA20,,,,,,PENDING
2026-05-01,SCS,52.5,ð WATCH,WATCH,SKIP,40,6.0,D,Bá» QUA,20.59,-2.6,-3.31,-3.31,-12.19,0.6,28.07,1.36,-2.13,FAIL,CACHE,2026-05-01 13:38:10,8.88,UPTREND,UPTREND|WATCH|SKIP|RSI_WEAK|RS_BAD|VOL_LOW|ATR_LOW|BELOW_MA20,,,,,,PENDING
2026-05-01,BFC,67.6,ð MOMENTUM,MOMENTUM,BUY NOW,100,100.0,A+,MUA Æ¯U TIÃN,74.1,2.42,15.95,21.8,12.92,3.06,40.53,5.09,11.18,PASS,CACHE,2026-05-01 13:58:07,8.88,UPTREND,UPTREND|MOMENTUM|BUY NOW|RSI_MID_HIGH|RS_STRONG|VOL_STRONG|ATR_LOW|ABOVE_MA20,,,,,,PENDING
2026-05-01,APH,5.83,ð MOMENTUM,MOMENTUM,BUY NOW,90,100.0,A+,MUA Æ¯U TIÃN,68.66,5.05,3.74,4.29,-4.58,3.97,35.1,1.89,4.56,PASS,CACHE,2026-05-01 13:58:07,8.88,UPTREND,UPTREND|MOMENTUM|BUY NOW|RSI_MID_HIGH|RS_WEAK|VOL_STRONG|ATR_LOW|ABOVE_MA20,,,,,,PENDING
2026-05-01,CII,19.3,ð§² BOTTOM,BOTTOM,BUY NOW,85,100.0,A+,MUA Æ¯U TIÃN,54.76,1.58,-0.52,5.18,-3.7,1.05,30.97,4.39,2.31,PASS,CACHE,2026-05-01 13:58:07,8.88,UPTREND,UPTREND|BOTTOM|BUY NOW|RSI_MID|RS_WEAK|VOL_OK|ATR_LOW|ABOVE_MA20,,,,,,PENDING
2026-05-01,AAA,7.31,ð MOMENTUM,MOMENTUM,BUY NOW,80,100.0,A+,MUA Æ¯U TIÃN,64.29,3.98,2.67,3.25,-5.63,2.61,24.81,2.03,3.69,PASS,CACHE,2026-05-01 13:58:07,8.88,UPTREND,UPTREND|MOMENTUM|BUY NOW|RSI_MID_HIGH|RS_WEAK|VOL_STRONG|ATR_LOW|ABOVE_MA20,,,,,,PENDING
2026-05-01,CEO,17.8,ð MOMENTUM,MOMENTUM,BUY NOW,80,100.0,A+,MUA Æ¯U TIÃN,60.0,4.71,2.89,6.59,-2.29,1.63,26.88,4.9,4.0,PASS,CACHE,2026-05-01 13:58:07,8.88,UPTREND,UPTREND|MOMENTUM|BUY NOW|RSI_MID_HIGH|RS_WEAK|VOL_STRONG|ATR_LOW|ABOVE_MA20,,,,,,PENDING
2026-05-01,GVR,33.7,ð MOMENTUM,MOMENTUM,BUY NOW,80,100.0,A+,MUA Æ¯U TIÃN,56.16,2.9,2.12,3.69,-5.18,1.3,33.44,3.59,2.82,PASS,CACHE,2026-05-01 13:58:07,8.88,UPTREND,UPTREND|MOMENTUM|BUY NOW|RSI_MID_HIGH|RS_WEAK|VOL_OK|ATR_LOW|ABOVE_MA20,,,,,,PENDING
2026-05-01,CTD,86.8,ð MOMENTUM,MOMENTUM,WAIT,75,100.0,A+,CHá» PULLBACK,70.04,7.03,10.88,8.24,-0.63,1.08,35.73,2.92,7.62,PASS,CACHE,2026-05-01 13:58:07,8.88,UPTREND,UPTREND|MOMENTUM|WAIT|RSI_MID_HIGH|RS_WEAK|VOL_OK|ATR_LOW|ABOVE_MA20,,,,,,PENDING
2026-05-01,DXG,15.35,ð MOMENTUM WATCH,MOMENTUM_WATCH,WATCHLIST,65,100.0,A+,THEO DÃI Máº NH,53.33,4.42,0.66,6.23,-2.65,1.5,28.04,3.14,3.23,PASS,CACHE,2026-05-01 13:58:07,8.88,UPTREND,UPTREND|MOMENTUM_WATCH|WATCHLIST|RSI_MID|RS_WEAK|VOL_STRONG|ATR_LOW|ABOVE_MA20,,,,,,PENDING
2026-05-01,DHC,35.8,ð§² BOTTOM,BOTTOM,BUY NOW,90,96.0,A+,MUA Æ¯U TIÃN,41.43,-1.92,-0.69,1.42,-7.46,0.82,19.13,2.27,-0.24,PASS,CACHE,2026-05-01 13:58:07,8.88,UPTREND,UPTREND|BOTTOM|BUY NOW|RSI_LOW|RS_WEAK|VOL_LOW|ATR_LOW|BELOW_MA20,,,,,,PENDING
2026-05-01,DIG,14.7,ð§² BOTTOM,BOTTOM,WAIT,70,92.0,A+,CHá» PULLBACK,53.85,3.89,0.34,2.8,-6.08,1.5,16.74,3.3,2.58,PASS,CACHE,2026-05-01 13:58:07,8.88,UPTREND,UPTREND|BOTTOM|WAIT|RSI_MID|RS_WEAK|VOL_STRONG|ATR_LOW|ABOVE_MA20,,,,,,PENDING
2026-05-01,ABB,14.9,ð MOMENTUM WATCH,MOMENTUM_WATCH,WATCHLIST,65,86.0,A,THEO DÃI Máº NH,61.54,0.0,2.76,1.36,-7.52,1.42,54.69,1.92,1.15,PASS,CACHE,2026-05-01 13:58:07,8.88,UPTREND,UPTREND|MOMENTUM_WATCH|WATCHLIST|RSI_MID_HIGH|RS_WEAK|VOL_OK|ATR_LOW|ABOVE_MA20,,,,,,PENDING
2026-05-01,FPT,75.5,ð§² BOTTOM,BOTTOM,BUY NOW,75,80.0,A,MUA THÄM DÃ,39.23,1.21,0.53,0.27,-8.61,1.1,11.91,2.42,0.08,PASS,CACHE,2026-05-01 13:58:07,8.88,UPTREND,UPTREND|BOTTOM|BUY NOW|RSI_LOW|RS_BAD|VOL_OK|ATR_LOW|ABOVE_MA20,,,,,,PENDING
2026-05-01,ELC,17.6,ð§² BOTTOM,BOTTOM,SKIP,90,78.0,B+,THEO DÃI,44.29,-1.4,-2.49,-4.09,-12.96,1.28,25.27,2.5,-1.63,FAIL,CACHE,2026-05-01 13:58:07,8.88,UPTREND,UPTREND|BOTTOM|SKIP|RSI_LOW|RS_BAD|VOL_OK|ATR_LOW|BELOW_MA20,,,,,,PENDING
2026-05-01,DPM,26.5,ð§² BOTTOM,BOTTOM,SKIP,90,71.0,B+,THEO DÃI,34.37,-5.36,-6.53,-8.3,-17.18,1.16,31.81,3.69,-5.55,FAIL,CACHE,2026-05-01 13:58:07,8.88,UPTREND,UPTREND|BOTTOM|SKIP|RSI_LOW|RS_BAD|VOL_OK|ATR_LOW|BELOW_MA20,,,,,,PENDING
2026-05-01,DCM,42.7,ð§² BOTTOM,BOTTOM,SKIP,90,69.0,B,THEO DÃI,41.22,-4.79,-3.94,-5.74,-14.62,0.98,16.11,4.59,-3.74,FAIL,CACHE,2026-05-01 13:58:07,8.88,UPTREND,UPTREND|BOTTOM|SKIP|RSI_LOW|RS_BAD|VOL_LOW|ATR_LOW|BELOW_MA20,,,,,,PENDING
2026-05-01,ANV,23.9,ð§² BOTTOM,BOTTOM,BUY NOW,80,66.0,B,CHá» XÃC NHáº¬N,37.5,-4.02,-2.25,0.21,-8.67,0.85,26.71,2.81,-1.98,PASS,CACHE,2026-05-01 13:58:07,8.88,UPTREND,UPTREND|BOTTOM|BUY NOW|RSI_LOW|RS_BAD|VOL_LOW|ATR_LOW|BELOW_MA20,,,,,,PENDING
2026-05-01,BID,40.1,ð§² BOTTOM,BOTTOM,BUY NOW,80,66.0,B,CHá» XÃC NHáº¬N,44.32,-0.37,-0.5,-0.37,-9.25,0.89,51.1,2.16,-0.47,PASS,CACHE,2026-05-01 13:58:07,8.88,UPTREND,UPTREND|BOTTOM|BUY NOW|RSI_LOW|RS_BAD|VOL_LOW|ATR_LOW|BELOW_MA20,,,,,,PENDING
2026-05-01,DGC,53.6,ð§² BOTTOM,BOTTOM,SKIP,75,61.0,B,THEO DÃI,52.0,-2.19,-1.83,6.14,-2.74,0.42,10.61,3.72,-0.98,FAIL,CACHE,2026-05-01 13:58:07,8.88,UPTREND,UPTREND|BOTTOM|SKIP|RSI_MID|RS_WEAK|VOL_LOW|ATR_LOW|BELOW_MA20,,,,,,PENDING
2026-05-01,BMP,145.6,ð MOMENTUM WATCH,MOMENTUM_WATCH,SKIP,65,54.0,C,THEO DÃI,69.1,-2.93,1.96,10.72,1.85,0.47,55.23,3.64,3.69,FAIL,CACHE,2026-05-01 13:58:07,8.88,UPTREND,UPTREND|MOMENTUM_WATCH|SKIP|RSI_MID_HIGH|RS_OK|VOL_LOW|ATR_LOW|ABOVE_MA20,,,,,,PENDING
2026-05-01,C32,13.6,ð MOMENTUM,MOMENTUM,SKIP,80,51.0,C,THEO DÃI,95.77,21.43,29.52,29.52,20.65,2.17,49.28,3.31,22.44,FAIL,CACHE,2026-05-01 13:58:07,8.88,UPTREND,UPTREND|MOMENTUM|SKIP|RSI_HIGH|RS_STRONG|VOL_STRONG|ATR_LOW|FAR_MA20,,,,,,PENDING
2026-05-01,BCM,53.2,ð§² BOTTOM,BOTTOM,SKIP,80,49.0,D,Bá» QUA,37.8,-3.62,-2.56,-1.66,-10.54,0.9,23.12,2.5,-2.47,FAIL,CACHE,2026-05-01 13:58:07,8.88,UPTREND,UPTREND|BOTTOM|SKIP|RSI_LOW|RS_BAD|VOL_LOW|ATR_LOW|BELOW_MA20,,,,,,PENDING
2026-05-01,DBC,22.6,ð§² BOTTOM,BOTTOM,SKIP,80,49.0,D,Bá» QUA,43.84,-1.53,-4.64,-3.0,-11.88,0.86,16.2,2.24,-1.92,FAIL,CACHE,2026-05-01 13:58:07,8.88,UPTREND,UPTREND|BOTTOM|SKIP|RSI_LOW|RS_BAD|VOL_LOW|ATR_LOW|BELOW_MA20,,,,,,PENDING
2026-05-01,GAS,75.2,ð§² BOTTOM,BOTTOM,SKIP,80,49.0,D,Bá» QUA,40.24,-3.71,-5.05,-6.0,-14.88,0.94,31.94,3.41,-3.99,FAIL,CACHE,2026-05-01 13:58:07,8.88,UPTREND,UPTREND|BOTTOM|SKIP|RSI_LOW|RS_BAD|VOL_LOW|ATR_LOW|BELOW_MA20,,,,,,PENDING
2026-05-01,ACB,23.5,ð§² BOTTOM,BOTTOM,SKIP,75,46.0,D,Bá» QUA,39.39,-0.42,-1.26,-1.26,-10.14,0.91,20.56,1.29,-0.63,FAIL,CACHE,2026-05-01 13:58:07,8.88,UPTREND,UPTREND|BOTTOM|SKIP|RSI_LOW|RS_BAD|VOL_LOW|ATR_LOW|BELOW_MA20,,,,,,PENDING
2026-05-01,FRT,149.0,ð§² BOTTOM,BOTTOM,SKIP,75,46.0,D,Bá» QUA,47.57,-0.6,-1.32,-5.1,-13.97,0.98,14.77,2.34,-0.69,FAIL,CACHE,2026-05-01 13:58:07,8.88,UPTREND,UPTREND|BOTTOM|SKIP|RSI_MID|RS_BAD|VOL_LOW|ATR_LOW|BELOW_MA20,,,,,,PENDING
2026-05-01,CTG,34.95,ð BOTTOM WATCH,BOTTOM_WATCH,WATCHLIST,65,44.0,D,Bá» QUA,49.21,0.14,-0.29,0.58,-8.3,0.94,41.15,1.73,0.54,PASS,CACHE,2026-05-01 13:58:07,8.88,UPTREND,UPTREND|BOTTOM_WATCH|WATCHLIST|RSI_MID|RS_BAD|VOL_LOW|ATR_LOW|ABOVE_MA20,,,,,,PENDING
2026-05-01,BSR,23.6,ð§² BOTTOM,BOTTOM,SKIP,80,41.0,D,Bá» QUA,41.57,-9.06,-9.75,-10.27,-19.14,0.81,24.21,4.72,-7.64,FAIL,CACHE,2026-05-01 13:58:07,8.88,UPTREND,UPTREND|BOTTOM|SKIP|RSI_LOW|RS_BAD|VOL_LOW|ATR_LOW|BELOW_MA20,,,,,,PENDING
2026-05-01,CRE,7.67,ð§² BOTTOM,BOTTOM,SKIP,80,41.0,D,Bá» QUA,37.27,2.13,-1.67,-5.31,-14.19,0.73,30.57,2.9,-0.39,FAIL,CACHE,2026-05-01 13:58:07,8.88,UPTREND,UPTREND|BOTTOM|SKIP|RSI_LOW|RS_BAD|VOL_LOW|ATR_LOW|BELOW_MA20,,,,,,PENDING
2026-05-01,GMD,75.3,ð MOMENTUM WATCH,MOMENTUM_WATCH,SKIP,60,39.0,D,Bá» QUA,61.33,2.45,1.35,-2.71,-11.59,0.53,17.63,2.22,2.09,FAIL,CACHE,2026-05-01 13:58:07,8.88,UPTREND,UPTREND|MOMENTUM_WATCH|SKIP|RSI_MID_HIGH|RS_BAD|VOL_LOW|ATR_LOW|ABOVE_MA20,,,,,,PENDING
2026-05-01,APG,4.89,ð§² BOTTOM,BOTTOM,SKIP,70,29.0,D,Bá» QUA,36.36,-3.55,-6.68,-15.69,-24.57,0.32,35.13,2.94,-5.14,FAIL,CACHE,2026-05-01 13:58:07,8.88,UPTREND,UPTREND|BOTTOM|SKIP|RSI_LOW|RS_BAD|VOL_LOW|ATR_LOW|BELOW_MA20,,,,,,PENDING
2026-05-01,GIL,13.5,ð BOTTOM WATCH,BOTTOM_WATCH,SKIP,65,26.0,D,Bá» QUA,40.0,-0.37,-2.53,-1.46,-10.34,0.58,41.76,2.41,-0.72,FAIL,CACHE,2026-05-01 13:58:07,8.88,UPTREND,UPTREND|BOTTOM_WATCH|SKIP|RSI_LOW|RS_BAD|VOL_LOW|ATR_LOW|BELOW_MA20,,,,,,PENDING
2026-05-01,CMG,27.8,ð§² BOTTOM,BOTTOM,SKIP,70,21.0,D,Bá» QUA,36.11,-2.28,-4.47,-4.47,-13.34,0.4,17.47,2.2,-2.54,FAIL,CACHE,2026-05-01 13:58:07,8.88,UPTREND,UPTREND|BOTTOM|SKIP|RSI_LOW|RS_BAD|VOL_LOW|ATR_LOW|BELOW_MA20,,,,,,PENDING
2026-05-01,BAF,36.05,ð WATCH,WATCH,SKIP,55,19.0,D,Bá» QUA,61.43,-1.64,-0.69,2.85,-6.02,0.51,50.42,1.6,0.67,FAIL,CACHE,2026-05-01 13:58:07,8.88,UPTREND,UPTREND|WATCH|SKIP|RSI_MID_HIGH|RS_WEAK|VOL_LOW|ATR_LOW|ABOVE_MA20,,,,,,PENDING
2026-05-01,CSV,25.95,ð§² BOTTOM,BOTTOM,SKIP,70,17.0,D,Bá» QUA,31.58,-3.89,-6.32,-4.24,-13.12,1.04,24.72,2.41,-4.47,FAIL,CACHE,2026-05-01 13:58:07,8.88,UPTREND,UPTREND|BOTTOM|SKIP|RSI_LOW|RS_BAD|VOL_OK|ATR_LOW|BELOW_MA20,,,,,,PENDING
2026-05-01,CTR,85.9,ð WATCH,WATCH,SKIP,50,16.0,D,Bá» QUA,51.14,1.06,-1.26,-0.92,-9.8,1.0,26.26,2.05,-0.08,PASS,CACHE,2026-05-01 13:58:07,8.88,UPTREND,UPTREND|WATCH|SKIP|RSI_MID|RS_BAD|VOL_OK|ATR_LOW|BELOW_MA20,,,,,,PENDING
2026-05-01,HAG,16.3,ð WATCH,WATCH,SKIP,50,16.0,D,Bá» QUA,52.63,-0.61,-2.4,-0.31,-9.18,0.81,20.11,2.34,0.11,PASS,CACHE,2026-05-01 13:58:07,8.88,UPTREND,UPTREND|WATCH|SKIP|RSI_MID|RS_BAD|VOL_LOW|ATR_LOW|ABOVE_MA20,,,,,,PENDING
2026-05-01,BVS,25.6,ð BOTTOM WATCH,BOTTOM_WATCH,SKIP,65,15.0,D,Bá» QUA,17.24,-2.66,-6.91,-7.58,-16.46,0.56,33.35,2.71,-3.9,FAIL,CACHE,2026-05-01 13:58:07,8.88,UPTREND,UPTREND|BOTTOM_WATCH|SKIP|RSI_WEAK|RS_BAD|VOL_LOW|ATR_LOW|BELOW_MA20,,,,,,PENDING
2026-05-01,EVF,13.0,ð BOTTOM WATCH,BOTTOM_WATCH,SKIP,65,15.0,D,Bá» QUA,28.21,-4.06,-7.14,-5.8,-14.67,0.42,19.65,3.35,-4.02,FAIL,CACHE,2026-05-01 13:58:07,8.88,UPTREND,UPTREND|BOTTOM_WATCH|SKIP|RSI_WEAK|RS_BAD|VOL_LOW|ATR_LOW|BELOW_MA20,,,,,,PENDING
2026-05-01,DHA,45.05,ð§² BOTTOM,BOTTOM,SKIP,70,14.0,D,Bá» QUA,33.33,-0.99,-2.7,-5.75,-14.63,0.79,11.54,1.59,-1.46,FAIL,CACHE,2026-05-01 13:58:07,8.88,UPTREND,UPTREND|BOTTOM|SKIP|RSI_LOW|RS_BAD|VOL_LOW|ATR_LOW|BELOW_MA20,,,,,,PENDING
2026-05-01,ASM,5.63,ð BOTTOM WATCH,BOTTOM_WATCH,SKIP,65,7.0,D,Bá» QUA,26.79,-0.35,-4.41,-1.57,-10.45,0.64,25.16,2.06,-1.66,FAIL,CACHE,2026-05-01 13:58:07,8.88,UPTREND,UPTREND|BOTTOM_WATCH|SKIP|RSI_WEAK|RS_BAD|VOL_LOW|ATR_LOW|BELOW_MA20,,,,,,PENDING
2026-05-01,CTS,26.1,ð BOTTOM WATCH,BOTTOM_WATCH,SKIP,65,7.0,D,Bá» QUA,24.39,-1.88,-6.12,-7.12,-15.99,0.56,34.33,2.56,-4.19,FAIL,CACHE,2026-05-01 13:58:07,8.88,UPTREND,UPTREND|BOTTOM_WATCH|SKIP|RSI_WEAK|RS_BAD|VOL_LOW|ATR_LOW|BELOW_MA20,,,,,,PENDING
2026-05-01,HAH,55.1,ð BOTTOM WATCH,BOTTOM_WATCH,SKIP,55,6.0,D,Bá» QUA,47.87,-1.61,1.29,-2.65,-11.53,0.37,18.48,2.55,0.1,FAIL,CACHE,2026-05-01 13:58:07,8.88,UPTREND,UPTREND|BOTTOM_WATCH|SKIP|RSI_MID|RS_BAD|VOL_LOW|ATR_LOW|ABOVE_MA20,,,,,,PENDING
2026-05-01,DRC,12.9,ð WATCH,WATCH,SKIP,45,1.0,D,Bá» QUA,25.0,-2.27,-4.8,-4.44,-13.32,0.54,13.05,1.72,-2.71,FAIL,CACHE,2026-05-01 13:58:07,8.88,UPTREND,UPTREND|WATCH|SKIP|RSI_WEAK|RS_BAD|VOL_LOW|ATR_LOW|BELOW_MA20,,,,,,PENDING
2026-05-01,EIB,21.75,ð BOTTOM WATCH,BOTTOM_WATCH,SKIP,60,0.0,D,Bá» QUA,36.51,-3.97,-4.19,-7.05,-15.93,0.74,19.41,3.0,-3.25,FAIL,CACHE,2026-05-01 13:58:07,8.88,UPTREND,UPTREND|BOTTOM_WATCH|SKIP|RSI_LOW|RS_BAD|VOL_LOW|ATR_LOW|BELOW_MA20,,,,,,PENDING
2026-05-01,AGR,14.5,ð BOTTOM WATCH,BOTTOM_WATCH,SKIP,55,0.0,D,Bá» QUA,25.0,-1.36,-3.01,-2.68,-11.56,0.4,29.06,1.8,-1.63,FAIL,CACHE,2026-05-01 13:58:07,8.88,UPTREND,UPTREND|BOTTOM_WATCH|SKIP|RSI_WEAK|RS_BAD|VOL_LOW|ATR_LOW|BELOW_MA20,,,,,,PENDING
2026-05-01,BVB,12.4,ð BOTTOM WATCH,BOTTOM_WATCH,SKIP,55,0.0,D,Bá» QUA,50.0,-1.59,-3.88,-1.59,-10.46,0.64,47.9,3.69,-0.64,FAIL,CACHE,2026-05-01 13:58:07,8.88,UPTREND,UPTREND|BOTTOM_WATCH|SKIP|RSI_MID|RS_BAD|VOL_LOW|ATR_LOW|BELOW_MA20,,,,,,PENDING
2026-05-01,CNG,23.15,ð BOTTOM WATCH,BOTTOM_WATCH,SKIP,55,0.0,D,Bá» QUA,23.21,-2.73,-5.89,-5.12,-14.0,0.5,18.84,3.3,-3.68,FAIL,CACHE,2026-05-01 13:58:07,8.88,UPTREND,UPTREND|BOTTOM_WATCH|SKIP|RSI_WEAK|RS_BAD|VOL_LOW|ATR_LOW|BELOW_MA20,,,,,,PENDING
2026-05-01,DGW,43.45,ð BOTTOM WATCH,BOTTOM_WATCH,SKIP,55,0.0,D,Bá» QUA,29.01,-4.71,-2.69,-5.54,-14.42,0.51,20.94,3.31,-3.14,FAIL,CACHE,2026-05-01 13:58:07,8.88,UPTREND,UPTREND|BOTTOM_WATCH|SKIP|RSI_WEAK|RS_BAD|VOL_LOW|ATR_LOW|BELOW_MA20,,,,,,PENDING
2026-05-01,FCN,13.15,ð BOTTOM WATCH,BOTTOM_WATCH,SKIP,55,0.0,D,Bá» QUA,20.0,-0.38,-4.71,0.38,-8.5,0.51,33.77,3.07,-1.99,FAIL,CACHE,2026-05-01 13:58:07,8.88,UPTREND,UPTREND|BOTTOM_WATCH|SKIP|RSI_WEAK|RS_BAD|VOL_LOW|ATR_LOW|BELOW_MA20,,,,,,PENDING
2026-05-01,FTS,26.05,ð BOTTOM WATCH,BOTTOM_WATCH,SKIP,55,0.0,D,Bá» QUA,10.17,-2.43,-6.13,-4.75,-13.63,0.56,42.8,3.06,-4.85,FAIL,CACHE,2026-05-01 13:58:07,8.88,UPTREND,UPTREND|BOTTOM_WATCH|SKIP|RSI_WEAK|RS_BAD|VOL_LOW|ATR_LOW|BELOW_MA20,,,,,,PENDING
2026-04-29,BFC,67.6,ð MOMENTUM,MOMENTUM,BUY NOW,100,100.0,A+,MUA Æ¯U TIÃN,74.1,2.42,15.95,21.8,12.92,3.06,40.53,5.09,11.18,PASS,CACHE,2026-05-01 14:40:03,8.88,UPTREND,UPTREND|MOMENTUM|BUY NOW|RSI_MID_HIGH|RS_STRONG|VOL_STRONG|ATR_LOW|ABOVE_MA20,,,,0.0,-6.51,LOSS_SL
2026-04-29,VRE,32.3,ð MOMENTUM,MOMENTUM,BUY NOW,95,100.0,A+,MUA Æ¯U TIÃN,74.74,7.85,10.24,17.24,8.36,1.94,40.19,4.39,12.77,PASS,CACHE,2026-05-01 14:40:03,8.88,UPTREND,UPTREND|MOMENTUM|BUY NOW|RSI_MID_HIGH|RS_STRONG|VOL_STRONG|ATR_LOW|FAR_MA20,,,,1.55,-3.41,LOSS_SL
2026-04-29,TCH,18.15,ð MOMENTUM,MOMENTUM,BUY NOW,90,100.0,A+,MUA Æ¯U TIÃN,63.89,7.4,6.76,3.71,-5.16,1.24,23.66,3.92,5.95,PASS,CACHE,2026-05-01 14:40:03,8.88,UPTREND,UPTREND|MOMENTUM|BUY NOW|RSI_MID_HIGH|RS_WEAK|VOL_OK|ATR_LOW|ABOVE_MA20,,,,0.83,-2.75,PENDING
2026-04-29,APH,5.83,ð MOMENTUM,MOMENTUM,BUY NOW,90,100.0,A+,MUA Æ¯U TIÃN,68.66,5.05,3.74,4.29,-4.58,3.97,35.1,1.89,4.56,PASS,CACHE,2026-05-01 14:40:03,8.88,UPTREND,UPTREND|MOMENTUM|BUY NOW|RSI_MID_HIGH|RS_WEAK|VOL_STRONG|ATR_LOW|ABOVE_MA20,,,,0.34,-6.0,LOSS_SL
2026-04-29,TVS,13.7,ð§² BOTTOM,BOTTOM,BUY NOW,85,100.0,A+,MUA Æ¯U TIÃN,46.34,0.74,-0.72,1.48,-7.4,0.97,43.08,2.53,0.02,PASS,CACHE,2026-05-01 14:40:03,8.88,UPTREND,UPTREND|BOTTOM|BUY NOW|RSI_MID|RS_WEAK|VOL_LOW|ATR_LOW|ABOVE_MA20,,,,0.0,-2.19,PENDING
2026-04-29,CII,19.3,ð§² BOTTOM,BOTTOM,BUY NOW,85,100.0,A+,MUA Æ¯U TIÃN,54.76,1.58,-0.52,5.18,-3.7,1.05,30.97,4.39,2.31,PASS,CACHE,2026-05-01 14:40:03,8.88,UPTREND,UPTREND|BOTTOM|BUY NOW|RSI_MID|RS_WEAK|VOL_OK|ATR_LOW|ABOVE_MA20,,,,1.81,-2.07,PENDING
2026-04-29,AAA,7.31,ð MOMENTUM,MOMENTUM,BUY NOW,80,100.0,A+,MUA Æ¯U TIÃN,64.29,3.98,2.67,3.25,-5.63,2.61,24.81,2.03,3.69,PASS,CACHE,2026-05-01 14:40:03,8.88,UPTREND,UPTREND|MOMENTUM|BUY NOW|RSI_MID_HIGH|RS_WEAK|VOL_STRONG|ATR_LOW|ABOVE_MA20,,,,1.37,-5.34,LOSS_SL
2026-04-29,CEO,17.8,ð MOMENTUM,MOMENTUM,BUY NOW,80,100.0,A+,MUA Æ¯U TIÃN,60.0,4.71,2.89,6.59,-2.29,1.63,26.88,4.9,4.0,PASS,CACHE,2026-05-01 14:40:03,8.88,UPTREND,UPTREND|MOMENTUM|BUY NOW|RSI_MID_HIGH|RS_WEAK|VOL_STRONG|ATR_LOW|ABOVE_MA20,,,,2.25,-4.49,LOSS_SL
2026-04-29,GVR,33.7,ð MOMENTUM,MOMENTUM,BUY NOW,80,100.0,A+,MUA Æ¯U TIÃN,56.16,2.9,2.12,3.69,-5.18,1.3,33.44,3.59,2.82,PASS,CACHE,2026-05-01 14:40:03,8.88,UPTREND,UPTREND|MOMENTUM|BUY NOW|RSI_MID_HIGH|RS_WEAK|VOL_OK|ATR_LOW|ABOVE_MA20,,,,1.78,-3.56,LOSS_SL
2026-04-29,VHM,146.0,ð MOMENTUM,MOMENTUM,WAIT,75,100.0,A+,CHá» PULLBACK,67.44,-2.86,6.57,32.49,23.61,1.07,53.72,6.19,9.07,PASS,CACHE,2026-05-01 14:40:03,8.88,UPTREND,UPTREND|MOMENTUM|WAIT|RSI_MID_HIGH|RS_STRONG|VOL_OK|ATR_OK|ABOVE_MA20,,,,6.78,0.0,WIN_TP
2026-04-29,CTD,86.8,ð MOMENTUM,MOMENTUM,WAIT,75,100.0,A+,CHá» PULLBACK,70.04,7.03,10.88,8.24,-0.63,1.08,35.73,2.92,7.62,PASS,CACHE,2026-05-01 14:40:03,8.88,UPTREND,UPTREND|MOMENTUM|WAIT|RSI_MID_HIGH|RS_WEAK|VOL_OK|ATR_LOW|ABOVE_MA20,,,,2.07,-0.92,PENDING
2026-04-29,DXG,15.35,ð MOMENTUM WATCH,MOMENTUM_WATCH,WATCHLIST,65,100.0,A+,THEO DÃI Máº NH,53.33,4.42,0.66,6.23,-2.65,1.5,28.04,3.14,3.23,PASS,CACHE,2026-05-01 14:40:03,8.88,UPTREND,UPTREND|MOMENTUM_WATCH|WATCHLIST|RSI_MID|RS_WEAK|VOL_STRONG|ATR_LOW|ABOVE_MA20,,,,1.3,-2.93,PENDING
2026-04-29,DHC,35.8,ð§² BOTTOM,BOTTOM,BUY NOW,90,96.0,A+,MUA Æ¯U TIÃN,41.43,-1.92,-0.69,1.42,-7.46,0.82,19.13,2.27,-0.24,PASS,CACHE,2026-05-01 14:40:03,8.88,UPTREND,UPTREND|BOTTOM|BUY NOW|RSI_LOW|RS_WEAK|VOL_LOW|ATR_LOW|BELOW_MA20,,,,0.7,-2.23,PENDING
2026-04-29,DIG,14.7,ð§² BOTTOM,BOTTOM,WAIT,70,92.0,A+,CHá» PULLBACK,53.85,3.89,0.34,2.8,-6.08,1.5,16.74,3.3,2.58,PASS,CACHE,2026-05-01 14:40:03,8.88,UPTREND,UPTREND|BOTTOM|WAIT|RSI_MID|RS_WEAK|VOL_STRONG|ATR_LOW|ABOVE_MA20,,,,1.36,-4.08,LOSS_SL
2026-04-29,TCB,33.85,ð MOMENTUM WATCH,MOMENTUM_WATCH,WAIT,70,89.0,A,CHá» PULLBACK,76.58,2.58,6.28,9.9,1.03,1.12,45.85,2.38,5.81,PASS,CACHE,2026-05-01 14:40:03,8.88,UPTREND,UPTREND|MOMENTUM_WATCH|WAIT|RSI_HIGH|RS_OK|VOL_OK|ATR_LOW|ABOVE_MA20,,,,2.22,-1.03,PENDING
2026-04-29,VHC,61.2,ð MOMENTUM WATCH,MOMENTUM_WATCH,WATCHLIST,65,86.0,A,THEO DÃI Máº NH,57.14,-1.61,0.33,3.9,-4.97,1.22,35.58,2.14,0.81,PASS,CACHE,2026-05-01 14:40:03,8.88,UPTREND,UPTREND|MOMENTUM_WATCH|WATCHLIST|RSI_MID_HIGH|RS_WEAK|VOL_OK|ATR_LOW|ABOVE_MA20,,,,2.12,-0.98,PENDING
2026-04-29,ABB,14.9,ð MOMENTUM WATCH,MOMENTUM_WATCH,WATCHLIST,65,86.0,A,THEO DÃI Máº NH,61.54,0.0,2.76,1.36,-7.52,1.42,54.69,1.92,1.15,PASS,CACHE,2026-05-01 14:40:03,8.88,UPTREND,UPTREND|MOMENTUM_WATCH|WATCHLIST|RSI_MID_HIGH|RS_WEAK|VOL_OK|ATR_LOW|ABOVE_MA20,,,,1.34,-0.67,PENDING
2026-04-29,VPB,26.5,ð§² BOTTOM,BOTTOM,BUY NOW,80,83.0,A,MUA THÄM DÃ,41.89,-3.81,-3.11,-1.12,-10.0,1.29,28.57,2.35,-2.02,PASS,CACHE,2026-05-01 14:40:03,8.88,UPTREND,UPTREND|BOTTOM|BUY NOW|RSI_LOW|RS_BAD|VOL_OK|ATR_LOW|BELOW_MA20,,,,1.89,0.0,PENDING
2026-04-29,FPT,75.5,ð§² BOTTOM,BOTTOM,BUY NOW,75,80.0,A,MUA THÄM DÃ,39.23,1.21,0.53,0.27,-8.61,1.1,11.91,2.42,0.08,PASS,CACHE,2026-05-01 14:40:03,8.88,UPTREND,UPTREND|BOTTOM|BUY NOW|RSI_LOW|RS_BAD|VOL_OK|ATR_LOW|ABOVE_MA20,,,,0.0,-2.78,PENDING
2026-04-29,ELC,17.6,ð§² BOTTOM,BOTTOM,SKIP,90,78.0,B+,THEO DÃI,44.29,-1.4,-2.49,-4.09,-12.96,1.28,25.27,2.5,-1.63,FAIL,CACHE,2026-05-01 14:40:03,8.88,UPTREND,UPTREND|BOTTOM|SKIP|RSI_LOW|RS_BAD|VOL_OK|ATR_LOW|BELOW_MA20,,,,0.0,-2.56,PENDING
2026-04-29,VCB,59.8,ð§² BOTTOM,BOTTOM,BUY NOW,75,74.0,B+,CHá» XÃC NHáº¬N,52.0,0.67,-0.17,1.36,-7.52,0.81,50.89,2.2,0.46,PASS,CACHE,2026-05-01 14:40:03,8.88,UPTREND,UPTREND|BOTTOM|BUY NOW|RSI_MID|RS_WEAK|VOL_LOW|ATR_LOW|ABOVE_MA20,,,,1.17,-0.5,PENDING
2026-04-29,DPM,26.5,ð§² BOTTOM,BOTTOM,SKIP,90,71.0,B+,THEO DÃI,34.37,-5.36,-6.53,-8.3,-17.18,1.16,31.81,3.69,-5.55,FAIL,CACHE,2026-05-01 14:40:03,8.88,UPTREND,UPTREND|BOTTOM|SKIP|RSI_LOW|RS_BAD|VOL_OK|ATR_LOW|BELOW_MA20,,,,1.13,-3.77,LOSS_SL
2026-04-29,VIC,214.0,ð MOMENTUM,MOMENTUM,WAIT,75,71.0,B+,THEO DÃI,83.96,3.28,20.9,51.77,42.9,1.31,81.1,5.68,19.82,PASS,CACHE,2026-05-01 14:40:03,8.88,UPTREND,UPTREND|MOMENTUM|WAIT|RSI_HIGH|RS_STRONG|VOL_OK|ATR_LOW|FAR_MA20,,,,6.45,-0.09,WIN_TP
2026-04-29,DCM,42.7,ð§² BOTTOM,BOTTOM,SKIP,90,69.0,B,THEO DÃI,41.22,-4.79,-3.94,-5.74,-14.62,0.98,16.11,4.59,-3.74,FAIL,CACHE,2026-05-01 14:40:03,8.88,UPTREND,UPTREND|BOTTOM|SKIP|RSI_LOW|RS_BAD|VOL_LOW|ATR_LOW|BELOW_MA20,,,,0.59,-5.5,LOSS_SL
2026-04-29,ANV,23.9,ð§² BOTTOM,BOTTOM,BUY NOW,80,66.0,B,CHá» XÃC NHáº¬N,37.5,-4.02,-2.25,0.21,-8.67,0.85,26.71,2.81,-1.98,PASS,CACHE,2026-05-01 14:40:03,8.88,UPTREND,UPTREND|BOTTOM|BUY NOW|RSI_LOW|RS_BAD|VOL_LOW|ATR_LOW|BELOW_MA20,,,,2.09,-1.67,PENDING
2026-04-29,BID,40.1,ð§² BOTTOM,BOTTOM,BUY NOW,80,66.0,B,CHá» XÃC NHáº¬N,44.32,-0.37,-0.5,-0.37,-9.25,0.89,51.1,2.16,-0.47,PASS,CACHE,2026-05-01 14:40:03,8.88,UPTREND,UPTREND|BOTTOM|BUY NOW|RSI_LOW|RS_BAD|VOL_LOW|ATR_LOW|BELOW_MA20,,,,0.62,-1.0,PENDING
2026-04-29,SRC,52.5,ð§² BOTTOM,BOTTOM,SKIP,80,62.0,B,THEO DÃI,47.93,-2.23,-1.32,-7.41,-16.28,2.83,29.99,4.03,-1.19,FAIL,CACHE,2026-05-01 14:40:03,8.88,UPTREND,UPTREND|BOTTOM|SKIP|RSI_MID|RS_BAD|VOL_STRONG|ATR_LOW|BELOW_MA20,,,,0.0,-0.95,PENDING
2026-04-29,VTO,12.0,ð BOTTOM WATCH,BOTTOM_WATCH,WATCHLIST,60,62.0,B,THEO DÃI,65.0,0.42,2.13,2.56,-6.31,1.2,33.26,1.67,1.48,PASS,CACHE,2026-05-01 14:40:03,8.88,UPTREND,UPTREND|BOTTOM_WATCH|WATCHLIST|RSI_MID_HIGH|RS_WEAK|VOL_OK|ATR_LOW|ABOVE_MA20,,,,1.25,-0.83,PENDING
2026-04-29,DGC,53.6,ð§² BOTTOM,BOTTOM,SKIP,75,61.0,B,THEO DÃI,52.0,-2.19,-1.83,6.14,-2.74,0.42,10.61,3.72,-0.98,FAIL,CACHE,2026-05-01 14:40:03,8.88,UPTREND,UPTREND|BOTTOM|SKIP|RSI_MID|RS_WEAK|VOL_LOW|ATR_LOW|BELOW_MA20,,,,0.75,-2.05,PENDING
2026-04-29,SCR,6.05,ð§² BOTTOM,BOTTOM,SKIP,90,59.0,C,THEO DÃI,30.77,-1.31,-5.32,-4.42,-13.3,1.03,25.45,2.17,-1.91,FAIL,CACHE,2026-05-01 14:40:03,8.88,UPTREND,UPTREND|BOTTOM|SKIP|RSI_LOW|RS_BAD|VOL_OK|ATR_LOW|BELOW_MA20,,,,0.66,-1.32,PENDING
2026-04-29,BMP,145.6,ð MOMENTUM WATCH,MOMENTUM_WATCH,SKIP,65,54.0,C,THEO DÃI,69.1,-2.93,1.96,10.72,1.85,0.47,55.23,3.64,3.69,FAIL,CACHE,2026-05-01 14:40:03,8.88,UPTREND,UPTREND|MOMENTUM_WATCH|SKIP|RSI_MID_HIGH|RS_OK|VOL_LOW|ATR_LOW|ABOVE_MA20,,,,0.96,-0.55,PENDING
2026-04-29,SKG,9.55,ð BOTTOM WATCH,BOTTOM_WATCH,WATCHLIST,60,53.0,C,THEO DÃI,71.43,1.6,2.8,3.58,-5.3,0.9,10.68,1.8,2.1,PASS,CACHE,2026-05-01 14:40:03,8.88,UPTREND,UPTREND|BOTTOM_WATCH|WATCHLIST|RSI_MID_HIGH|RS_WEAK|VOL_LOW|ATR_LOW|ABOVE_MA20,,,,0.1,-2.62,PENDING
2026-04-29,C32,13.6,ð MOMENTUM,MOMENTUM,SKIP,80,51.0,C,THEO DÃI,95.77,21.43,29.52,29.52,20.65,2.17,49.28,3.31,22.44,FAIL,CACHE,2026-05-01 14:40:03,8.88,UPTREND,UPTREND|MOMENTUM|SKIP|RSI_HIGH|RS_STRONG|VOL_STRONG|ATR_LOW|FAR_MA20,,,,0.0,-6.99,LOSS_SL
2026-04-29,BCM,53.2,ð§² BOTTOM,BOTTOM,SKIP,80,49.0,D,Bá» QUA,37.8,-3.62,-2.56,-1.66,-10.54,0.9,23.12,2.5,-2.47,FAIL,CACHE,2026-05-01 14:40:03,8.88,UPTREND,UPTREND|BOTTOM|SKIP|RSI_LOW|RS_BAD|VOL_LOW|ATR_LOW|BELOW_MA20,,,,1.13,-0.75,PENDING
2026-04-29,DBC,22.6,ð§² BOTTOM,BOTTOM,SKIP,80,49.0,D,Bá» QUA,43.84,-1.53,-4.64,-3.0,-11.88,0.86,16.2,2.24,-1.92,FAIL,CACHE,2026-05-01 14:40:03,8.88,UPTREND,UPTREND|BOTTOM|SKIP|RSI_LOW|RS_BAD|VOL_LOW|ATR_LOW|BELOW_MA20,,,,0.44,-2.21,PENDING
2026-04-29,GAS,75.2,ð§² BOTTOM,BOTTOM,SKIP,80,49.0,D,Bá» QUA,40.24,-3.71,-5.05,-6.0,-14.88,0.94,31.94,3.41,-3.99,FAIL,CACHE,2026-05-01 14:40:03,8.88,UPTREND,UPTREND|BOTTOM|SKIP|RSI_LOW|RS_BAD|VOL_LOW|ATR_LOW|BELOW_MA20,,,,0.27,-2.93,PENDING
2026-04-29,STK,13.15,ð§² BOTTOM,BOTTOM,SKIP,80,47.0,D,Bá» QUA,34.88,-7.39,-3.31,-6.41,-15.28,2.37,22.43,2.99,-4.49,FAIL,CACHE,2026-05-01 14:40:03,8.88,UPTREND,UPTREND|BOTTOM|SKIP|RSI_LOW|RS_BAD|VOL_STRONG|ATR_LOW|BELOW_MA20,,,,4.94,-1.14,WIN_TP
2026-04-29,ACB,23.5,ð§² BOTTOM,BOTTOM,SKIP,75,46.0,D,Bá» QUA,39.39,-0.42,-1.26,-1.26,-10.14,0.91,20.56,1.29,-0.63,FAIL,CACHE,2026-05-01 14:40:03,8.88,UPTREND,UPTREND|BOTTOM|SKIP|RSI_LOW|RS_BAD|VOL_LOW|ATR_LOW|BELOW_MA20,,,,0.21,-0.85,PENDING
2026-04-29,FRT,149.0,ð§² BOTTOM,BOTTOM,SKIP,75,46.0,D,Bá» QUA,47.57,-0.6,-1.32,-5.1,-13.97,0.98,14.77,2.34,-0.69,FAIL,CACHE,2026-05-01 14:40:03,8.88,UPTREND,UPTREND|BOTTOM|SKIP|RSI_MID|RS_BAD|VOL_LOW|ATR_LOW|BELOW_MA20,,,,0.0,-2.68,PENDING
2026-04-29,CTG,34.95,ð BOTTOM WATCH,BOTTOM_WATCH,WATCHLIST,65,44.0,D,Bá» QUA,49.21,0.14,-0.29,0.58,-8.3,0.94,41.15,1.73,0.54,PASS,CACHE,2026-05-01 14:40:03,8.88,UPTREND,UPTREND|BOTTOM_WATCH|WATCHLIST|RSI_MID|RS_BAD|VOL_LOW|ATR_LOW|ABOVE_MA20,,,,0.43,-0.57,PENDING
2026-04-29,BSR,23.6,ð§² BOTTOM,BOTTOM,SKIP,80,41.0,D,Bá» QUA,41.57,-9.06,-9.75,-10.27,-19.14,0.81,24.21,4.72,-7.64,FAIL,CACHE,2026-05-01 14:40:03,8.88,UPTREND,UPTREND|BOTTOM|SKIP|RSI_LOW|RS_BAD|VOL_LOW|ATR_LOW|BELOW_MA20,,,,1.27,-1.91,PENDING
2026-04-29,CRE,7.67,ð§² BOTTOM,BOTTOM,SKIP,80,41.0,D,Bá» QUA,37.27,2.13,-1.67,-5.31,-14.19,0.73,30.57,2.9,-0.39,FAIL,CACHE,2026-05-01 14:40:03,8.88,UPTREND,UPTREND|BOTTOM|SKIP|RSI_LOW|RS_BAD|VOL_LOW|ATR_LOW|BELOW_MA20,,,,1.56,-2.09,PENDING
2026-04-29,GMD,75.3,ð MOMENTUM WATCH,MOMENTUM_WATCH,SKIP,60,39.0,D,Bá» QUA,61.33,2.45,1.35,-2.71,-11.59,0.53,17.63,2.22,2.09,FAIL,CACHE,2026-05-01 14:40:03,8.88,UPTREND,UPTREND|MOMENTUM_WATCH|SKIP|RSI_MID_HIGH|RS_BAD|VOL_LOW|ATR_LOW|ABOVE_MA20,,,,0.66,-1.06,PENDING
2026-04-29,VND,16.1,ð BOTTOM WATCH,BOTTOM_WATCH,WATCHLIST,65,32.0,D,Bá» QUA,25.81,-2.72,-4.17,-0.92,-9.8,0.94,29.61,2.44,-1.83,PASS,CACHE,2026-05-01 14:40:03,8.88,UPTREND,UPTREND|BOTTOM_WATCH|WATCHLIST|RSI_WEAK|RS_BAD|VOL_LOW|ATR_LOW|BELOW_MA20,,,,1.55,-1.24,PENDING
2026-04-29,APG,4.89,ð§² BOTTOM,BOTTOM,SKIP,70,29.0,D,Bá» QUA,36.36,-3.55,-6.68,-15.69,-24.57,0.32,35.13,2.94,-5.14,FAIL,CACHE,2026-05-01 14:40:03,8.88,UPTREND,UPTREND|BOTTOM|SKIP|RSI_LOW|RS_BAD|VOL_LOW|ATR_LOW|BELOW_MA20,,,,2.04,-2.25,PENDING
2026-04-29,TCL,34.0,ð WATCH,WATCH,SKIP,55,29.0,D,Bá» QUA,66.67,0.15,0.59,0.44,-8.43,2.24,16.34,0.68,0.54,PASS,CACHE,2026-05-01 14:40:03,8.88,UPTREND,UPTREND|WATCH|SKIP|RSI_MID_HIGH|RS_BAD|VOL_STRONG|ATR_LOW|ABOVE_MA20,,,,0.0,-0.29,PENDING
2026-04-29,VOS,12.6,ð BOTTOM WATCH,BOTTOM_WATCH,SKIP,65,26.0,D,Bá» QUA,45.45,-0.4,-1.95,-1.56,-10.44,0.83,26.62,2.58,-0.96,FAIL,CACHE,2026-05-01 14:40:03,8.88,UPTREND,UPTREND|BOTTOM_WATCH|SKIP|RSI_MID|RS_BAD|VOL_LOW|ATR_LOW|BELOW_MA20,,,,0.0,-2.78,PENDING
2026-04-29,GIL,13.5,ð BOTTOM WATCH,BOTTOM_WATCH,SKIP,65,26.0,D,Bá» QUA,40.0,-0.37,-2.53,-1.46,-10.34,0.58,41.76,2.41,-0.72,FAIL,CACHE,2026-05-01 14:40:03,8.88,UPTREND,UPTREND|BOTTOM_WATCH|SKIP|RSI_LOW|RS_BAD|VOL_LOW|ATR_LOW|BELOW_MA20,,,,0.0,-3.7,LOSS_SL
2026-04-29,VCG,22.15,ð§² BOTTOM,BOTTOM,SKIP,70,21.0,D,Bá» QUA,40.7,2.31,-1.12,-1.56,-10.43,0.54,13.5,3.05,-0.21,FAIL,CACHE,2026-05-01 14:40:03,8.88,UPTREND,UPTREND|BOTTOM|SKIP|RSI_LOW|RS_BAD|VOL_LOW|ATR_LOW|BELOW_MA20,,,,1.13,-0.68,PENDING
2026-04-29,CMG,27.8,ð§² BOTTOM,BOTTOM,SKIP,70,21.0,D,Bá» QUA,36.11,-2.28,-4.47,-4.47,-13.34,0.4,17.47,2.2,-2.54,FAIL,CACHE,2026-05-01 14:40:03,8.88,UPTREND,UPTREND|BOTTOM|SKIP|RSI_LOW|RS_BAD|VOL_LOW|ATR_LOW|BELOW_MA20,,,,0.0,-1.08,PENDING
2026-04-29,STB,67.5,ð WATCH,WATCH,SKIP,50,21.0,D,Bá» QUA,54.0,1.5,4.98,8.52,-0.36,0.77,38.62,3.32,3.74,PASS,CACHE,2026-05-01 14:40:03,8.88,UPTREND,UPTREND|WATCH|SKIP|RSI_MID|RS_WEAK|VOL_LOW|ATR_LOW|ABOVE_MA20,,,,2.07,-0.3,PENDING
2026-04-29,SGT,15.3,ð BOTTOM WATCH,BOTTOM_WATCH,SKIP,65,19.0,D,Bá» QUA,33.33,0.0,-0.33,-3.16,-12.04,0.11,44.59,2.22,-0.71,FAIL,CACHE,2026-05-01 14:40:03,8.88,UPTREND,UPTREND|BOTTOM_WATCH|SKIP|RSI_LOW|RS_BAD|VOL_LOW|ATR_LOW|BELOW_MA20,,,,0.0,-3.92,LOSS_SL
2026-04-29,BAF,36.05,ð WATCH,WATCH,SKIP,55,19.0,D,Bá» QUA,61.43,-1.64,-0.69,2.85,-6.02,0.51,50.42,1.6,0.67,FAIL,CACHE,2026-05-01 14:40:03,8.88,UPTREND,UPTREND|WATCH|SKIP|RSI_MID_HIGH|RS_WEAK|VOL_LOW|ATR_LOW|ABOVE_MA20,,,,0.69,-0.42,PENDING
2026-04-29,CSV,25.95,ð§² BOTTOM,BOTTOM,SKIP,70,17.0,D,Bá» QUA,31.58,-3.89,-6.32,-4.24,-13.12,1.04,24.72,2.41,-4.47,FAIL,CACHE,2026-05-01 14:40:03,8.88,UPTREND,UPTREND|BOTTOM|SKIP|RSI_LOW|RS_BAD|VOL_OK|ATR_LOW|BELOW_MA20,,,,0.77,-0.39,PENDING
2026-04-29,CTR,85.9,ð WATCH,WATCH,SKIP,50,16.0,D,Bá» QUA,51.14,1.06,-1.26,-0.92,-9.8,1.0,26.26,2.05,-0.08,PASS,CACHE,2026-05-01 14:40:03,8.88,UPTREND,UPTREND|WATCH|SKIP|RSI_MID|RS_BAD|VOL_OK|ATR_LOW|BELOW_MA20,,,,1.51,-1.05,PENDING
2026-04-29,HAG,16.3,ð WATCH,WATCH,SKIP,50,16.0,D,Bá» QUA,52.63,-0.61,-2.4,-0.31,-9.18,0.81,20.11,2.34,0.11,PASS,CACHE,2026-05-01 14:40:03,8.88,UPTREND,UPTREND|WATCH|SKIP|RSI_MID|RS_BAD|VOL_LOW|ATR_LOW|ABOVE_MA20,,,,0.0,-1.53,PENDING
2026-04-29,SHS,16.9,ð BOTTOM WATCH,BOTTOM_WATCH,SKIP,65,15.0,D,Bá» QUA,28.0,-2.31,-7.14,-3.43,-12.31,0.37,26.16,3.68,-3.46,FAIL,CACHE,2026-05-01 14:40:03,8.88,UPTREND,UPTREND|BOTTOM_WATCH|SKIP|RSI_WEAK|RS_BAD|VOL_LOW|ATR_LOW|BELOW_MA20,,,,0.59,-1.78,PENDING
2026-04-29,TNG,21.0,ð BOTTOM WATCH,BOTTOM_WATCH,SKIP,65,15.0,D,Bá» QUA,14.29,-4.98,-8.3,-12.86,-21.74,0.79,48.0,3.37,-6.38,FAIL,CACHE,2026-05-01 14:40:03,8.88,UPTREND,UPTREND|BOTTOM_WATCH|SKIP|RSI_WEAK|RS_BAD|VOL_LOW|ATR_LOW|BELOW_MA20,,,,0.0,-2.38,PENDING
2026-04-29,VIX,16.7,ð BOTTOM WATCH,BOTTOM_WATCH,SKIP,65,15.0,D,Bá» QUA,22.92,-2.05,-8.24,-1.76,-10.64,0.44,27.53,3.4,-2.95,FAIL,CACHE,2026-05-01 14:40:03,8.88,UPTREND,UPTREND|BOTTOM_WATCH|SKIP|RSI_WEAK|RS_BAD|VOL_LOW|ATR_LOW|BELOW_MA20,,,,0.6,-2.1,PENDING
2026-04-29,BVS,25.6,ð BOTTOM WATCH,BOTTOM_WATCH,SKIP,65,15.0,D,Bá» QUA,17.24,-2.66,-6.91,-7.58,-16.46,0.56,33.35,2.71,-3.9,FAIL,CACHE,2026-05-01 14:40:03,8.88,UPTREND,UPTREND|BOTTOM_WATCH|SKIP|RSI_WEAK|RS_BAD|VOL_LOW|ATR_LOW|BELOW_MA20,,,,0.78,-1.95,PENDING
2026-04-29,EVF,13.0,ð BOTTOM WATCH,BOTTOM_WATCH,SKIP,65,15.0,D,Bá» QUA,28.21,-4.06,-7.14,-5.8,-14.67,0.42,19.65,3.35,-4.02,FAIL,CACHE,2026-05-01 14:40:03,8.88,UPTREND,UPTREND|BOTTOM_WATCH|SKIP|RSI_WEAK|RS_BAD|VOL_LOW|ATR_LOW|BELOW_MA20,,,,0.77,-1.54,PENDING
2026-04-29,SSI,27.65,ð§² BOTTOM,BOTTOM,SKIP,70,14.0,D,Bá» QUA,30.36,-1.78,-3.66,-0.9,-9.77,0.55,32.02,1.96,-1.77,FAIL,CACHE,2026-05-01 14:40:03,8.88,UPTREND,UPTREND|BOTTOM|SKIP|RSI_LOW|RS_BAD|VOL_LOW|ATR_LOW|BELOW_MA20,,,,0.9,0.0,PENDING
2026-04-29,DHA,45.05,ð§² BOTTOM,BOTTOM,SKIP,70,14.0,D,Bá» QUA,33.33,-0.99,-2.7,-5.75,-14.63,0.79,11.54,1.59,-1.46,FAIL,CACHE,2026-05-01 14:40:03,8.88,UPTREND,UPTREND|BOTTOM|SKIP|RSI_LOW|RS_BAD|VOL_LOW|ATR_LOW|BELOW_MA20,,,,1.11,-0.22,PENDING
2026-04-29,VCI,26.2,ð BOTTOM WATCH,BOTTOM_WATCH,SKIP,65,12.0,D,Bá» QUA,25.0,-1.32,-5.42,-4.2,-13.08,1.06,28.31,2.48,-3.69,FAIL,CACHE,2026-05-01 14:40:03,8.88,UPTREND,UPTREND|BOTTOM_WATCH|SKIP|RSI_WEAK|RS_BAD|VOL_OK|ATR_LOW|BELOW_MA20,,,,1.15,-1.15,PENDING
2026-04-29,SSB,16.7,ð BOTTOM WATCH,BOTTOM_WATCH,SKIP,60,12.0,D,Bá» QUA,26.32,-0.6,-1.18,-1.76,-10.64,0.93,18.14,1.37,-0.86,FAIL,CACHE,2026-05-01 14:40:03,8.88,UPTREND,UPTREND|BOTTOM_WATCH|SKIP|RSI_WEAK|RS_BAD|VOL_LOW|ATR_LOW|BELOW_MA20,,,,0.0,-1.2,PENDING
2026-04-29,VSC,21.35,ð BOTTOM WATCH,BOTTOM_WATCH,SKIP,65,10.0,D,Bá» QUA,7.23,-7.38,-12.14,-11.96,-20.84,1.06,28.82,3.8,-9.46,FAIL,CACHE,2026-05-01 14:40:03,8.88,UPTREND,UPTREND|BOTTOM_WATCH|SKIP|RSI_WEAK|RS_BAD|VOL_OK|ATR_LOW|BELOW_MA20,,,,2.34,-0.23,PENDING
2026-04-29,ASM,5.63,ð BOTTOM WATCH,BOTTOM_WATCH,SKIP,65,7.0,D,Bá» QUA,26.79,-0.35,-4.41,-1.57,-10.45,0.64,25.16,2.06,-1.66,FAIL,CACHE,2026-05-01 14:40:03,8.88,UPTREND,UPTREND|BOTTOM_WATCH|SKIP|RSI_WEAK|RS_BAD|VOL_LOW|ATR_LOW|BELOW_MA20,,,,0.71,-0.71,PENDING
2026-04-29,CTS,26.1,ð BOTTOM WATCH,BOTTOM_WATCH,SKIP,65,7.0,D,Bá» QUA,24.39,-1.88,-6.12,-7.12,-15.99,0.56,34.33,2.56,-4.19,FAIL,CACHE,2026-05-01 14:40:03,8.88,UPTREND,UPTREND|BOTTOM_WATCH|SKIP|RSI_WEAK|RS_BAD|VOL_LOW|ATR_LOW|BELOW_MA20,,,,0.77,-1.34,PENDING
2026-04-29,VNM,60.9,ð BOTTOM WATCH,BOTTOM_WATCH,SKIP,55,6.0,D,Bá» QUA,40.43,-1.46,-0.65,-0.65,-9.53,0.65,32.98,1.99,-0.95,FAIL,CACHE,2026-05-01 14:40:03,8.88,UPTREND,UPTREND|BOTTOM_WATCH|SKIP|RSI_LOW|RS_BAD|VOL_LOW|ATR_LOW|BELOW_MA20,,,,0.66,-0.99,PENDING
2026-04-29,HAH,55.1,ð BOTTOM WATCH,BOTTOM_WATCH,SKIP,55,6.0,D,Bá» QUA,47.87,-1.61,1.29,-2.65,-11.53,0.37,18.48,2.55,0.1,FAIL,CACHE,2026-05-01 14:40:03,8.88,UPTREND,UPTREND|BOTTOM_WATCH|SKIP|RSI_MID|RS_BAD|VOL_LOW|ATR_LOW|ABOVE_MA20,,,,0.54,-1.27,PENDING
2026-04-29,SCS,52.5,ð WATCH,WATCH,SKIP,40,6.0,D,Bá» QUA,20.59,-2.6,-3.31,-3.31,-12.19,0.6,28.07,1.36,-2.13,FAIL,CACHE,2026-05-01 14:40:03,8.88,UPTREND,UPTREND|WATCH|SKIP|RSI_WEAK|RS_BAD|VOL_LOW|ATR_LOW|BELOW_MA20,,,,0.38,-0.95,PENDING
2026-04-29,VIP,11.45,ð WATCH,WATCH,SKIP,45,1.0,D,Bá» QUA,40.0,-2.55,-2.97,-3.38,-12.25,0.45,25.07,1.81,-1.95,FAIL,CACHE,2026-05-01 14:40:03,8.88,UPTREND,UPTREND|WATCH|SKIP|RSI_LOW|RS_BAD|VOL_LOW|ATR_LOW|BELOW_MA20,,,,0.87,-0.87,PENDING
2026-04-29,DRC,12.9,ð WATCH,WATCH,SKIP,45,1.0,D,Bá» QUA,25.0,-2.27,-4.8,-4.44,-13.32,0.54,13.05,1.72,-2.71,FAIL,CACHE,2026-05-01 14:40:03,8.88,UPTREND,UPTREND|WATCH|SKIP|RSI_WEAK|RS_BAD|VOL_LOW|ATR_LOW|BELOW_MA20,,,,0.78,-0.78,PENDING
2026-04-29,EIB,21.75,ð BOTTOM WATCH,BOTTOM_WATCH,SKIP,60,0.0,D,Bá» QUA,36.51,-3.97,-4.19,-7.05,-15.93,0.74,19.41,3.0,-3.25,FAIL,CACHE,2026-05-01 14:40:03,8.88,UPTREND,UPTREND|BOTTOM_WATCH|SKIP|RSI_LOW|RS_BAD|VOL_LOW|ATR_LOW|BELOW_MA20,,,,0.69,-0.69,PENDING
2026-04-29,SHB,14.55,ð BOTTOM WATCH,BOTTOM_WATCH,SKIP,55,0.0,D,Bá» QUA,29.79,-4.28,-5.52,-3.0,-11.88,0.58,20.03,2.16,-3.02,FAIL,CACHE,2026-05-01 14:40:03,8.88,UPTREND,UPTREND|BOTTOM_WATCH|SKIP|RSI_WEAK|RS_BAD|VOL_LOW|ATR_LOW|BELOW_MA20,,,,0.34,-1.37,PENDING
2026-04-29,SZC,27.2,ð BOTTOM WATCH,BOTTOM_WATCH,SKIP,55,0.0,D,Bá» QUA,22.81,-3.89,-5.88,-6.69,-15.57,0.94,17.09,2.28,-3.93,FAIL,CACHE,2026-05-01 14:40:03,8.88,UPTREND,UPTREND|BOTTOM_WATCH|SKIP|RSI_WEAK|RS_BAD|VOL_LOW|ATR_LOW|BELOW_MA20,,,,0.37,-0.74,PENDING
2026-04-29,VGC,42.6,ð BOTTOM WATCH,BOTTOM_WATCH,SKIP,55,0.0,D,Bá» QUA,23.44,-3.95,-7.79,-8.78,-17.66,0.95,29.33,3.13,-5.4,FAIL,CACHE,2026-05-01 14:40:03,8.88,UPTREND,UPTREND|BOTTOM_WATCH|SKIP|RSI_WEAK|RS_BAD|VOL_LOW|ATR_LOW|BELOW_MA20,,,,0.94,-0.94,PENDING
2026-04-29,VPG,3.49,ð BOTTOM WATCH,BOTTOM_WATCH,SKIP,55,0.0,D,Bá» QUA,26.6,-8.16,-3.86,-17.69,-26.57,0.4,38.42,4.6,-6.72,FAIL,CACHE,2026-05-01 14:40:03,8.88,UPTREND,UPTREND|BOTTOM_WATCH|SKIP|RSI_WEAK|RS_BAD|VOL_LOW|ATR_LOW|BELOW_MA20,,,,1.72,0.0,PENDING
2026-04-29,AGR,14.5,ð BOTTOM WATCH,BOTTOM_WATCH,SKIP,55,0.0,D,Bá» QUA,25.0,-1.36,-3.01,-2.68,-11.56,0.4,29.06,1.8,-1.63,FAIL,CACHE,2026-05-01 14:40:03,8.88,UPTREND,UPTREND|BOTTOM_WATCH|SKIP|RSI_WEAK|RS_BAD|VOL_LOW|ATR_LOW|BELOW_MA20,,,,0.34,-0.69,PENDING
2026-04-29,BVB,12.4,ð BOTTOM WATCH,BOTTOM_WATCH,SKIP,55,0.0,D,Bá» QUA,50.0,-1.59,-3.88,-1.59,-10.46,0.64,47.9,3.69,-0.64,FAIL,CACHE,2026-05-01 14:40:03,8.88,UPTREND,UPTREND|BOTTOM_WATCH|SKIP|RSI_MID|RS_BAD|VOL_LOW|ATR_LOW|BELOW_MA20,,,,0.81,-1.61,PENDING
2026-04-29,CNG,23.15,ð BOTTOM WATCH,BOTTOM_WATCH,SKIP,55,0.0,D,Bá» QUA,23.21,-2.73,-5.89,-5.12,-14.0,0.5,18.84,3.3,-3.68,FAIL,CACHE,2026-05-01 14:40:03,8.88,UPTREND,UPTREND|BOTTOM_WATCH|SKIP|RSI_WEAK|RS_BAD|VOL_LOW|ATR_LOW|BELOW_MA20,,,,1.08,-4.97,LOSS_SL
2026-04-29,DGW,43.45,ð BOTTOM WATCH,BOTTOM_WATCH,SKIP,55,0.0,D,Bá» QUA,29.01,-4.71,-2.69,-5.54,-14.42,0.51,20.94,3.31,-3.14,FAIL,CACHE,2026-05-01 14:40:03,8.88,UPTREND,UPTREND|BOTTOM_WATCH|SKIP|RSI_WEAK|RS_BAD|VOL_LOW|ATR_LOW|BELOW_MA20,,,,0.58,-1.96,PENDING
2026-04-29,FCN,13.15,ð BOTTOM WATCH,BOTTOM_WATCH,SKIP,55,0.0,D,Bá» QUA,20.0,-0.38,-4.71,0.38,-8.5,0.51,33.77,3.07,-1.99,FAIL,CACHE,2026-05-01 14:40:03,8.88,UPTREND,UPTREND|BOTTOM_WATCH|SKIP|RSI_WEAK|RS_BAD|VOL_LOW|ATR_LOW|BELOW_MA20,,,,0.76,-0.76,PENDING
2026-04-29,FTS,26.05,ð BOTTOM WATCH,BOTTOM_WATCH,SKIP,55,0.0,D,Bá» QUA,10.17,-2.43,-6.13,-4.75,-13.63,0.56,42.8,3.06,-4.85,FAIL,CACHE,2026-05-01 14:40:03,8.88,UPTREND,UPTREND|BOTTOM_WATCH|SKIP|RSI_WEAK|RS_BAD|VOL_LOW|ATR_LOW|BELOW_MA20,,,,1.15,-1.34,PENDING
2026-04-29,TPB,16.25,ð WATCH,WATCH,SKIP,40,0.0,D,Bá» QUA,50.0,-0.31,-0.91,-0.61,-9.49,0.6,28.62,1.78,0.11,FAIL,CACHE,2026-05-01 14:40:03,8.88,UPTREND,UPTREND|WATCH|SKIP|RSI_MID|RS_BAD|VOL_LOW|ATR_LOW|ABOVE_MA20,,,,0.92,-0.62,PENDING
2026-04-29,VIB,16.3,ð WATCH,WATCH,SKIP,40,0.0,D,Bá» QUA,50.9,-0.61,-0.91,-0.06,-8.94,0.78,29.79,1.92,-0.12,PASS,CACHE,2026-05-01 14:40:03,8.88,UPTREND,UPTREND|WATCH|SKIP|RSI_MID|RS_BAD|VOL_LOW|ATR_LOW|BELOW_MA20,,,,1.53,0.0,PENDING
2026-04-28,HBC,5.0,ð BOTTOM WATCH,BOTTOM_WATCH,SKIP,55,0.0,D,Bá» QUA,50.0,-1.96,0.0,-1.96,-10.84,0.62,36.43,3.57,-1.57,FAIL,CACHE,2026-05-01 14:40:03,8.88,UPTREND,UPTREND|BOTTOM_WATCH|SKIP|RSI_MID|RS_BAD|VOL_LOW|ATR_LOW|BELOW_MA20,,,,2.0,0.0,PENDING
2026-04-28,HCM,26.5,ð MOMENTUM WATCH,MOMENTUM_WATCH,SKIP,65,66.0,B,THEO DÃI,68.29,-5.19,2.32,18.83,9.96,0.36,81.09,4.1,3.38,FAIL,CACHE,2026-05-01 14:40:03,8.88,UPTREND,UPTREND|MOMENTUM_WATCH|SKIP|RSI_MID_HIGH|RS_STRONG|VOL_LOW|ATR_LOW|ABOVE_MA20,,,,2.26,-2.64,PENDING
2026-04-28,HDB,26.65,ð WATCH,WATCH,SKIP,55,19.0,D,Bá» QUA,67.82,-0.93,2.9,5.75,-3.12,0.58,39.0,2.06,2.02,FAIL,CACHE,2026-05-01 14:40:03,8.88,UPTREND,UPTREND|WATCH|SKIP|RSI_MID_HIGH|RS_WEAK|VOL_LOW|ATR_LOW|ABOVE_MA20,,,,1.13,-0.19,PENDING
2026-04-28,HDG,25.7,ð§² BOTTOM,BOTTOM,SKIP,70,12.0,D,Bá» QUA,32.79,-9.19,-9.03,-12.29,-21.16,0.91,21.52,3.06,-8.48,FAIL,CACHE,2026-05-01 14:40:03,8.88,UPTREND,UPTREND|BOTTOM|SKIP|RSI_LOW|RS_BAD|VOL_LOW|ATR_LOW|BELOW_MA20,,,,3.89,-0.19,PENDING
2026-04-28,HHS,13.45,ð BOTTOM WATCH,BOTTOM_WATCH,SKIP,65,13.0,D,Bá» QUA,58.21,-0.37,-3.58,-0.74,-9.62,0.66,27.27,4.67,-0.28,FAIL,CACHE,2026-05-01 14:40:03,8.88,UPTREND,UPTREND|BOTTOM_WATCH|SKIP|RSI_MID_HIGH|RS_BAD|VOL_LOW|ATR_LOW|BELOW_MA20,,,,1.12,-3.35,LOSS_SL
2026-04-28,HHV,12.55,ð BOTTOM WATCH,BOTTOM_WATCH,SKIP,65,23.0,D,Bá» QUA,64.15,-1.57,-2.71,3.72,-5.16,0.36,34.86,3.76,0.32,FAIL,CACHE,2026-05-01 14:40:03,8.88,UPTREND,UPTREND|BOTTOM_WATCH|SKIP|RSI_MID_HIGH|RS_WEAK|VOL_LOW|ATR_LOW|ABOVE_MA20,,,,2.39,-0.4,PENDING
2026-04-28,HNG,7.1,ð MOMENTUM,MOMENTUM,SKIP,85,84.0,A,THEO DÃI,91.67,7.58,12.7,16.39,7.52,2.47,34.7,3.82,10.68,FAIL,CACHE,2026-05-01 14:40:03,8.88,UPTREND,UPTREND|MOMENTUM|SKIP|RSI_HIGH|RS_OK|VOL_STRONG|ATR_LOW|ABOVE_MA20,,,,2.82,-2.82,PENDING
2026-04-28,HPG,27.75,ð BOTTOM WATCH,BOTTOM_WATCH,SKIP,65,23.0,D,Bá» QUA,59.79,-2.46,-0.18,3.16,-5.72,0.3,45.68,2.38,0.01,FAIL,CACHE,2026-05-01 14:40:03,8.88,UPTREND,UPTREND|BOTTOM_WATCH|SKIP|RSI_MID_HIGH|RS_WEAK|VOL_LOW|ATR_LOW|ABOVE_MA20,,,,0.9,-0.18,PENDING
2026-04-28,HSG,16.0,ð MOMENTUM WATCH,MOMENTUM_WATCH,WATCHLIST,65,79.0,B+,THEO DÃI Máº NH,70.42,-1.23,4.23,7.02,-1.85,0.7,34.48,3.1,3.16,PASS,CACHE,2026-05-01 14:40:03,8.88,UPTREND,UPTREND|MOMENTUM_WATCH|WATCHLIST|RSI_MID_HIGH|RS_WEAK|VOL_LOW|ATR_LOW|ABOVE_MA20,,,,1.56,-1.25,PENDING
2026-04-28,IDC,45.2,ð§² BOTTOM,BOTTOM,SKIP,70,21.0,D,Bá» QUA,39.29,-6.42,-6.22,-7.38,-16.25,0.59,15.0,3.43,-4.98,FAIL,CACHE,2026-05-01 14:40:03,8.88,UPTREND,UPTREND|BOTTOM|SKIP|RSI_LOW|RS_BAD|VOL_LOW|ATR_LOW|BELOW_MA20,,,,1.55,-1.77,PENDING
2026-04-28,IDI,6.44,ð§² BOTTOM,BOTTOM,SKIP,80,62.0,B,THEO DÃI,39.74,-3.16,-3.59,-5.99,-14.86,2.09,13.99,2.21,-3.23,FAIL,CACHE,2026-05-01 14:40:03,8.88,UPTREND,UPTREND|BOTTOM|SKIP|RSI_LOW|RS_BAD|VOL_STRONG|ATR_LOW|BELOW_MA20,,,,1.86,-0.62,PENDING
2026-04-28,IJC,10.05,ð BOTTOM WATCH,BOTTOM_WATCH,SKIP,55,0.0,D,Bá» QUA,51.35,-3.83,-4.74,-1.47,-10.35,0.3,27.23,2.91,-2.47,FAIL,CACHE,2026-05-01 14:40:03,8.88,UPTREND,UPTREND|BOTTOM_WATCH|SKIP|RSI_MID|RS_BAD|VOL_LOW|ATR_LOW|BELOW_MA20,,,,1.0,0.0,PENDING
2026-04-28,IVS,6.3,ð BOTTOM WATCH,BOTTOM_WATCH,SKIP,65,28.0,D,Bá» QUA,23.08,-3.08,-3.08,-8.7,-17.57,1.82,5.64,2.83,-5.83,FAIL,CACHE,2026-05-01 14:40:03,8.88,UPTREND,UPTREND|BOTTOM_WATCH|SKIP|RSI_WEAK|RS_BAD|VOL_STRONG|ATR_LOW|BELOW_MA20,,,,1.59,-3.17,LOSS_SL
2026-04-28,KBC,34.0,ð BOTTOM WATCH,BOTTOM_WATCH,SKIP,65,35.0,D,Bá» QUA,68.29,-2.86,0.0,6.92,-1.96,0.45,51.54,2.96,1.48,FAIL,CACHE,2026-05-01 14:40:03,8.88,UPTREND,UPTREND|BOTTOM_WATCH|SKIP|RSI_MID_HIGH|RS_WEAK|VOL_LOW|ATR_LOW|ABOVE_MA20,,,,2.35,-0.29,PENDING
2026-04-28,KDC,41.6,ð BOTTOM WATCH,BOTTOM_WATCH,SKIP,55,0.0,D,Bá» QUA,15.17,-13.51,-14.58,-15.1,-23.98,2.28,60.47,3.8,-13.01,FAIL,CACHE,2026-05-01 14:40:03,8.88,UPTREND,UPTREND|BOTTOM_WATCH|SKIP|RSI_WEAK|RS_BAD|VOL_STRONG|ATR_LOW|BELOW_MA20,,,,0.0,0.0,PENDING
2026-04-28,KDH,25.45,ð BOTTOM WATCH,BOTTOM_WATCH,SKIP,55,0.0,D,Bá» QUA,58.49,-2.12,-2.86,-2.3,-11.18,0.4,11.81,2.41,-1.71,FAIL,CACHE,2026-05-01 14:40:03,8.88,UPTREND,UPTREND|BOTTOM_WATCH|SKIP|RSI_MID_HIGH|RS_BAD|VOL_LOW|ATR_LOW|BELOW_MA20,,,,1.18,-0.39,PENDING
2026-04-28,KSB,15.9,ð BOTTOM WATCH,BOTTOM_WATCH,SKIP,55,1.0,D,Bá» QUA,56.9,-2.15,-3.34,-0.62,-9.5,0.37,24.08,2.79,-1.67,FAIL,CACHE,2026-05-01 14:40:03,8.88,UPTREND,UPTREND|BOTTOM_WATCH|SKIP|RSI_MID_HIGH|RS_BAD|VOL_LOW|ATR_LOW|BELOW_MA20,,,,1.57,-0.31,PENDING
2026-04-28,LAS,15.6,ð§² BOTTOM,BOTTOM,SKIP,70,22.0,D,Bá» QUA,34.48,-6.59,-9.83,-9.83,-18.7,0.59,20.03,3.71,-6.31,FAIL,CACHE,2026-05-01 14:40:03,8.88,UPTREND,UPTREND|BOTTOM|SKIP|RSI_LOW|RS_BAD|VOL_LOW|ATR_LOW|BELOW_MA20,,,,5.77,0.0,WIN_TP
2026-04-28,LCG,9.96,ð BOTTOM WATCH,BOTTOM_WATCH,SKIP,65,23.0,D,Bá» QUA,60.82,-1.39,-2.35,1.01,-7.86,0.65,25.27,3.18,-0.09,FAIL,CACHE,2026-05-01 14:40:03,8.88,UPTREND,UPTREND|BOTTOM_WATCH|SKIP|RSI_MID_HIGH|RS_WEAK|VOL_LOW|ATR_LOW|BELOW_MA20,,,,1.91,-0.1,PENDING
2026-04-28,LPB,45.6,ð§² BOTTOM,BOTTOM,SKIP,80,71.0,B+,THEO DÃI,35.37,-0.87,-4.9,8.7,-0.18,0.58,58.39,3.78,-1.25,FAIL,CACHE,2026-05-01 14:40:03,8.88,UPTREND,UPTREND|BOTTOM|SKIP|RSI_LOW|RS_WEAK|VOL_LOW|ATR_LOW|BELOW_MA20,,,,2.63,-0.99,PENDING
2026-04-28,MBB,26.0,ð BOTTOM WATCH,BOTTOM_WATCH,WATCHLIST,60,53.0,C,THEO DÃI,56.25,-1.33,-1.7,0.97,-7.91,0.8,14.6,1.62,-1.18,PASS,CACHE,2026-05-01 14:40:03,8.88,UPTREND,UPTREND|BOTTOM_WATCH|WATCHLIST|RSI_MID_HIGH|RS_WEAK|VOL_LOW|ATR_LOW|BELOW_MA20,,,,0.96,0.0,PENDING
2026-04-28,MBS,19.5,ð§² BOTTOM,BOTTOM,SKIP,80,59.0,C,THEO DÃI,42.86,-3.94,-5.34,2.74,-6.14,0.46,17.99,2.93,-3.34,FAIL,CACHE,2026-05-01 14:40:03,8.88,UPTREND,UPTREND|BOTTOM|SKIP|RSI_LOW|RS_WEAK|VOL_LOW|ATR_LOW|BELOW_MA20,,,,1.54,0.0,PENDING
2026-04-28,MSB,12.5,ð MOMENTUM WATCH,MOMENTUM_WATCH,SKIP,65,54.0,C,THEO DÃI,68.63,0.4,-2.34,10.13,1.26,0.37,69.52,2.71,2.1,FAIL,CACHE,2026-05-01 14:40:03,8.88,UPTREND,UPTREND|MOMENTUM_WATCH|SKIP|RSI_MID_HIGH|RS_OK|VOL_LOW|ATR_LOW|ABOVE_MA20,,,,1.2,0.0,PENDING
2026-04-28,MSH,37.9,ð BOTTOM WATCH,BOTTOM_WATCH,WATCHLIST,60,53.0,C,THEO DÃI,64.6,0.0,2.16,1.74,-7.13,0.93,19.09,2.33,1.55,PASS,CACHE,2026-05-01 14:40:03,8.88,UPTREND,UPTREND|BOTTOM_WATCH|WATCHLIST|RSI_MID_HIGH|RS_WEAK|VOL_LOW|ATR_LOW|ABOVE_MA20,,,,0.92,-1.06,PENDING
2026-04-28,MSN,77.4,ð BOTTOM WATCH,BOTTOM_WATCH,SKIP,65,23.0,D,Bá» QUA,61.17,-3.01,0.52,3.48,-5.4,0.61,49.65,2.52,0.01,FAIL,CACHE,2026-05-01 14:40:03,8.88,UPTREND,UPTREND|BOTTOM_WATCH|SKIP|RSI_MID_HIGH|RS_WEAK|VOL_LOW|ATR_LOW|ABOVE_MA20,,,,0.65,-0.9,PENDING
2026-04-28,MWG,85.6,ð MOMENTUM WATCH,MOMENTUM_WATCH,WATCHLIST,65,84.0,A,THEO DÃI Máº NH,66.67,-1.95,5.29,5.94,-2.94,0.83,20.63,2.64,3.78,PASS,CACHE,2026-05-01 14:40:03,8.88,UPTREND,UPTREND|MOMENTUM_WATCH|WATCHLIST|RSI_MID_HIGH|RS_WEAK|VOL_LOW|ATR_LOW|ABOVE_MA20,,,,0.35,-2.22,PENDING
2026-04-28,NBB,18.0,ð§² BOTTOM,BOTTOM,SKIP,75,46.0,D,Bá» QUA,44.44,0.0,-1.37,-2.17,-11.05,0.82,29.34,2.2,-0.85,FAIL,CACHE,2026-05-01 14:40:03,8.88,UPTREND,UPTREND|BOTTOM|SKIP|RSI_LOW|RS_BAD|VOL_LOW|ATR_LOW|BELOW_MA20,,,,0.0,-3.33,LOSS_SL
2026-04-28,NKG,14.3,ð BOTTOM WATCH,BOTTOM_WATCH,SKIP,65,23.0,D,Bá» QUA,62.71,-3.05,1.42,2.88,-6.0,0.6,37.35,3.3,0.21,FAIL,CACHE,2026-05-01 14:40:03,8.88,UPTREND,UPTREND|BOTTOM_WATCH|SKIP|RSI_MID_HIGH|RS_WEAK|VOL_LOW|ATR_LOW|ABOVE_MA20,,,,1.75,0.0,PENDING
2026-04-28,NLG,27.55,ð BOTTOM WATCH,BOTTOM_WATCH,SKIP,55,0.0,D,Bá» QUA,48.28,-3.5,-5.97,-4.17,-13.05,0.35,14.02,3.27,-3.81,FAIL,CACHE,2026-05-01 14:40:03,8.88,UPTREND,UPTREND|BOTTOM_WATCH|SKIP|RSI_MID|RS_BAD|VOL_LOW|ATR_LOW|BELOW_MA20,,,,2.18,-0.73,PENDING
2026-04-28,NT2,24.1,ð§² BOTTOM,BOTTOM,SKIP,70,32.0,D,Bá» QUA,40.83,-8.37,-9.23,-13.62,-22.5,1.67,25.48,2.96,-7.13,FAIL,CACHE,2026-05-01 14:40:03,8.88,UPTREND,UPTREND|BOTTOM|SKIP|RSI_LOW|RS_BAD|VOL_STRONG|ATR_LOW|BELOW_MA20,,,,2.9,-0.41,PENDING
2026-04-28,NTP,59.2,ð MOMENTUM WATCH,MOMENTUM_WATCH,SKIP,65,54.0,C,THEO DÃI,68.75,-2.95,3.86,7.64,-1.24,0.29,22.55,3.16,1.81,FAIL,CACHE,2026-05-01 14:40:03,8.88,UPTREND,UPTREND|MOMENTUM_WATCH|SKIP|RSI_MID_HIGH|RS_WEAK|VOL_LOW|ATR_LOW|ABOVE_MA20,,,,1.35,-0.34,PENDING
2026-04-28,OCB,11.25,ð BOTTOM WATCH,BOTTOM_WATCH,WATCHLIST,65,48.0,D,Bá» QUA,57.78,-4.26,-2.17,0.9,-7.98,0.72,32.22,2.6,-1.16,PASS,CACHE,2026-05-01 14:40:03,8.88,UPTREND,UPTREND|BOTTOM_WATCH|WATCHLIST|RSI_MID_HIGH|RS_WEAK|VOL_LOW|ATR_LOW|BELOW_MA20,,,,2.22,0.0,PENDING
2026-04-28,OIL,14.0,ð BOTTOM WATCH,BOTTOM_WATCH,SKIP,65,28.0,D,Bá» QUA,48.72,-4.76,-6.67,-11.95,-20.83,1.04,43.18,5.31,-5.15,FAIL,CACHE,2026-05-01 14:40:03,8.88,UPTREND,UPTREND|BOTTOM_WATCH|SKIP|RSI_MID|RS_BAD|VOL_OK|ATR_LOW|BELOW_MA20,,,,5.0,-0.71,WIN_TP
2026-04-28,ORS,13.15,ð§² BOTTOM,BOTTOM,SKIP,80,51.0,C,THEO DÃI,41.18,-2.95,-5.05,1.15,-7.72,0.31,16.74,3.1,-2.45,FAIL,CACHE,2026-05-01 14:40:03,8.88,UPTREND,UPTREND|BOTTOM|SKIP|RSI_LOW|RS_WEAK|VOL_LOW|ATR_LOW|BELOW_MA20,,,,1.14,-0.76,PENDING
2026-04-28,PAN,31.6,ð BOTTOM WATCH,BOTTOM_WATCH,SKIP,55,0.0,D,Bá» QUA,52.87,-2.17,-0.47,-0.47,-9.35,0.42,15.98,3.19,-0.68,FAIL,CACHE,2026-05-01 14:40:03,8.88,UPTREND,UPTREND|BOTTOM_WATCH|SKIP|RSI_MID|RS_BAD|VOL_LOW|ATR_LOW|BELOW_MA20,,,,1.9,-0.63,PENDING
2026-04-28,PC1,20.9,ð WATCH,WATCH,SKIP,45,1.0,D,Bá» QUA,23.08,-21.43,-23.58,-28.3,-37.18,0.24,22.29,4.48,-20.44,FAIL,CACHE,2026-05-01 14:40:03,8.88,UPTREND,UPTREND|WATCH|SKIP|RSI_WEAK|RS_BAD|VOL_LOW|ATR_LOW|BELOW_MA20,,,,0.0,0.0,PENDING
2026-04-28,PDR,16.2,ð BOTTOM WATCH,BOTTOM_WATCH,SKIP,65,13.0,D,Bá» QUA,62.5,0.31,-1.82,-2.41,-11.29,0.49,21.43,3.31,-0.12,FAIL,CACHE,2026-05-01 14:40:03,8.88,UPTREND,UPTREND|BOTTOM_WATCH|SKIP|RSI_MID_HIGH|RS_BAD|VOL_LOW|ATR_LOW|BELOW_MA20,,,,0.62,-1.54,PENDING
2026-04-28,PET,47.0,ð BOTTOM WATCH,BOTTOM_WATCH,SKIP,65,27.0,D,Bá» QUA,53.44,-0.42,-2.08,-0.84,-9.72,0.57,15.76,4.13,-2.4,FAIL,CACHE,2026-05-01 14:40:03,8.88,UPTREND,UPTREND|BOTTOM_WATCH|SKIP|RSI_MID|RS_BAD|VOL_LOW|ATR_LOW|BELOW_MA20,,,,2.77,-2.13,PENDING
2026-04-28,PHP,36.4,ð MOMENTUM,MOMENTUM,SKIP,75,57.0,C,THEO DÃI,73.68,1.68,9.97,10.3,1.43,0.63,33.53,3.14,5.84,FAIL,CACHE,2026-05-01 14:40:03,8.88,UPTREND,UPTREND|MOMENTUM|SKIP|RSI_MID_HIGH|RS_OK|VOL_LOW|ATR_LOW|ABOVE_MA20,,,,2.75,0.0,PENDING
2026-04-28,PLX,36.95,ð§² BOTTOM,BOTTOM,SKIP,70,32.0,D,Bá» QUA,43.04,-6.34,-9.21,-10.75,-19.63,1.92,16.9,4.01,-6.9,FAIL,CACHE,2026-05-01 14:40:03,8.88,UPTREND,UPTREND|BOTTOM|SKIP|RSI_LOW|RS_BAD|VOL_STRONG|ATR_LOW|BELOW_MA20,,,,6.09,0.0,WIN_TP
2026-04-28,PNJ,67.0,ð BOTTOM WATCH,BOTTOM_WATCH,SKIP,55,6.0,D,Bá» QUA,50.8,-12.57,-8.59,-6.91,-15.78,1.42,16.73,4.13,-7.09,FAIL,CACHE,2026-05-01 14:40:03,8.88,UPTREND,UPTREND|BOTTOM_WATCH|SKIP|RSI_MID|RS_BAD|VOL_OK|ATR_LOW|BELOW_MA20,,,,4.63,-0.15,WIN_TP
2026-04-28,POW,12.65,ð BOTTOM WATCH,BOTTOM_WATCH,SKIP,55,0.0,D,Bá» QUA,54.05,-3.8,-3.44,-3.07,-11.94,0.68,14.38,2.43,-2.24,FAIL,CACHE,2026-05-01 14:40:03,8.88,UPTREND,UPTREND|BOTTOM_WATCH|SKIP|RSI_MID|RS_BAD|VOL_LOW|ATR_LOW|BELOW_MA20,,,,1.58,-0.79,PENDING
2026-04-28,PVD,30.5,ð§² BOTTOM,BOTTOM,SKIP,80,62.0,B,THEO DÃI,38.26,-7.15,-10.56,-15.75,-24.62,1.51,30.78,4.12,-7.39,FAIL,CACHE,2026-05-01 14:40:03,8.88,UPTREND,UPTREND|BOTTOM|SKIP|RSI_LOW|RS_BAD|VOL_STRONG|ATR_LOW|BELOW_MA20,,,,3.11,-3.28,LOSS_SL
2026-04-28,PVS,36.2,ð§² BOTTOM,BOTTOM,SKIP,80,45.0,D,Bá» QUA,43.88,-5.48,-7.89,-15.42,-24.3,0.97,47.79,6.02,-6.25,FAIL,CACHE,2026-05-01 14:40:03,8.88,UPTREND,UPTREND|BOTTOM|SKIP|RSI_LOW|RS_BAD|VOL_LOW|ATR_OK|BELOW_MA20,,,,6.63,0.0,WIN_TP
2026-04-28,PVT,21.55,ð BOTTOM WATCH,BOTTOM_WATCH,SKIP,65,40.0,D,Bá» QUA,53.76,0.0,-4.01,-1.37,-10.25,2.03,22.75,4.49,-1.41,FAIL,CACHE,2026-05-01 14:40:03,8.88,UPTREND,UPTREND|BOTTOM_WATCH|SKIP|RSI_MID|RS_BAD|VOL_STRONG|ATR_LOW|BELOW_MA20,,,,8.35,0.0,WIN_TP
2026-04-28,QNS,44.9,ð§² BOTTOM,BOTTOM,SKIP,90,70.0,B+,THEO DÃI,43.46,-0.66,-1.58,-1.58,-10.46,1.43,28.27,1.5,-0.87,FAIL,CACHE,2026-05-01 14:40:03,8.88,UPTREND,UPTREND|BOTTOM|SKIP|RSI_LOW|RS_BAD|VOL_OK|ATR_LOW|BELOW_MA20,,,,0.22,-1.56,PENDING
2026-04-28,REE,60.0,ð BOTTOM WATCH,BOTTOM_WATCH,SKIP,55,0.0,D,Bá» QUA,28.69,-8.12,-9.77,-14.29,-23.16,1.45,23.0,2.68,-7.68,FAIL,CACHE,2026-05-01 14:40:03,8.88,UPTREND,UPTREND|BOTTOM_WATCH|SKIP|RSI_WEAK|RS_BAD|VOL_OK|ATR_LOW|BELOW_MA20,,,,4.83,0.0,WIN_TP
2026-04-28,SAB,48.5,ð MOMENTUM,MOMENTUM,BUY NOW,100,100.0,A+,MUA Æ¯U TIÃN,70.32,6.59,6.71,9.85,0.98,2.06,35.8,2.47,6.68,PASS,CACHE,2026-05-01 14:40:03,8.88,UPTREND,UPTREND|MOMENTUM|BUY NOW|RSI_MID_HIGH|RS_OK|VOL_STRONG|ATR_LOW|ABOVE_MA20,,,,1.86,-2.89,PENDING
2026-04-28,SBT,20.5,ð BOTTOM WATCH,BOTTOM_WATCH,SKIP,65,26.0,D,Bá» QUA,39.58,-0.49,-0.49,-4.65,-13.53,0.96,46.54,1.2,-0.77,FAIL,CACHE,2026-05-01 14:40:03,8.88,UPTREND,UPTREND|BOTTOM_WATCH|SKIP|RSI_LOW|RS_BAD|VOL_LOW|ATR_LOW|BELOW_MA20,,,,0.0,-0.73,PENDING
